customer_id,tenure_months,monthly_spend,logins_last_30d,support_tickets_90d,plan_tier,nps_score,churned
0,16.0,28.3,6,1,pro,-2.5,0
1,13.5,44.44,5,1,basic,0.2,0
2,11.9,35.36,3,0,basic,34.2,0
3,16.6,25.17,11,0,basic,53.5,0
4,11.6,70.03,13,1,pro,3.9,0
5,21.3,14.54,5,0,basic,1.6,0
6,17.1,66.95,8,1,enterprise,21.8,0
7,15.7,24.73,5,0,pro,58.1,0
8,6.1,46.85,5,2,enterprise,59.1,0
9,3.9,78.85,9,0,basic,26.8,1
10,6.5,14.19,7,0,basic,36.4,0
11,17.6,25.32,10,0,basic,12.1,0
12,15.5,64.84,3,2,basic,16.9,0
13,5.2,48.08,7,2,basic,45.3,0
14,17.5,37.49,6,0,pro,2.2,0
15,9.3,45.06,9,0,pro,65.6,0
16,9.3,31.34,7,0,enterprise,37.4,0
17,26.3,47.33,8,2,basic,37.6,0
18,14.9,67.51,9,1,enterprise,28.8,0
19,16.6,39.9,3,3,pro,54.4,0
20,16.8,47.58,10,1,basic,51.4,0
21,5.1,63.23,6,0,enterprise,17.5,0
22,17.2,74.76,7,0,pro,19.7,0
23,44.7,36.88,11,0,pro,54.8,0
24,6.9,49.95,8,0,basic,5.8,0
25,22.3,37.26,12,0,basic,51.1,0
26,23.7,36.05,11,0,pro,33.5,0
27,23.5,39.65,7,0,enterprise,67.2,0
28,10.3,36.23,12,0,enterprise,12.6,0
29,11.9,20.09,10,2,basic,86.0,0
30,7.0,16.27,7,0,pro,29.3,0
31,14.2,34.79,12,0,pro,0.8,0
32,30.0,47.47,5,1,basic,20.0,0
33,9.4,63.38,7,0,basic,57.3,0
34,3.3,37.74,5,0,basic,28.3,1
35,15.1,43.07,7,0,enterprise,-4.1,0
36,23.7,55.24,8,1,pro,5.5,0
37,12.7,56.41,5,1,basic,73.9,0
38,36.1,43.85,13,0,pro,-14.8,0
39,13.2,44.75,8,0,pro,-8.7,0
40,14.8,73.05,11,1,pro,53.5,0
41,7.4,40.62,7,2,pro,43.2,0
42,12.0,38.33,10,0,basic,17.5,0
43,23.3,21.64,9,1,enterprise,28.3,0
44,23.5,51.89,8,0,pro,84.9,0
45,28.7,41.66,7,1,basic,-5.3,0
46,22.4,73.58,8,2,basic,41.6,0
47,19.6,40.61,8,0,basic,18.8,0
48,3.2,57.46,9,0,basic,73.2,0
49,8.7,59.24,9,0,basic,-23.8,0
50,49.6,69.73,8,1,basic,14.9,0
51,10.6,26.29,10,0,basic,36.6,0
52,21.3,68.52,11,0,basic,43.3,0
53,14.1,45.73,9,1,basic,6.7,0
54,21.7,44.0,8,0,pro,44.5,0
55,15.2,40.97,9,0,pro,46.2,0
56,7.7,39.73,9,1,basic,-30.1,0
57,9.0,40.48,9,0,basic,34.4,0
58,18.0,11.28,8,0,pro,38.4,1
59,10.9,53.02,15,1,pro,57.5,0
60,3.3,46.45,12,1,basic,18.5,1
61,19.8,31.57,9,0,basic,-3.1,0
62,25.8,44.59,5,1,basic,-5.5,0
63,24.6,79.25,9,0,basic,18.2,0
64,24.9,51.11,6,0,basic,37.8,0
65,5.2,39.84,8,0,basic,11.7,0
66,34.7,70.61,6,0,basic,8.1,0
67,13.5,33.85,8,0,pro,2.4,0
68,8.2,43.27,10,0,pro,35.0,1
69,11.2,37.41,8,1,pro,26.8,0
70,9.4,42.05,10,0,basic,-22.4,0
71,6.5,56.24,7,0,basic,58.2,0
72,14.5,54.03,5,0,pro,18.9,0
73,16.1,34.81,12,1,basic,40.0,0
74,13.0,43.62,10,2,pro,24.6,0
75,16.1,46.76,9,0,basic,-2.8,0
76,13.2,39.53,12,1,basic,11.5,1
77,9.3,44.97,11,1,basic,14.8,0
78,10.3,34.95,9,1,enterprise,4.3,0
79,19.5,34.74,8,2,basic,67.9,1
80,5.6,46.15,7,2,basic,4.8,0
81,10.6,30.39,8,1,basic,48.1,0
82,24.3,51.61,6,1,basic,-0.4,0
83,16.7,42.66,9,0,enterprise,33.1,0
84,20.9,32.01,4,2,basic,39.1,0
85,14.6,36.53,9,2,basic,53.3,0
86,6.8,38.49,8,0,basic,30.0,0
87,11.5,43.14,7,1,pro,23.6,0
88,15.7,47.14,7,1,pro,66.6,0
89,11.5,42.43,7,0,pro,43.8,0
90,13.2,32.79,4,2,basic,13.4,1
91,16.2,66.38,8,0,enterprise,28.3,0
92,23.6,58.68,11,0,basic,23.6,0
93,11.1,47.08,10,1,basic,45.4,0
94,27.2,59.35,6,0,pro,73.4,0
95,14.7,50.24,6,3,basic,9.3,1
96,24.9,41.69,10,1,basic,59.9,1
97,26.8,46.7,9,1,basic,36.2,0
98,35.9,84.32,5,1,basic,33.7,0
99,26.0,59.93,11,0,pro,27.9,0
100,26.2,60.65,6,1,pro,53.3,0
101,35.4,39.7,8,0,basic,25.4,0
102,4.5,54.2,8,0,basic,-8.7,0
103,8.0,78.36,8,0,basic,41.0,0
104,25.7,51.67,8,1,pro,10.6,0
105,3.0,61.08,9,0,pro,63.1,0
106,16.4,63.77,5,2,pro,2.9,0
107,16.4,54.82,4,1,pro,44.7,0
108,5.3,68.39,6,0,pro,11.5,0
109,8.2,48.8,11,1,basic,-0.8,0
110,21.5,52.68,10,0,pro,72.9,0
111,20.3,36.3,9,1,pro,48.7,0
112,10.4,83.85,10,0,basic,22.4,0
113,8.8,49.87,7,1,pro,14.1,0
114,9.5,47.05,11,1,basic,-12.6,1
115,19.6,65.65,6,1,pro,35.7,0
116,5.9,38.35,8,1,basic,-1.3,0
117,15.1,45.36,8,0,basic,-23.7,0
118,5.6,34.06,4,1,pro,27.0,0
119,24.4,45.75,7,0,pro,-6.2,0
120,16.8,39.78,8,2,basic,13.0,1
121,30.2,53.31,7,1,pro,33.8,0
122,2.7,43.58,12,1,basic,41.7,0
123,3.4,36.73,12,0,pro,5.5,0
124,10.2,41.15,8,1,enterprise,34.0,0
125,32.9,43.69,10,1,pro,46.4,0
126,7.0,37.98,10,1,pro,-17.5,0
127,29.8,59.03,5,2,pro,11.9,0
128,16.5,55.18,4,0,basic,70.1,0
129,16.4,47.53,7,0,enterprise,32.7,0
130,22.0,28.14,8,0,basic,60.8,0
131,7.8,52.92,10,0,basic,37.1,0
132,10.2,26.86,7,0,basic,69.5,0
133,6.5,48.1,11,0,basic,4.4,0
134,15.9,46.1,9,0,basic,18.1,0
135,39.5,36.86,14,1,pro,52.8,0
136,11.9,33.37,10,2,pro,18.3,0
137,20.0,35.32,14,1,enterprise,11.5,0
138,18.6,75.19,12,0,basic,32.2,1
139,16.8,41.56,5,1,basic,51.7,0
140,13.5,42.41,4,1,basic,24.2,0
141,30.7,59.31,8,0,pro,62.5,0
142,15.9,51.48,7,1,basic,-0.7,0
143,11.2,60.73,6,0,basic,-20.9,0
144,27.4,27.62,7,1,basic,51.5,0
145,23.5,29.63,10,2,basic,-38.1,0
146,18.2,93.65,7,0,pro,40.7,0
147,14.1,44.79,9,0,basic,71.2,0
148,35.9,41.21,6,0,pro,51.8,0
149,15.4,47.74,9,1,basic,80.4,0
150,10.5,59.76,7,0,basic,-21.6,0
151,21.5,28.18,4,1,basic,11.3,1
152,12.8,49.5,8,0,pro,65.9,0
153,15.4,44.99,7,2,basic,10.8,1
154,12.5,55.14,12,0,basic,17.2,0
155,13.9,47.91,9,0,pro,32.4,0
156,4.9,37.71,9,1,enterprise,8.3,0
157,9.0,32.86,11,0,basic,50.0,0
158,9.6,10.16,12,0,basic,46.6,0
159,13.1,59.56,4,0,basic,47.1,0
160,17.9,24.15,8,1,basic,34.5,0
161,8.1,39.56,11,0,basic,20.3,0
162,45.0,69.44,9,1,pro,32.0,0
163,14.1,39.35,6,1,basic,9.6,0
164,19.3,54.24,9,0,pro,36.3,0
165,7.4,42.35,5,0,enterprise,70.5,0
166,8.7,55.49,7,0,basic,90.4,0
167,36.1,45.82,10,1,enterprise,45.0,0
168,22.1,38.04,7,0,basic,82.9,0
169,14.1,64.9,8,1,basic,26.7,0
170,6.1,41.55,7,0,pro,53.5,0
171,35.3,26.06,8,2,basic,-12.3,0
172,8.4,40.65,6,0,basic,69.3,0
173,11.6,53.17,12,0,basic,-2.9,0
174,14.1,29.32,10,0,enterprise,10.0,0
175,19.1,56.74,10,0,basic,65.0,0
176,15.6,56.44,4,1,basic,62.2,0
177,15.2,76.01,8,1,basic,28.4,0
178,42.2,36.13,6,0,basic,61.5,0
179,16.6,54.93,3,1,basic,6.7,0
180,20.1,21.3,10,0,basic,70.0,0
181,5.8,39.35,7,0,basic,25.6,0
182,24.0,46.9,9,1,basic,11.6,0
183,4.4,51.26,5,2,basic,82.1,0
184,10.2,44.59,7,0,pro,40.8,0
185,49.9,44.08,10,0,pro,63.3,0
186,9.5,36.55,9,0,pro,19.1,0
187,15.5,38.97,6,0,pro,35.4,0
188,7.2,49.79,4,0,pro,6.3,1
189,7.2,53.44,8,1,basic,64.7,0
190,28.8,54.61,7,1,basic,62.3,0
191,11.8,59.73,10,0,pro,52.7,0
192,14.7,62.51,13,0,enterprise,50.5,0
193,12.9,19.43,12,0,basic,-24.4,0
194,5.6,37.86,10,1,basic,54.8,0
195,14.2,43.06,8,0,enterprise,54.8,0
196,28.0,36.11,11,1,pro,27.4,0
197,9.5,60.46,5,2,pro,43.0,0
198,20.2,56.16,10,0,pro,17.5,0
199,28.4,43.84,15,0,basic,50.4,0
200,6.8,47.13,4,1,basic,45.5,0
201,25.3,63.58,6,0,pro,25.7,0
202,3.7,40.38,7,0,enterprise,44.7,0
203,22.6,40.86,8,0,pro,45.8,0
204,12.5,58.43,9,1,basic,36.5,0
205,7.3,52.14,8,1,basic,55.1,0
206,14.3,65.81,10,0,pro,49.0,0
207,10.5,50.7,6,0,enterprise,42.7,0
208,4.6,56.16,10,0,pro,20.7,0
209,27.7,37.55,12,1,basic,28.6,0
210,29.0,31.87,16,0,pro,53.5,0
211,7.8,45.25,4,0,pro,59.5,0
212,11.9,9.0,12,0,pro,-2.3,0
213,11.3,51.26,11,1,basic,49.9,0
214,13.2,59.35,8,0,pro,29.3,0
215,6.4,46.48,9,1,basic,28.7,0
216,26.3,42.22,5,1,basic,11.5,0
217,16.0,61.02,10,0,basic,18.8,0
218,8.2,44.78,6,0,basic,13.3,0
219,11.4,59.48,13,1,basic,-2.7,0
220,9.5,76.9,7,1,basic,18.7,0
221,13.9,55.79,11,0,pro,13.1,0
222,22.5,58.87,7,1,enterprise,5.7,0
223,22.7,52.48,9,0,basic,60.9,0
224,7.5,49.0,5,1,basic,29.2,1
225,16.5,49.35,7,0,basic,12.3,0
226,8.7,46.36,5,1,basic,12.0,0
227,4.4,60.96,7,0,pro,45.5,0
228,7.6,22.23,7,1,pro,35.3,0
229,15.4,41.56,11,0,basic,20.3,0
230,5.2,54.83,10,0,basic,43.4,0
231,9.8,33.29,5,1,basic,31.6,0
232,20.0,43.89,9,2,basic,48.3,0
233,9.9,35.43,8,0,basic,74.5,0
234,9.7,51.72,12,1,basic,45.3,1
235,8.2,57.79,8,2,basic,28.2,0
236,3.9,66.25,5,1,basic,62.6,0
237,13.1,52.6,10,1,basic,22.8,0
238,15.7,35.09,8,2,basic,44.3,0
239,16.5,49.01,13,1,basic,20.2,0
240,7.8,53.56,14,0,basic,52.9,0
241,8.0,65.63,12,0,basic,69.0,0
242,24.5,14.64,14,0,pro,25.3,0
243,8.3,50.72,10,0,basic,16.2,0
244,12.8,19.19,9,1,basic,37.5,1
245,1.2,55.65,9,2,basic,25.3,0
246,7.6,51.78,9,0,pro,21.5,0
247,7.6,52.56,10,0,basic,5.4,0
248,5.3,58.09,9,1,basic,35.7,0
249,33.8,50.92,7,1,basic,68.0,0
250,12.4,36.13,12,1,basic,13.0,0
251,3.7,50.43,8,0,basic,45.3,0
252,15.7,62.6,12,0,basic,71.7,0
253,15.1,43.73,5,2,basic,-5.3,0
254,15.4,45.8,12,1,basic,37.4,0
255,32.3,28.02,3,0,basic,8.1,0
256,14.7,62.02,7,0,basic,43.8,0
257,15.4,38.17,9,0,basic,52.1,0
258,9.8,34.76,10,1,enterprise,32.8,0
259,7.8,38.99,5,1,basic,22.8,0
260,15.0,33.06,10,0,basic,17.2,0
261,14.3,41.8,12,1,pro,26.5,0
262,8.4,63.67,6,0,basic,32.7,0
263,11.2,56.76,6,1,pro,78.2,0
264,16.0,65.81,5,1,pro,54.2,0
265,16.7,66.69,16,1,basic,40.8,0
266,10.7,32.57,9,0,basic,53.8,0
267,3.1,52.28,3,2,basic,54.2,0
268,17.5,66.87,6,1,enterprise,75.7,0
269,12.2,78.29,8,2,basic,32.1,0
270,8.2,25.13,9,0,pro,17.9,0
271,11.2,24.99,14,3,pro,41.4,0
272,6.9,52.1,12,1,pro,-1.1,0
273,17.4,40.59,10,0,basic,28.4,0
274,12.1,31.15,9,0,basic,-2.5,0
275,4.6,50.84,7,1,basic,-18.1,1
276,18.5,34.1,4,2,basic,50.8,0
277,20.1,12.89,10,0,basic,30.0,0
278,13.6,45.04,10,0,basic,43.4,0
279,20.6,47.16,3,0,enterprise,31.6,0
280,5.3,54.49,7,0,basic,43.3,0
281,30.4,58.83,8,1,basic,57.0,0
282,18.4,47.98,4,1,basic,48.3,0
283,27.1,41.98,17,0,pro,27.0,0
284,5.4,35.82,11,0,basic,45.0,0
285,10.6,21.77,9,2,basic,14.8,1
286,12.6,39.08,11,1,basic,19.1,0
287,40.0,59.63,5,2,pro,45.6,0
288,15.0,54.67,5,1,basic,46.1,0
289,6.6,74.72,13,0,basic,-12.9,0
290,20.5,43.16,6,0,enterprise,3.6,0
291,17.1,19.79,8,1,basic,48.2,0
292,9.6,57.18,4,1,pro,19.3,0
293,24.3,60.19,4,2,basic,20.7,0
294,29.0,28.6,6,0,basic,40.8,0
295,13.2,22.22,4,0,basic,39.9,0
296,8.0,47.51,9,0,basic,24.8,1
297,22.4,55.51,5,1,pro,6.2,0
298,19.2,29.28,11,0,basic,59.1,0
299,12.7,40.45,8,0,basic,39.1,0
300,8.9,34.2,12,1,basic,31.9,0
301,12.9,28.38,3,0,basic,-12.9,0
302,20.0,26.45,6,0,enterprise,44.4,0
303,15.9,47.3,6,0,basic,-41.6,0
304,1.3,39.96,12,0,basic,40.7,1
305,21.9,35.68,4,0,pro,15.1,0
306,39.1,9.0,8,0,basic,2.5,0
307,19.3,70.31,13,1,pro,24.7,0
308,25.0,31.76,7,3,basic,35.8,0
309,15.6,43.31,7,1,enterprise,13.5,0
310,43.9,28.98,15,0,pro,39.6,0
311,15.5,50.69,11,0,basic,39.1,0
312,33.1,23.65,5,1,enterprise,39.4,0
313,35.1,46.6,8,1,basic,30.2,0
314,14.2,42.55,7,1,basic,7.0,0
315,25.0,58.39,6,1,basic,16.8,0
316,5.3,29.54,5,0,basic,13.7,0
317,19.5,35.94,8,0,pro,7.6,0
318,5.2,41.86,8,0,enterprise,3.2,1
319,21.3,75.22,4,1,basic,40.6,0
320,11.8,24.12,8,0,enterprise,53.6,0
321,13.8,49.38,7,0,pro,10.1,0
322,8.6,35.83,9,1,enterprise,2.0,0
323,18.1,49.66,11,0,basic,15.8,0
324,23.6,54.56,7,0,pro,17.2,0
325,8.6,47.21,7,1,basic,32.8,1
326,12.8,48.95,4,0,basic,0.4,0
327,18.2,49.19,9,1,basic,11.1,0
328,10.6,36.77,6,1,basic,55.6,0
329,31.0,42.08,7,0,basic,5.4,0
330,44.7,21.45,12,1,basic,45.6,0
331,18.2,40.09,7,0,basic,38.3,0
332,14.8,34.16,6,0,basic,78.6,0
333,17.2,41.51,6,1,basic,0.1,0
334,9.2,55.7,7,0,pro,28.1,1
335,5.6,50.62,15,0,basic,38.5,0
336,9.7,51.89,8,1,basic,-8.9,0
337,18.2,60.94,10,2,pro,20.1,0
338,12.9,11.0,13,0,pro,37.2,0
339,8.8,51.29,11,0,basic,5.7,0
340,7.9,44.78,7,0,pro,41.6,0
341,15.7,43.72,7,2,pro,-6.5,0
342,12.8,26.41,9,0,basic,67.6,0
343,23.9,52.99,11,1,pro,27.2,0
344,7.8,61.55,7,0,basic,38.6,0
345,55.8,59.83,5,1,basic,68.0,0
346,14.9,43.88,8,0,basic,74.9,0
347,45.8,54.25,6,0,pro,-5.2,0
348,12.7,58.3,5,0,basic,8.7,1
349,21.3,71.2,13,2,basic,10.4,1
350,11.5,62.66,7,1,basic,-6.4,0
351,39.3,47.13,9,0,basic,44.9,0
352,23.7,46.44,6,1,basic,62.6,0
353,9.9,47.48,9,0,basic,-3.1,0
354,14.2,48.34,8,0,enterprise,67.7,0
355,23.7,37.97,7,0,pro,12.3,0
356,4.5,56.13,12,1,basic,33.0,0
357,9.8,35.17,11,1,enterprise,59.3,0
358,10.8,33.6,13,0,basic,26.0,0
359,2.4,50.15,5,0,enterprise,66.2,0
360,18.6,36.86,5,0,basic,34.2,0
361,44.3,41.57,8,3,pro,27.6,0
362,4.0,15.34,7,1,basic,42.4,1
363,6.8,56.44,8,0,basic,43.9,0
364,16.8,44.97,3,0,pro,39.9,0
365,19.6,43.24,5,0,enterprise,91.0,0
366,19.1,51.68,11,0,basic,39.0,0
367,13.1,48.07,5,1,pro,61.1,0
368,11.3,35.04,9,0,basic,12.6,0
369,4.5,73.75,9,0,basic,36.9,0
370,41.7,38.6,10,0,pro,47.9,0
371,32.8,59.0,11,0,basic,19.8,0
372,10.2,71.25,6,0,enterprise,56.3,0
373,15.5,36.17,8,0,basic,5.2,0
374,13.3,46.39,8,0,basic,38.3,0
375,12.1,33.33,6,1,basic,28.1,0
376,7.6,60.08,9,0,basic,34.2,0
377,50.4,40.25,4,1,pro,17.8,0
378,13.8,29.3,3,0,basic,0.7,0
379,24.0,63.89,5,0,basic,30.5,0
380,14.1,58.18,10,0,basic,36.2,0
381,18.8,32.32,8,1,pro,39.3,0
382,36.6,61.98,9,2,pro,35.5,0
383,16.8,47.84,8,2,pro,7.3,0
384,35.5,83.9,5,0,pro,38.8,0
385,10.3,69.59,8,1,basic,61.4,0
386,23.4,37.09,5,0,enterprise,13.3,0
387,33.9,41.18,6,0,enterprise,70.5,0
388,24.5,32.48,8,1,basic,42.7,0
389,10.3,46.94,10,1,basic,49.9,0
390,12.6,45.71,8,1,basic,31.3,0
391,10.4,55.56,3,0,pro,16.3,0
392,19.3,46.26,10,0,basic,64.3,0
393,14.1,23.97,13,0,basic,34.8,0
394,9.7,33.41,11,0,basic,12.7,0
395,6.8,65.26,11,0,basic,37.6,0
396,10.5,61.55,6,1,pro,8.6,0
397,15.5,42.7,7,0,pro,10.5,0
398,23.8,43.07,3,2,pro,83.3,0
399,19.8,42.6,8,0,basic,27.8,0
400,23.0,45.34,6,1,basic,31.6,0
401,31.4,20.98,5,1,pro,-9.0,0
402,20.2,57.82,6,1,basic,11.5,0
403,5.6,35.59,4,2,basic,4.7,0
404,13.6,47.11,7,0,basic,66.0,0
405,6.0,9.0,8,0,basic,48.8,0
406,17.0,48.36,2,0,pro,17.9,0
407,4.4,64.17,6,1,basic,31.1,0
408,15.1,13.0,8,0,basic,25.1,0
409,16.9,66.76,8,1,basic,-8.6,0
410,22.0,51.77,11,0,pro,29.9,0
411,15.6,34.51,11,0,basic,28.0,0
412,56.7,22.3,5,0,pro,67.8,0
413,11.9,61.65,7,1,basic,37.0,0
414,25.0,48.74,8,0,pro,30.4,0
415,11.7,53.5,9,0,pro,39.6,0
416,8.2,41.11,10,0,basic,61.3,0
417,11.8,33.59,10,1,basic,-2.3,1
418,5.6,57.47,10,0,pro,16.0,0
419,17.5,31.33,6,2,basic,35.5,0
420,4.2,57.91,11,0,basic,13.8,1
421,25.2,21.07,5,0,basic,32.2,0
422,15.2,31.75,9,0,basic,15.5,0
423,23.0,24.2,4,3,basic,100.0,0
424,7.1,63.77,8,0,basic,-6.8,1
425,34.8,19.91,7,0,pro,11.1,0
426,30.3,28.67,7,1,basic,6.0,0
427,27.1,54.46,9,0,basic,64.7,0
428,14.5,48.28,9,0,pro,-3.7,0
429,24.8,76.42,9,2,enterprise,66.5,0
430,15.2,71.39,13,1,basic,20.1,0
431,31.0,53.85,8,1,enterprise,5.8,0
432,4.3,54.89,14,0,pro,20.8,0
433,16.2,18.83,7,1,basic,-17.8,0
434,32.7,32.36,9,0,basic,18.7,0
435,25.4,40.29,8,0,basic,38.8,0
436,26.1,42.45,4,1,pro,51.1,0
437,24.8,25.27,5,0,pro,1.6,1
438,17.6,31.64,7,1,basic,26.9,0
439,8.5,32.85,7,0,pro,40.5,0
440,20.9,60.24,14,1,pro,13.0,0
441,12.1,51.1,9,1,pro,54.7,0
442,13.4,40.24,7,1,pro,29.9,0
443,14.7,41.04,11,1,basic,-14.9,0
444,15.8,49.18,8,0,pro,30.5,0
445,8.3,34.99,7,1,pro,-13.1,1
446,23.4,41.22,11,0,basic,27.7,0
447,17.9,20.3,7,2,pro,5.6,0
448,29.9,54.6,8,0,basic,30.8,0
449,45.1,58.79,6,0,pro,26.9,0
450,24.4,50.19,10,0,basic,73.9,0
451,17.0,51.85,7,1,basic,-3.1,0
452,6.2,50.24,11,2,pro,40.0,0
453,15.5,74.28,9,1,enterprise,51.5,0
454,17.9,47.92,5,2,basic,-29.3,0
455,18.9,26.01,10,1,basic,29.0,0
456,16.4,29.95,8,1,pro,52.7,0
457,11.4,55.2,12,0,basic,35.6,0
458,26.5,60.3,6,0,basic,63.8,0
459,17.5,56.05,9,0,basic,57.7,0
460,28.5,57.04,6,1,pro,-14.2,0
461,10.0,47.66,14,1,enterprise,35.1,0
462,19.2,23.61,8,0,basic,51.9,0
463,30.7,34.8,7,2,pro,12.6,0
464,30.7,18.99,9,0,pro,97.3,0
465,7.5,39.42,5,1,basic,24.7,0
466,15.1,25.39,4,1,basic,41.1,0
467,12.7,46.35,9,0,basic,26.9,0
468,30.8,42.52,6,0,basic,57.2,0
469,20.3,16.96,9,1,basic,9.8,0
470,10.5,55.49,11,0,basic,7.7,0
471,15.7,55.89,11,1,basic,51.0,0
472,11.6,24.96,9,0,basic,-16.2,1
473,16.3,47.02,6,0,basic,41.8,0
474,12.2,55.25,6,0,pro,24.0,0
475,18.2,40.76,11,0,basic,28.3,0
476,30.9,57.25,6,0,pro,50.3,0
477,50.2,47.64,8,0,basic,59.9,0
478,25.3,60.36,6,1,pro,50.3,0
479,41.9,47.59,6,0,basic,38.4,0
480,3.5,42.53,10,0,basic,37.0,0
481,23.4,52.26,11,1,basic,5.6,0
482,24.4,56.18,9,0,basic,54.7,0
483,20.9,48.48,8,1,enterprise,-3.1,0
484,15.2,38.41,9,0,basic,17.7,0
485,2.5,33.5,6,0,pro,46.3,0
486,7.9,39.49,8,2,basic,31.7,0
487,13.9,36.6,8,0,basic,42.7,0
488,20.0,47.81,10,1,basic,2.9,0
489,8.6,47.29,10,0,basic,18.7,0
490,15.7,43.61,9,0,basic,88.6,0
491,14.5,44.8,12,0,pro,12.3,0
492,14.7,47.31,9,2,basic,27.0,0
493,16.2,67.42,7,1,pro,-32.2,0
494,22.3,62.19,6,0,basic,38.5,0
495,12.9,36.49,5,0,pro,31.2,0
496,14.5,50.9,12,0,basic,6.5,0
497,8.7,40.06,9,0,pro,50.0,0
498,12.4,43.4,8,1,basic,60.9,0
499,9.2,41.27,5,0,basic,27.2,0
500,20.2,35.77,10,0,pro,66.7,0
501,45.1,25.13,6,1,pro,53.9,0
502,40.5,9.22,2,0,pro,30.6,0
503,10.3,47.67,6,0,pro,-4.9,0
504,20.7,61.86,9,1,basic,23.3,0
505,16.5,31.68,8,0,pro,37.1,0
506,4.0,52.08,10,0,pro,37.1,0
507,2.6,39.18,5,0,enterprise,-6.1,0
508,9.9,48.79,8,0,basic,20.7,1
509,13.9,33.09,6,0,basic,4.9,0
510,5.7,41.4,8,1,basic,28.6,0
511,7.7,43.14,10,1,basic,65.4,0
512,8.3,10.35,6,1,basic,-16.4,1
513,7.7,47.85,7,0,pro,2.2,0
514,6.0,42.74,9,0,pro,60.7,0
515,13.1,9.0,6,2,basic,1.9,0
516,22.2,54.12,9,1,pro,55.6,0
517,18.0,44.23,10,0,pro,62.8,0
518,8.2,47.66,11,1,enterprise,52.2,0
519,13.7,49.93,9,1,basic,60.1,0
520,15.6,38.67,8,1,pro,15.0,0
521,3.4,29.12,2,0,pro,13.4,0
522,26.3,38.24,10,0,pro,21.7,0
523,9.4,38.5,7,0,pro,37.2,0
524,5.9,76.84,9,1,basic,24.8,1
525,53.8,71.39,8,0,pro,43.3,0
526,7.4,37.6,10,0,pro,29.6,0
527,12.4,38.67,13,0,basic,24.7,0
528,9.2,49.33,6,0,pro,63.9,0
529,26.3,52.84,6,0,basic,15.7,0
530,12.6,34.61,2,0,pro,36.4,0
531,5.1,30.12,8,0,basic,-4.7,0
532,2.6,72.69,14,0,pro,65.4,0
533,10.6,59.96,4,0,pro,27.3,0
534,42.2,22.08,7,1,basic,27.3,0
535,7.2,19.0,11,0,basic,-32.5,0
536,30.2,32.62,10,0,pro,9.2,0
537,8.4,47.81,3,0,basic,53.7,0
538,4.9,52.56,4,0,basic,3.1,0
539,13.5,39.66,9,0,pro,9.1,0
540,17.7,21.12,5,0,basic,21.1,0
541,14.0,47.78,11,0,pro,64.4,0
542,2.9,53.34,10,0,basic,24.9,0
543,10.0,44.57,13,1,enterprise,35.0,0
544,18.3,37.38,11,2,basic,93.3,1
545,10.5,52.94,7,0,enterprise,15.3,0
546,19.7,43.75,6,0,basic,63.4,0
547,5.5,28.26,3,1,pro,2.3,0
548,55.3,45.94,4,1,basic,11.2,0
549,7.0,25.72,10,0,basic,53.0,0
550,14.0,58.6,4,0,basic,29.5,0
551,14.0,51.39,9,1,basic,16.9,0
552,24.5,30.05,3,0,basic,28.6,0
553,12.1,47.65,9,0,basic,26.6,0
554,15.5,62.79,4,1,pro,4.5,1
555,14.3,13.3,6,2,basic,88.0,0
556,19.9,42.52,8,1,enterprise,21.8,0
557,19.7,68.57,8,0,basic,49.0,0
558,14.8,21.91,7,0,enterprise,9.7,0
559,24.6,42.11,5,0,basic,43.9,0
560,33.1,23.75,6,0,enterprise,19.2,0
561,9.7,43.56,13,0,basic,97.2,0
562,10.2,9.47,7,0,enterprise,16.1,0
563,9.9,20.84,10,0,basic,31.1,0
564,9.5,36.69,7,0,basic,33.4,0
565,9.9,46.57,9,0,pro,30.7,0
566,15.6,50.08,13,0,basic,53.9,0
567,23.2,50.77,13,0,enterprise,50.3,0
568,9.6,61.35,7,0,basic,16.7,0
569,19.3,54.76,13,1,basic,11.1,0
570,11.5,55.35,1,2,pro,28.5,0
571,54.1,30.21,8,0,pro,39.3,0
572,17.4,42.26,8,1,basic,2.0,0
573,22.8,91.2,12,0,pro,36.5,0
574,7.7,77.78,6,0,pro,42.3,0
575,8.4,56.7,4,0,enterprise,39.7,0
576,17.0,55.4,7,1,basic,35.0,0
577,9.0,59.05,9,0,pro,33.2,0
578,14.4,38.63,11,0,pro,33.4,0
579,28.6,73.31,6,0,basic,43.4,0
580,9.2,39.04,9,1,basic,55.9,1
581,8.5,43.35,7,0,basic,35.1,0
582,16.5,76.53,6,0,basic,21.7,0
583,12.6,13.97,16,0,pro,40.7,0
584,21.5,49.87,11,0,basic,86.3,0
585,13.7,19.22,7,0,pro,13.3,0
586,7.2,34.94,8,1,pro,59.7,0
587,2.7,43.2,10,0,pro,62.1,0
588,18.2,39.37,6,0,basic,43.9,0
589,9.3,47.11,8,2,basic,92.6,0
590,16.0,33.25,9,0,basic,24.0,0
591,3.8,43.03,5,0,pro,50.5,0
592,9.0,27.06,11,0,basic,33.6,0
593,18.3,38.84,7,0,basic,34.3,0
594,26.5,24.09,8,0,pro,13.4,0
595,26.9,54.23,8,1,basic,51.8,0
596,29.9,25.45,9,2,basic,35.6,0
597,14.6,54.79,2,0,basic,81.5,0
598,25.5,38.44,4,0,basic,19.2,0
599,18.1,40.07,8,1,basic,6.7,0
600,12.7,61.98,11,1,basic,30.5,0
601,11.0,46.15,6,2,basic,42.3,0
602,8.8,16.55,10,0,basic,49.4,0
603,26.4,51.94,6,1,basic,15.4,0
604,15.2,9.0,12,0,basic,-18.2,0
605,9.2,48.5,8,0,basic,16.3,0
606,13.7,38.62,14,1,basic,3.0,0
607,40.0,23.84,7,2,pro,26.1,0
608,5.4,45.72,10,1,enterprise,7.8,0
609,5.5,39.99,10,0,pro,68.2,0
610,32.5,74.26,7,0,pro,6.0,0
611,5.2,38.06,9,1,basic,33.5,0
612,31.8,73.33,11,0,basic,39.7,0
613,10.2,65.05,7,0,basic,16.1,0
614,19.0,35.49,9,2,enterprise,19.3,0
615,30.6,32.45,10,4,pro,-5.7,1
616,30.7,64.14,11,2,pro,-5.3,0
617,23.4,42.53,7,2,pro,64.4,0
618,14.8,46.92,6,0,basic,38.9,0
619,12.5,40.77,9,0,basic,19.4,0
620,12.7,26.58,10,1,basic,43.6,0
621,34.7,39.02,10,1,basic,16.9,0
622,18.2,30.29,5,1,basic,23.0,0
623,28.8,21.8,14,0,pro,79.4,0
624,2.0,40.19,4,1,basic,43.3,0
625,11.9,71.09,5,0,basic,36.7,1
626,18.0,68.6,10,1,basic,27.4,0
627,11.7,43.63,7,0,pro,28.9,0
628,45.2,46.57,5,3,basic,35.0,0
629,6.7,52.18,9,1,pro,58.7,0
630,20.5,64.79,6,0,basic,61.7,0
631,25.1,49.29,7,1,basic,75.0,0
632,8.6,37.44,11,1,basic,-9.3,1
633,24.8,38.72,8,0,pro,3.0,0
634,19.5,61.44,5,3,pro,22.4,0
635,60.0,83.35,9,0,basic,-13.0,0
636,33.8,35.22,13,0,basic,40.2,0
637,14.8,13.98,6,0,pro,31.4,0
638,26.5,56.64,5,0,enterprise,34.4,0
639,19.4,43.41,7,0,enterprise,22.8,0
640,11.3,46.63,12,1,basic,60.0,0
641,22.4,63.01,9,0,basic,16.3,0
642,20.5,45.57,9,1,pro,52.4,0
643,35.9,24.77,6,0,basic,22.5,0
644,5.4,15.27,8,1,pro,17.1,0
645,5.6,43.85,10,1,pro,22.5,0
646,9.1,27.28,3,1,pro,25.6,0
647,22.5,48.89,8,2,basic,36.9,0
648,28.0,25.54,7,1,enterprise,47.3,0
649,14.1,39.3,4,0,basic,44.6,0
650,17.8,22.6,8,0,basic,2.1,0
651,15.7,39.14,6,0,enterprise,23.9,0
652,4.4,37.9,11,0,pro,34.2,0
653,8.7,53.46,10,0,pro,17.4,0
654,25.7,64.64,7,0,basic,46.4,0
655,24.8,41.82,5,0,basic,-0.5,0
656,29.5,31.68,9,2,basic,20.9,1
657,22.9,73.81,9,1,basic,3.5,0
658,1.7,50.0,7,0,pro,46.9,0
659,18.3,53.72,12,0,pro,12.6,0
660,19.0,53.68,7,2,basic,17.5,0
661,5.8,66.33,10,1,pro,39.0,0
662,41.0,59.68,9,1,pro,46.0,0
663,13.9,54.72,5,1,basic,31.2,0
664,26.3,56.06,12,0,pro,35.1,0
665,24.1,31.75,7,0,basic,5.5,0
666,21.9,35.49,7,2,pro,15.4,0
667,33.0,43.01,3,1,pro,4.7,0
668,14.0,46.0,9,0,basic,47.7,0
669,26.3,44.88,12,1,pro,25.5,0
670,20.1,49.23,5,0,basic,39.4,0
671,6.4,45.0,7,1,basic,-19.4,0
672,10.0,38.21,7,0,pro,9.4,1
673,6.5,20.32,8,0,enterprise,37.7,0
674,4.7,57.12,9,0,pro,51.0,0
675,20.3,53.4,10,3,pro,-4.5,0
676,5.4,31.46,10,0,basic,54.7,0
677,26.7,52.06,8,1,enterprise,8.2,0
678,13.0,50.52,14,0,basic,20.4,0
679,12.9,45.7,11,1,pro,34.0,0
680,6.3,17.09,4,0,basic,67.5,0
681,19.2,26.57,8,0,basic,22.9,0
682,8.2,35.62,14,0,pro,14.8,0
683,22.3,68.78,11,1,pro,70.6,0
684,22.9,31.76,9,0,pro,79.4,0
685,4.1,39.42,9,1,pro,26.4,0
686,20.4,27.99,6,0,basic,57.7,0
687,2.9,37.25,6,0,pro,45.9,0
688,24.6,49.74,9,2,pro,41.1,0
689,2.7,13.57,8,1,enterprise,27.6,0
690,7.3,9.0,8,1,pro,26.1,0
691,31.4,54.53,10,1,basic,0.2,0
692,17.5,45.14,6,2,basic,22.5,0
693,23.0,35.56,4,1,basic,-4.7,0
694,1.8,59.12,10,0,basic,21.8,0
695,24.0,59.15,12,0,basic,21.0,0
696,8.6,13.22,6,0,pro,36.0,0
697,37.2,42.1,6,3,enterprise,19.0,0
698,15.8,61.21,9,0,basic,43.2,0
699,14.3,34.59,5,2,enterprise,20.6,0
700,4.4,39.91,9,0,basic,84.0,0
701,8.1,58.89,15,1,pro,0.4,0
702,15.0,40.6,11,1,basic,17.9,0
703,32.4,26.68,11,2,basic,-7.2,0
704,31.0,34.33,4,0,basic,18.6,0
705,12.9,24.75,10,0,basic,-5.6,0
706,6.7,52.91,5,0,enterprise,13.0,0
707,6.2,18.78,3,1,enterprise,42.1,1
708,37.9,59.62,10,1,basic,41.4,0
709,18.3,19.95,7,1,pro,12.8,0
710,7.2,45.28,9,1,pro,9.7,0
711,34.9,22.63,7,0,enterprise,67.2,0
712,21.2,39.87,12,2,basic,0.2,0
713,23.9,59.93,4,1,pro,68.4,0
714,25.2,61.43,7,0,basic,26.8,0
715,18.9,64.16,7,0,basic,37.8,0
716,11.0,43.27,8,2,pro,8.6,1
717,4.4,46.21,4,2,basic,40.5,0
718,5.7,48.09,8,1,basic,37.3,1
719,8.3,53.84,8,0,basic,27.6,0
720,20.9,38.62,8,0,basic,5.7,0
721,9.3,61.1,10,1,enterprise,57.7,0
722,24.5,49.49,4,2,pro,36.3,0
723,25.9,61.76,10,0,pro,37.7,0
724,35.1,51.77,5,0,basic,69.0,0
725,35.6,54.77,6,2,basic,11.0,0
726,37.0,33.66,5,2,basic,33.4,0
727,17.7,38.37,11,1,basic,58.3,0
728,17.0,25.24,11,2,basic,53.0,0
729,10.2,40.17,15,1,pro,21.8,0
730,18.3,41.96,5,1,enterprise,31.0,0
731,16.8,57.14,4,1,basic,-14.2,1
732,10.0,25.72,9,1,pro,48.9,0
733,3.6,93.11,8,0,basic,38.8,0
734,32.9,42.78,8,1,basic,-8.1,0
735,21.8,63.47,8,1,pro,23.7,0
736,7.8,60.2,6,0,basic,39.6,0
737,11.5,9.0,10,1,enterprise,77.4,0
738,24.6,40.67,10,1,pro,23.0,0
739,11.0,66.7,11,0,basic,35.8,0
740,18.9,9.0,14,0,pro,49.9,0
741,28.3,56.13,13,1,basic,22.1,0
742,25.8,30.87,7,1,enterprise,-11.9,0
743,14.4,37.6,4,0,basic,6.0,0
744,8.7,47.96,13,0,pro,73.5,0
745,12.4,16.61,9,1,basic,63.9,1
746,24.4,47.53,12,1,basic,62.1,0
747,14.1,34.9,4,1,pro,36.3,0
748,38.1,33.35,7,1,basic,21.7,0
749,40.7,55.12,7,0,basic,62.9,0
750,35.5,97.2,8,1,pro,16.1,0
751,24.1,49.74,3,1,pro,54.3,0
752,6.8,52.89,8,1,basic,35.5,0
753,39.1,43.83,7,0,pro,31.4,0
754,24.7,33.74,10,0,basic,21.4,0
755,10.3,48.46,5,0,basic,35.2,0
756,8.8,67.36,9,0,enterprise,-4.8,0
757,10.6,47.42,8,0,basic,29.9,0
758,17.5,57.94,9,1,pro,-14.7,0
759,5.6,41.17,8,0,pro,12.2,0
760,30.6,82.37,10,0,basic,0.2,0
761,12.7,19.84,12,0,pro,2.5,0
762,22.2,53.34,7,0,basic,33.1,0
763,4.4,52.69,11,0,pro,-22.2,0
764,60.0,48.55,8,1,basic,38.1,0
765,28.2,27.8,9,1,basic,30.0,0
766,14.9,27.47,6,1,basic,36.4,0
767,6.8,41.01,8,2,pro,63.2,0
768,35.7,46.02,9,0,basic,28.7,0
769,12.2,26.33,8,1,enterprise,81.2,0
770,11.9,28.53,4,2,basic,42.3,1
771,8.5,52.92,8,0,pro,20.5,0
772,6.4,60.0,6,0,basic,32.9,0
773,15.0,36.09,4,1,pro,51.9,0
774,15.9,34.03,5,0,basic,-1.2,0
775,11.9,33.59,7,0,basic,39.6,0
776,7.2,81.67,7,1,enterprise,21.5,0
777,35.3,51.84,7,2,basic,36.2,0
778,37.1,43.5,6,1,basic,17.4,0
779,8.7,59.58,12,0,basic,51.5,0
780,31.9,78.92,8,0,basic,57.8,0
781,16.0,62.04,13,0,pro,28.3,0
782,14.9,23.05,10,2,pro,35.4,1
783,44.4,43.18,7,1,basic,47.0,0
784,42.4,38.39,9,1,pro,49.5,0
785,11.7,39.31,6,0,basic,23.3,0
786,23.4,26.18,11,1,basic,53.1,0
787,10.2,38.57,8,0,basic,13.6,0
788,4.4,28.16,9,2,basic,21.8,0
789,25.5,49.53,7,1,pro,32.0,0
790,20.1,45.11,6,1,basic,9.6,0
791,23.5,23.19,8,1,enterprise,5.0,0
792,48.4,18.78,10,1,basic,39.0,0
793,12.7,37.22,11,0,basic,41.4,0
794,20.5,54.2,11,3,enterprise,45.3,0
795,16.7,51.85,5,1,pro,-5.5,0
796,3.2,43.42,9,0,basic,50.9,0
797,13.3,9.0,8,1,basic,-6.1,0
798,4.5,36.98,2,0,pro,50.8,0
799,15.6,33.28,8,1,pro,65.9,1
800,7.1,39.37,10,0,pro,19.2,0
801,6.6,26.07,10,1,enterprise,59.4,0
802,33.1,37.9,13,1,basic,-3.6,0
803,11.4,34.41,8,0,basic,45.3,0
804,12.4,85.22,6,2,pro,-12.6,0
805,18.3,54.99,13,1,basic,30.2,0
806,2.5,41.5,5,0,basic,17.0,0
807,7.9,43.68,7,0,pro,17.6,0
808,8.8,42.61,11,0,basic,23.1,0
809,19.2,47.23,3,0,basic,23.7,0
810,17.3,38.31,5,0,basic,20.6,0
811,9.7,44.13,9,0,pro,40.0,0
812,38.7,59.84,13,1,basic,29.0,1
813,10.4,56.9,9,0,basic,24.5,0
814,8.6,49.05,12,0,basic,12.8,0
815,18.9,64.43,9,1,basic,-23.9,0
816,9.1,47.77,15,2,basic,7.9,0
817,29.9,29.63,6,0,basic,64.9,0
818,18.0,18.11,10,1,basic,-20.1,0
819,9.1,33.93,11,1,pro,14.3,0
820,48.2,43.45,13,0,basic,16.4,0
821,11.3,50.39,8,0,enterprise,34.6,0
822,14.4,60.6,10,0,pro,24.9,0
823,17.9,35.76,5,0,basic,59.1,0
824,18.2,32.28,7,0,pro,46.5,0
825,18.9,56.0,6,0,basic,14.2,1
826,5.6,62.11,6,0,enterprise,-4.4,0
827,15.3,37.21,5,0,pro,46.2,0
828,2.8,49.48,10,0,pro,50.8,0
829,12.5,65.09,4,0,basic,63.3,0
830,13.6,49.22,6,0,basic,58.1,0
831,20.3,43.57,12,2,pro,33.0,0
832,8.5,13.13,7,1,pro,39.1,0
833,17.5,64.34,4,1,basic,13.6,0
834,11.0,54.09,8,0,pro,26.6,0
835,15.4,46.29,8,1,basic,74.7,0
836,7.7,37.4,10,0,basic,29.3,0
837,25.8,25.65,11,3,enterprise,-2.8,0
838,25.0,42.9,16,0,pro,24.0,0
839,4.3,42.79,10,0,basic,29.1,1
840,12.3,60.91,8,1,basic,13.1,0
841,11.5,26.17,8,1,pro,1.9,0
842,2.9,66.08,12,1,basic,58.3,0
843,5.7,44.93,6,2,pro,17.6,0
844,12.3,62.25,5,2,pro,26.6,0
845,6.0,29.81,5,1,basic,52.6,0
846,15.9,49.61,9,1,basic,42.4,0
847,22.2,62.75,9,1,enterprise,1.7,0
848,9.4,46.12,5,0,basic,3.0,0
849,20.8,22.29,10,0,enterprise,54.4,0
850,31.5,39.43,16,1,enterprise,20.1,0
851,9.5,52.45,9,0,pro,63.7,0
852,28.4,23.36,6,0,basic,100.0,0
853,28.7,22.68,13,0,basic,5.1,0
854,31.3,47.94,3,0,pro,30.0,0
855,15.0,30.11,7,2,enterprise,6.7,0
856,17.7,54.64,10,0,basic,60.4,0
857,8.6,26.72,9,0,basic,28.2,0
858,24.9,16.79,11,2,basic,100.0,0
859,23.2,32.73,10,2,basic,52.9,0
860,18.9,66.84,8,0,basic,37.0,0
861,15.0,31.42,10,2,basic,0.8,0
862,9.6,44.32,4,0,pro,40.4,0
863,2.2,48.11,12,2,basic,38.5,0
864,10.3,30.13,4,0,basic,-3.2,1
865,3.9,60.81,7,1,pro,13.0,0
866,13.8,47.07,5,0,pro,66.9,0
867,8.5,51.1,6,0,pro,51.9,0
868,49.6,19.13,10,0,basic,2.9,0
869,10.0,18.11,12,1,basic,34.8,0
870,7.9,9.0,2,0,basic,42.7,0
871,39.6,41.57,10,0,basic,26.4,0
872,4.3,40.97,7,0,basic,70.8,0
873,29.5,55.29,13,2,basic,24.0,0
874,30.2,66.74,10,2,pro,-13.2,0
875,14.4,40.62,12,0,basic,57.4,0
876,5.7,40.39,12,0,basic,26.1,1
877,10.3,51.2,6,0,basic,-15.5,0
878,16.7,67.4,5,1,pro,29.9,0
879,25.2,32.06,8,1,basic,66.8,0
880,21.3,53.84,9,0,pro,40.4,0
881,19.9,40.73,3,1,pro,57.2,0
882,11.6,39.41,11,1,pro,8.9,0
883,28.2,56.68,10,1,basic,45.2,0
884,7.4,32.57,9,1,basic,32.1,0
885,9.7,28.39,13,0,basic,38.6,0
886,17.1,54.44,7,1,pro,22.1,1
887,24.0,44.07,5,2,basic,46.9,0
888,20.3,40.49,11,2,basic,64.9,0
889,20.9,42.45,7,1,enterprise,80.0,0
890,11.2,51.91,8,0,enterprise,20.9,0
891,27.0,38.89,15,1,basic,38.5,0
892,2.8,55.95,6,0,pro,19.1,1
893,9.9,50.67,5,0,basic,38.7,0
894,5.8,66.71,10,0,basic,6.3,0
895,7.1,63.46,9,0,pro,49.8,0
896,19.9,57.33,7,0,basic,72.5,0
897,24.6,41.42,9,1,pro,21.3,0
898,7.7,46.24,9,0,basic,51.5,0
899,15.3,35.56,9,0,pro,46.0,0
900,41.7,87.27,11,0,basic,38.1,0
901,18.5,41.14,7,1,basic,46.1,0
902,34.2,52.82,11,1,basic,23.9,0
903,28.0,64.88,7,0,enterprise,41.0,0
904,29.7,24.02,9,2,basic,49.6,0
905,12.7,32.08,11,0,basic,22.7,1
906,19.3,38.56,7,0,basic,61.4,0
907,49.6,29.56,12,0,pro,46.7,0
908,9.3,25.45,10,0,basic,31.9,0
909,7.0,36.73,11,2,basic,41.6,0
910,31.0,63.89,4,0,basic,53.4,0
911,10.6,55.37,6,0,basic,55.9,0
912,16.1,45.02,3,0,pro,-15.4,0
913,22.2,44.93,10,0,basic,47.4,0
914,12.1,19.58,5,0,basic,50.2,0
915,13.5,54.96,13,0,pro,11.0,0
916,6.7,50.91,7,0,pro,69.0,0
917,14.3,28.27,7,2,pro,61.9,0
918,6.0,47.62,12,0,basic,74.2,0
919,19.8,41.63,3,0,basic,64.5,0
920,16.6,36.74,9,1,basic,80.0,0
921,28.4,29.68,10,0,pro,18.1,0
922,13.3,34.39,14,0,basic,28.5,0
923,28.2,30.38,5,2,basic,15.4,0
924,29.7,51.45,6,0,basic,18.0,0
925,30.8,50.01,9,3,basic,26.6,0
926,24.1,49.37,10,0,pro,19.6,0
927,20.2,41.8,12,1,pro,24.3,0
928,18.3,38.42,6,0,basic,42.2,0
929,11.5,75.18,4,0,basic,20.8,0
930,15.0,16.6,6,1,pro,2.8,0
931,15.1,62.49,6,1,pro,70.2,0
932,45.3,49.85,7,3,basic,6.2,0
933,6.5,45.58,5,0,basic,-36.0,0
934,13.1,36.91,9,0,basic,27.1,0
935,18.1,41.26,2,0,basic,20.1,0
936,8.1,26.75,9,0,basic,31.1,0
937,23.5,23.73,10,0,basic,7.7,0
938,10.1,42.87,10,1,basic,37.1,0
939,19.2,19.71,9,1,pro,11.3,0
940,15.8,57.14,9,0,basic,-24.3,0
941,2.3,61.28,5,1,enterprise,-6.2,0
942,21.9,9.0,9,1,basic,3.2,0
943,6.1,21.26,5,2,enterprise,15.9,0
944,18.8,48.64,6,1,basic,4.3,1
945,34.2,47.74,7,0,pro,52.5,0
946,25.3,46.23,8,0,basic,18.6,0
947,15.4,50.89,9,2,basic,-0.9,0
948,16.0,55.77,9,1,pro,48.0,0
949,17.2,57.56,4,1,pro,48.1,0
950,13.4,71.42,8,1,pro,40.9,0
951,8.7,44.98,6,0,basic,75.0,0
952,15.5,57.54,6,0,enterprise,20.3,0
953,14.9,20.24,7,0,basic,15.5,0
954,44.8,42.62,12,3,enterprise,50.4,0
955,20.8,26.3,6,0,basic,22.0,0
956,48.5,65.49,11,2,basic,8.8,0
957,15.2,79.62,6,1,pro,2.5,0
958,19.2,52.73,6,0,basic,58.0,0
959,15.8,25.1,5,1,basic,31.2,1
960,8.8,42.92,5,3,pro,36.3,0
961,8.1,45.05,7,0,pro,66.3,0
962,13.0,47.59,5,1,enterprise,56.2,0
963,26.9,60.95,10,0,pro,39.4,0
964,7.4,58.93,3,1,basic,-15.3,1
965,5.9,9.0,11,1,pro,-26.9,1
966,15.0,65.12,6,1,pro,9.2,0
967,10.2,37.18,9,3,basic,20.3,0
968,9.7,36.24,3,1,pro,23.8,1
969,35.9,65.88,9,0,enterprise,11.3,0
970,14.9,40.63,6,1,enterprise,36.9,0
971,21.3,24.08,15,0,pro,51.8,0
972,14.6,24.75,4,1,pro,-5.0,0
973,23.8,45.5,10,2,pro,23.9,0
974,14.5,58.25,9,0,basic,47.2,0
975,13.7,67.16,11,0,pro,5.3,0
976,22.6,42.08,5,0,pro,36.2,0
977,14.5,37.62,11,1,enterprise,17.2,0
978,31.2,68.99,4,1,pro,41.6,0
979,9.5,37.78,7,2,basic,20.8,1
980,34.3,66.52,5,0,pro,19.8,0
981,7.0,48.17,6,0,enterprise,2.9,0
982,11.6,48.21,5,1,basic,-14.7,1
983,16.3,41.12,6,1,basic,21.4,0
984,6.8,49.11,5,1,pro,2.6,1
985,10.2,37.69,8,0,basic,66.2,0
986,23.0,34.47,11,3,enterprise,31.6,0
987,12.9,42.63,7,0,pro,75.9,0
988,9.2,34.9,10,1,basic,6.4,0
989,23.3,49.22,14,0,pro,54.0,0
990,16.0,45.94,5,0,pro,27.7,0
991,21.2,40.72,7,0,pro,3.5,0
992,33.6,41.66,10,1,pro,28.8,0
993,15.1,41.23,9,0,basic,-8.4,0
994,18.6,70.74,9,1,basic,28.9,1
995,59.8,44.52,3,0,basic,56.0,0
996,3.0,35.75,7,1,basic,39.7,0
997,17.1,40.22,5,2,basic,56.6,0
998,8.9,54.59,6,1,enterprise,65.1,1
999,19.6,41.65,6,2,pro,13.6,0
1000,8.8,42.39,7,3,basic,39.0,0
1001,11.3,40.81,9,0,basic,39.0,0
1002,5.9,47.12,11,1,basic,29.5,1
1003,23.3,50.51,13,1,basic,-25.0,0
1004,15.3,51.3,9,0,pro,32.0,1
1005,12.6,20.12,5,0,enterprise,26.2,0
1006,7.4,28.65,3,1,enterprise,27.1,0
1007,29.4,9.0,5,0,pro,26.3,0
1008,4.2,56.66,10,1,pro,58.5,0
1009,27.6,61.26,9,3,basic,70.2,0
1010,19.1,64.14,15,0,basic,13.0,0
1011,10.8,46.8,5,1,basic,56.2,0
1012,16.0,61.87,11,1,enterprise,17.7,0
1013,5.2,44.08,10,1,pro,28.0,0
1014,32.8,42.83,7,1,basic,28.1,0
1015,6.1,21.54,11,1,basic,15.2,0
1016,10.4,32.91,10,0,basic,42.0,0
1017,25.3,35.77,10,0,basic,57.8,0
1018,11.8,58.41,4,1,basic,50.5,0
1019,17.4,69.5,4,0,pro,16.4,0
1020,17.0,37.61,12,1,pro,31.2,0
1021,9.6,50.22,7,0,basic,27.1,0
1022,11.2,48.77,7,2,pro,55.6,0
1023,38.6,33.04,5,0,basic,45.0,0
1024,25.2,18.84,5,0,pro,35.7,0
1025,21.2,33.35,11,0,basic,41.2,0
1026,15.8,23.09,5,1,basic,28.4,0
1027,8.4,39.9,9,3,pro,26.9,0
1028,5.9,42.51,5,1,pro,64.7,1
1029,21.6,41.91,9,1,pro,57.0,0
1030,10.3,42.1,11,1,basic,9.8,0
1031,12.7,51.86,10,1,basic,26.2,0
1032,6.9,30.66,4,0,basic,48.3,0
1033,4.3,57.92,10,1,basic,13.0,1
1034,16.2,19.57,10,1,basic,70.4,0
1035,8.0,45.55,10,0,basic,32.0,0
1036,42.2,50.43,10,0,basic,22.8,0
1037,36.6,32.75,7,1,basic,54.1,0
1038,12.7,20.72,7,0,basic,40.6,0
1039,28.5,54.16,7,4,basic,4.0,0
1040,8.5,34.51,10,1,basic,65.7,0
1041,28.7,56.31,9,1,basic,18.0,0
1042,44.7,56.1,16,0,pro,75.4,0
1043,21.9,44.51,10,0,pro,48.5,0
1044,46.6,44.57,8,1,basic,63.0,0
1045,2.7,59.38,12,1,enterprise,53.3,0
1046,14.7,50.23,6,1,pro,20.4,1
1047,12.9,30.62,4,0,pro,10.9,0
1048,22.5,47.1,3,1,pro,42.2,0
1049,15.4,52.88,8,1,basic,56.7,0
1050,21.6,47.62,5,2,pro,-22.7,0
1051,16.8,47.42,11,2,basic,73.6,1
1052,8.6,42.38,9,1,basic,-27.2,0
1053,5.9,42.82,9,2,pro,15.3,1
1054,27.3,30.6,9,0,enterprise,79.4,0
1055,9.6,23.19,5,3,pro,38.6,0
1056,21.1,61.42,12,0,pro,24.6,0
1057,19.0,35.07,11,0,pro,40.4,0
1058,11.1,47.91,8,0,pro,87.1,0
1059,5.0,22.16,12,0,basic,27.3,0
1060,17.5,46.96,6,1,pro,40.5,1
1061,30.3,32.22,2,1,enterprise,30.5,0
1062,5.6,88.92,8,1,pro,70.4,0
1063,54.9,29.37,14,0,basic,42.4,0
1064,16.7,30.17,9,1,enterprise,18.0,0
1065,19.7,58.67,11,2,enterprise,-11.7,0
1066,32.2,61.57,3,0,basic,82.0,0
1067,36.9,13.13,4,0,basic,20.7,0
1068,18.9,48.39,11,0,basic,52.0,0
1069,24.1,57.7,11,1,pro,17.4,0
1070,10.1,26.32,14,0,enterprise,18.9,0
1071,15.5,54.78,5,1,pro,31.7,0
1072,6.4,36.71,5,1,basic,32.0,0
1073,22.8,29.68,11,0,basic,8.9,0
1074,21.0,39.34,14,0,basic,56.8,0
1075,21.3,37.69,8,1,enterprise,48.1,0
1076,22.2,23.84,6,0,pro,16.8,0
1077,3.7,77.95,3,1,basic,14.3,0
1078,13.6,37.78,10,0,basic,33.0,0
1079,8.3,33.44,14,0,pro,15.2,1
1080,12.5,57.31,11,0,pro,17.4,0
1081,21.3,43.49,9,0,enterprise,13.9,0
1082,34.5,64.46,5,0,basic,-27.8,0
1083,13.7,40.59,8,2,basic,-10.0,0
1084,9.5,49.81,9,0,pro,46.1,0
1085,11.2,45.96,5,0,pro,-6.2,1
1086,14.3,47.05,10,0,pro,-2.2,0
1087,13.5,41.46,7,3,pro,-12.7,1
1088,17.6,43.01,8,0,basic,9.4,0
1089,22.9,69.54,8,1,pro,6.3,0
1090,4.8,34.43,11,0,basic,58.8,0
1091,4.5,36.43,12,0,basic,39.5,0
1092,9.6,39.45,13,0,enterprise,30.2,0
1093,10.6,53.06,3,0,basic,32.7,0
1094,34.0,50.54,11,0,basic,12.8,0
1095,12.9,58.49,4,0,basic,-16.9,0
1096,26.2,24.61,4,2,pro,21.1,0
1097,7.3,48.43,10,1,pro,17.7,0
1098,5.8,41.94,9,0,basic,76.6,0
1099,56.7,40.3,4,1,pro,26.4,0
1100,27.3,47.0,8,1,basic,3.8,0
1101,7.4,15.26,9,2,basic,34.5,0
1102,13.8,48.63,6,1,pro,37.8,0
1103,43.3,46.72,9,0,basic,40.2,0
1104,20.0,23.31,8,0,basic,26.1,0
1105,11.0,43.15,8,0,pro,43.7,0
1106,26.2,67.62,6,1,pro,100.0,0
1107,20.4,38.79,5,0,basic,54.0,0
1108,3.2,53.39,6,1,basic,5.8,1
1109,50.3,41.21,9,0,pro,83.2,0
1110,28.1,32.5,8,1,pro,43.5,0
1111,14.9,30.88,8,1,basic,20.3,0
1112,10.9,38.66,1,2,pro,26.9,0
1113,9.3,63.9,10,1,enterprise,33.2,0
1114,3.6,56.7,4,0,basic,48.6,0
1115,16.9,34.07,14,1,enterprise,-15.7,0
1116,9.9,59.41,8,2,basic,11.2,0
1117,6.8,42.67,6,0,basic,4.4,0
1118,9.3,34.3,8,0,pro,69.6,0
1119,46.7,50.97,6,1,pro,12.2,0
1120,10.0,31.02,0,0,basic,4.5,0
1121,28.9,21.24,8,1,basic,59.8,0
1122,34.9,63.8,12,0,pro,84.8,0
1123,16.7,17.43,5,0,pro,69.7,0
1124,24.5,52.62,7,0,pro,51.6,0
1125,7.8,21.93,7,1,pro,44.7,0
1126,12.6,44.14,8,2,basic,0.7,0
1127,17.0,41.64,7,0,pro,24.8,0
1128,8.1,38.05,7,0,basic,7.2,0
1129,8.4,12.13,6,1,basic,25.8,0
1130,44.0,42.96,5,0,pro,17.2,0
1131,30.7,44.03,8,0,pro,-10.0,0
1132,15.3,31.26,9,0,enterprise,29.8,0
1133,7.6,43.58,5,0,basic,18.6,1
1134,17.0,59.32,9,0,basic,2.7,0
1135,7.7,33.94,11,2,pro,-6.4,1
1136,13.6,48.41,15,1,enterprise,14.7,0
1137,15.9,27.54,2,2,basic,-11.3,1
1138,17.3,50.26,10,0,basic,-21.5,0
1139,10.3,54.08,14,1,pro,32.4,0
1140,24.5,81.37,12,1,basic,26.6,0
1141,32.2,58.02,8,0,pro,33.6,0
1142,12.4,51.02,13,2,basic,75.9,0
1143,17.7,65.49,5,2,basic,31.0,0
1144,11.5,29.88,8,1,basic,59.2,0
1145,17.8,60.49,6,0,basic,-24.2,0
1146,33.0,36.55,7,0,basic,95.0,0
1147,11.0,35.45,9,1,basic,20.7,0
1148,9.8,60.85,7,1,enterprise,83.9,0
1149,14.0,48.09,5,1,basic,53.2,0
1150,12.6,64.26,6,0,basic,18.5,0
1151,18.0,23.19,11,0,enterprise,18.5,0
1152,16.4,48.67,9,0,pro,73.0,0
1153,3.7,36.87,10,2,enterprise,-20.7,0
1154,29.8,40.65,6,0,enterprise,43.3,0
1155,12.5,16.45,9,0,basic,2.6,0
1156,14.7,58.52,14,0,pro,45.6,0
1157,10.9,47.77,12,1,pro,52.0,0
1158,30.7,30.1,10,1,basic,16.1,0
1159,27.3,24.77,9,4,pro,6.0,0
1160,16.7,31.83,11,0,basic,63.8,0
1161,21.0,65.34,8,1,pro,22.5,0
1162,18.5,43.21,7,0,pro,43.0,1
1163,9.5,39.77,7,0,basic,13.8,1
1164,13.4,51.99,7,0,basic,-13.4,0
1165,35.1,44.89,8,0,basic,48.3,0
1166,21.8,48.15,6,0,basic,6.0,0
1167,51.9,55.71,10,1,basic,8.9,0
1168,22.0,49.63,13,0,enterprise,65.3,0
1169,5.8,57.71,8,0,basic,48.6,0
1170,20.3,27.15,8,0,enterprise,24.5,0
1171,13.8,45.69,11,0,basic,44.0,0
1172,5.6,39.54,9,0,basic,21.7,0
1173,5.6,46.35,9,1,basic,-25.2,1
1174,30.2,44.2,4,0,basic,-0.3,0
1175,26.2,35.43,4,1,basic,26.8,0
1176,8.9,39.66,7,1,basic,35.0,0
1177,12.5,58.77,4,1,pro,40.6,0
1178,14.3,36.68,11,0,basic,59.9,0
1179,22.8,26.5,7,0,basic,41.9,0
1180,18.2,53.59,8,0,basic,76.0,0
1181,34.8,59.17,7,1,pro,53.8,0
1182,11.9,40.88,6,0,basic,51.4,0
1183,37.7,46.74,12,4,basic,23.4,0
1184,24.6,32.54,10,1,basic,6.9,0
1185,17.8,41.9,10,0,pro,17.6,0
1186,16.8,61.18,10,0,pro,-2.8,0
1187,21.7,56.7,3,0,enterprise,15.2,0
1188,25.9,47.08,11,1,basic,13.1,0
1189,13.3,40.87,11,0,basic,52.0,0
1190,12.1,20.95,3,0,basic,33.0,0
1191,13.5,49.56,7,1,pro,63.2,0
1192,12.5,51.67,8,3,basic,57.8,0
1193,26.6,60.44,9,0,basic,8.5,1
1194,23.6,74.57,4,0,basic,56.4,0
1195,4.6,50.49,11,0,pro,14.1,0
1196,11.5,59.02,11,0,basic,97.5,0
1197,7.0,28.55,7,0,basic,42.9,0
1198,13.8,62.67,13,1,basic,1.9,1
1199,12.1,57.72,6,0,pro,-21.3,0
1200,9.7,65.0,7,1,pro,25.2,0
1201,22.4,54.9,8,0,basic,5.0,0
1202,11.9,51.64,10,0,pro,24.5,0
1203,17.7,66.7,6,0,pro,49.9,0
1204,13.6,35.26,8,0,pro,41.3,0
1205,22.5,54.47,10,0,basic,32.6,0
1206,21.9,60.91,10,0,basic,45.4,0
1207,13.2,33.51,9,0,pro,32.2,0
1208,20.0,28.14,2,0,basic,25.0,0
1209,17.2,51.41,2,0,basic,37.8,0
1210,33.8,46.88,10,0,pro,-5.4,0
1211,9.5,53.99,8,0,basic,9.8,0
1212,17.7,54.52,8,0,basic,24.3,0
1213,15.5,33.86,9,0,pro,30.9,0
1214,13.9,50.04,8,0,basic,-12.0,0
1215,44.1,61.62,12,0,basic,42.5,0
1216,18.8,39.92,9,1,pro,12.1,0
1217,28.2,40.95,6,0,pro,1.0,0
1218,29.1,28.63,8,1,pro,-5.2,0
1219,18.7,57.09,8,0,basic,42.9,0
1220,19.1,73.7,5,1,basic,15.6,0
1221,9.5,25.12,8,1,basic,35.9,0
1222,10.3,56.31,5,1,pro,42.4,0
1223,16.7,58.37,8,0,basic,36.3,0
1224,4.6,36.98,10,2,basic,45.9,0
1225,26.1,39.73,4,0,pro,8.3,0
1226,38.5,29.9,2,1,basic,31.2,0
1227,6.9,33.73,8,0,basic,-4.0,1
1228,20.7,47.62,5,2,pro,84.2,0
1229,27.0,54.74,8,1,basic,41.7,0
1230,10.9,46.92,7,1,basic,41.4,0
1231,9.7,57.72,10,1,basic,42.1,0
1232,5.6,48.21,6,1,pro,9.8,0
1233,22.4,28.13,9,0,basic,41.7,0
1234,15.4,66.46,9,0,pro,24.8,0
1235,20.1,62.56,6,0,basic,59.7,0
1236,9.5,34.86,8,1,enterprise,53.7,0
1237,16.3,71.17,8,0,enterprise,9.3,0
1238,27.0,52.12,7,0,pro,20.8,0
1239,16.2,47.2,12,0,basic,3.4,0
1240,24.0,73.31,11,1,basic,7.0,0
1241,29.7,9.0,5,0,basic,20.6,0
1242,17.6,21.81,14,1,pro,36.2,0
1243,21.7,55.69,7,1,pro,43.0,0
1244,27.2,41.71,6,0,basic,5.6,0
1245,26.2,31.47,5,1,basic,89.0,0
1246,31.7,67.36,9,2,basic,-37.7,0
1247,17.1,52.45,10,2,pro,-38.8,0
1248,14.1,26.67,5,1,pro,7.7,0
1249,46.7,35.68,9,0,basic,39.2,0
1250,17.5,57.71,10,0,basic,27.9,0
1251,22.0,71.46,7,2,enterprise,21.8,0
1252,43.1,16.07,10,1,basic,23.6,0
1253,2.5,49.02,6,1,basic,41.0,0
1254,12.8,39.79,5,1,pro,44.2,0
1255,2.9,19.83,6,1,basic,44.8,0
1256,30.4,42.96,4,0,pro,88.0,0
1257,51.8,21.95,5,2,basic,13.4,0
1258,14.2,37.55,8,0,pro,26.0,0
1259,21.7,69.07,5,0,pro,-11.1,0
1260,24.0,52.93,12,0,pro,64.2,0
1261,4.1,56.85,11,1,basic,-5.8,0
1262,12.8,54.19,10,1,basic,-8.5,0
1263,19.6,50.62,8,0,basic,-2.7,1
1264,6.1,59.66,5,1,basic,65.3,1
1265,11.4,28.39,10,1,basic,33.5,0
1266,29.7,40.19,7,2,basic,17.1,0
1267,21.3,57.94,4,0,basic,22.5,0
1268,7.6,34.82,7,0,pro,6.9,0
1269,8.4,39.07,11,0,basic,41.3,0
1270,20.9,63.15,7,1,basic,-19.9,1
1271,6.1,67.94,6,2,basic,0.9,0
1272,9.6,36.64,8,0,pro,52.0,0
1273,14.9,33.57,11,1,basic,49.5,0
1274,26.9,54.06,15,0,pro,-3.2,0
1275,10.9,49.49,12,1,enterprise,11.0,0
1276,13.3,35.68,8,0,basic,73.5,0
1277,17.2,54.27,9,2,basic,55.9,0
1278,12.1,53.65,13,0,pro,21.0,0
1279,13.6,46.74,17,1,pro,11.8,0
1280,35.7,88.58,10,0,pro,34.2,0
1281,37.5,65.46,6,0,pro,10.8,0
1282,20.0,57.5,7,0,basic,62.8,0
1283,19.0,60.56,10,1,pro,0.7,0
1284,18.5,88.94,11,1,enterprise,8.6,0
1285,32.5,61.66,4,0,pro,33.7,0
1286,13.2,35.06,11,2,enterprise,26.0,0
1287,27.9,50.29,11,1,enterprise,25.0,0
1288,25.2,46.67,8,0,basic,41.5,0
1289,38.9,37.29,8,2,enterprise,20.0,0
1290,27.1,49.41,5,0,basic,35.1,0
1291,12.8,49.29,6,0,pro,28.1,0
1292,20.1,44.79,8,0,pro,28.4,0
1293,19.8,38.48,12,0,basic,44.0,0
1294,9.2,57.76,6,0,pro,-6.1,1
1295,12.4,22.23,7,0,pro,3.5,0
1296,7.4,57.69,8,0,basic,66.3,0
1297,5.3,45.76,10,0,basic,23.4,0
1298,22.8,49.65,7,0,basic,47.7,0
1299,6.7,10.8,10,0,basic,-0.5,1
1300,17.4,70.26,14,3,basic,36.2,0
1301,10.5,20.26,11,0,pro,27.7,0
1302,28.0,32.95,9,0,basic,34.9,0
1303,19.9,55.07,5,0,basic,8.3,0
1304,20.3,36.74,6,0,basic,41.5,0
1305,25.7,39.66,6,0,basic,46.0,0
1306,17.2,12.88,3,1,enterprise,68.3,0
1307,7.4,39.23,9,1,basic,11.0,0
1308,16.3,48.75,9,1,basic,26.8,0
1309,20.2,55.6,14,1,basic,14.7,0
1310,15.5,41.43,10,2,basic,-33.2,1
1311,18.9,48.86,10,0,pro,22.6,0
1312,6.9,52.08,7,1,basic,26.0,0
1313,18.5,35.76,12,3,basic,35.9,0
1314,47.1,34.63,8,0,enterprise,29.8,0
1315,8.9,74.43,8,0,basic,-9.9,0
1316,9.1,33.17,5,0,basic,22.6,0
1317,57.6,63.76,5,2,pro,49.7,0
1318,24.1,46.7,8,1,pro,18.1,0
1319,41.1,67.29,4,1,basic,18.4,0
1320,31.1,36.28,4,1,basic,-17.6,0
1321,5.9,53.27,8,0,basic,4.5,0
1322,35.2,50.53,6,0,basic,38.4,0
1323,18.3,42.33,5,1,pro,29.7,0
1324,10.2,50.23,12,0,enterprise,63.9,0
1325,23.4,34.38,3,0,enterprise,43.0,0
1326,20.0,44.49,5,1,basic,40.3,0
1327,21.5,39.81,11,3,basic,67.1,0
1328,7.1,56.86,8,1,enterprise,19.7,0
1329,48.4,44.34,17,1,pro,63.3,0
1330,14.8,25.21,10,1,pro,18.8,0
1331,27.3,40.21,11,1,basic,41.6,0
1332,4.8,44.23,2,3,pro,18.7,0
1333,7.0,32.4,12,1,pro,4.8,0
1334,22.0,65.24,9,0,basic,-12.5,0
1335,25.3,51.62,7,0,enterprise,8.6,0
1336,10.5,58.06,9,0,pro,43.4,0
1337,24.2,34.44,13,0,basic,25.9,0
1338,10.5,39.82,4,1,pro,41.8,0
1339,11.3,60.5,4,0,basic,48.3,0
1340,10.4,24.62,10,1,enterprise,54.4,0
1341,8.1,51.08,8,0,pro,40.5,0
1342,6.0,46.99,9,0,pro,25.6,0
1343,16.6,38.32,11,2,basic,52.7,0
1344,28.6,47.01,8,0,basic,-16.1,0
1345,23.5,29.85,8,0,basic,31.4,0
1346,50.4,48.98,8,1,pro,19.9,0
1347,14.0,27.78,6,0,basic,-4.4,0
1348,20.0,26.9,5,1,pro,15.8,0
1349,9.5,66.26,7,0,basic,18.1,0
1350,16.8,35.35,6,0,basic,20.4,0
1351,27.2,14.56,4,2,basic,41.7,0
1352,19.0,60.02,10,0,basic,28.9,0
1353,9.1,34.31,5,0,basic,44.6,0
1354,8.1,9.0,5,1,enterprise,41.1,0
1355,10.9,44.83,6,0,basic,47.7,0
1356,7.5,59.34,10,0,basic,38.9,0
1357,6.9,50.86,13,0,basic,-9.6,0
1358,17.6,71.02,9,1,basic,-16.0,0
1359,6.5,43.84,11,0,pro,27.3,0
1360,9.4,54.5,11,0,basic,59.1,0
1361,20.0,30.84,4,0,basic,24.4,0
1362,4.1,48.09,5,1,pro,28.5,0
1363,22.2,68.25,5,2,basic,15.1,0
1364,7.9,53.12,10,1,pro,5.1,0
1365,6.0,48.09,7,0,pro,26.6,0
1366,12.9,16.55,10,0,basic,18.3,0
1367,11.4,40.14,6,2,basic,-19.9,0
1368,13.0,26.69,7,3,basic,28.4,0
1369,33.2,57.15,12,0,basic,-8.4,0
1370,16.4,34.8,8,0,pro,-1.3,0
1371,5.1,51.03,0,2,basic,53.2,0
1372,11.7,30.92,4,0,basic,52.6,0
1373,19.8,73.52,11,2,basic,55.2,0
1374,18.3,28.4,9,1,pro,50.9,0
1375,8.0,47.73,9,1,pro,38.7,0
1376,11.4,84.49,8,1,pro,27.2,0
1377,10.4,48.87,6,0,basic,3.8,1
1378,6.6,32.82,9,0,enterprise,53.7,0
1379,15.0,54.77,10,0,basic,48.5,0
1380,10.4,60.34,5,1,basic,-10.7,1
1381,13.9,58.56,8,0,pro,44.5,0
1382,16.4,16.62,8,2,basic,55.8,0
1383,10.3,48.9,4,2,basic,37.6,0
1384,33.7,14.29,8,0,pro,19.4,0
1385,17.2,73.74,11,1,basic,27.3,0
1386,13.8,46.76,7,0,basic,15.6,0
1387,16.5,38.9,7,0,pro,29.6,0
1388,32.2,55.65,11,1,basic,73.2,0
1389,7.8,52.92,10,0,pro,22.8,0
1390,23.9,28.19,4,1,basic,30.5,0
1391,7.6,69.74,5,0,basic,66.0,0
1392,21.2,42.13,6,1,basic,73.7,0
1393,6.6,19.71,7,0,basic,16.1,0
1394,13.4,66.43,3,1,pro,20.8,1
1395,10.0,68.41,12,1,basic,22.9,0
1396,11.8,64.3,16,0,enterprise,32.4,0
1397,26.1,53.85,12,1,pro,1.5,0
1398,27.7,32.52,10,0,basic,29.0,0
1399,15.4,59.61,12,0,basic,18.0,0
1400,10.4,73.27,4,0,basic,41.3,0
1401,25.6,57.8,13,1,basic,18.4,0
1402,7.2,69.46,8,1,pro,16.1,0
1403,5.6,34.25,10,0,enterprise,31.9,0
1404,14.7,60.85,14,3,enterprise,57.5,0
1405,14.6,59.64,9,0,basic,63.4,0
1406,17.6,23.65,10,1,pro,27.2,0
1407,15.5,21.63,7,0,pro,47.1,0
1408,59.3,35.07,13,0,basic,-11.5,0
1409,9.1,46.96,7,0,pro,35.8,0
1410,12.1,52.48,4,0,basic,34.8,0
1411,9.9,42.41,7,1,pro,12.8,0
1412,26.3,44.8,11,0,basic,85.9,0
1413,9.4,44.09,12,1,pro,52.3,0
1414,7.0,47.08,11,0,enterprise,16.4,0
1415,14.0,54.45,6,0,basic,74.7,0
1416,10.6,53.14,9,0,basic,33.1,0
1417,18.7,44.96,7,0,basic,18.1,1
1418,3.3,49.63,7,0,basic,50.9,0
1419,24.4,39.08,8,0,pro,62.9,0
1420,18.1,57.62,7,2,pro,44.7,0
1421,12.3,38.29,8,0,enterprise,34.3,0
1422,10.3,70.19,12,0,basic,33.0,0
1423,19.6,45.43,10,0,basic,43.3,0
1424,13.0,49.87,6,2,basic,-17.0,1
1425,19.4,34.48,5,0,pro,63.5,0
1426,39.4,40.66,9,1,basic,37.6,0
1427,16.1,48.24,10,0,basic,-23.6,0
1428,28.3,46.08,12,3,enterprise,79.7,0
1429,21.8,36.55,6,0,basic,14.2,0
1430,10.5,28.52,11,0,pro,25.1,0
1431,31.2,46.39,11,0,pro,24.0,0
1432,23.6,48.09,4,1,basic,47.9,0
1433,8.2,53.97,3,0,pro,27.8,0
1434,18.8,64.36,7,0,basic,27.3,0
1435,40.4,41.15,10,0,basic,21.4,0
1436,26.3,16.1,7,0,basic,47.4,0
1437,24.1,43.67,5,0,basic,-2.9,0
1438,11.9,18.32,3,1,pro,-9.1,0
1439,15.4,26.65,9,0,basic,46.9,0
1440,20.3,61.15,8,1,basic,18.0,0
1441,9.8,54.25,4,0,basic,22.2,0
1442,4.5,36.21,11,2,pro,35.3,0
1443,36.5,36.35,7,2,basic,-0.7,0
1444,10.1,44.48,4,0,basic,-0.6,1
1445,36.6,19.66,8,0,basic,-32.5,0
1446,13.9,52.97,6,0,basic,57.3,0
1447,8.7,40.61,9,0,basic,22.7,0
1448,7.3,73.25,8,0,basic,22.4,0
1449,27.9,30.02,11,2,pro,15.4,0
1450,12.7,60.78,9,1,basic,46.5,0
1451,6.1,35.66,11,0,basic,41.4,0
1452,19.6,61.04,12,1,basic,-6.9,0
1453,15.5,31.22,10,1,basic,5.0,0
1454,10.4,56.78,8,0,basic,33.7,0
1455,10.0,39.26,9,0,pro,-11.8,0
1456,10.0,33.52,6,0,enterprise,14.3,0
1457,15.6,43.59,7,0,basic,2.4,0
1458,11.3,52.94,8,2,basic,24.7,0
1459,7.2,51.87,10,0,basic,42.7,0
1460,27.1,69.4,7,0,basic,26.6,1
1461,32.3,58.1,10,0,pro,38.6,0
1462,14.0,9.0,9,1,basic,41.3,0
1463,15.7,39.86,8,0,basic,-2.8,0
1464,27.1,16.09,6,0,pro,1.1,0
1465,10.2,40.11,7,0,basic,-26.4,0
1466,19.2,55.15,11,0,pro,71.6,0
1467,30.7,25.87,16,2,pro,3.8,0
1468,13.4,28.21,8,0,basic,15.5,0
1469,3.4,48.0,8,0,pro,19.4,0
1470,6.8,41.54,8,1,basic,59.6,0
1471,9.8,69.5,11,1,pro,46.4,0
1472,15.3,50.66,9,1,pro,23.7,0
1473,4.5,53.8,9,1,basic,9.4,0
1474,5.5,71.99,13,0,basic,2.5,0
1475,19.9,38.36,6,0,basic,23.9,0
1476,45.5,45.83,9,1,basic,-7.0,0
1477,22.6,31.02,9,3,pro,56.1,0
1478,14.2,49.71,14,0,basic,13.3,0
1479,29.4,61.32,4,0,basic,30.3,0
1480,28.7,66.31,11,0,basic,36.1,0
1481,27.4,45.32,5,1,enterprise,54.9,0
1482,6.6,35.24,7,1,basic,32.2,0
1483,41.4,34.41,8,0,pro,22.1,0
1484,5.7,25.02,11,1,basic,73.7,0
1485,12.7,47.69,12,0,pro,57.8,0
1486,2.4,66.2,9,0,basic,67.4,0
1487,18.8,10.42,13,0,enterprise,80.3,0
1488,13.7,13.34,5,1,pro,13.0,0
1489,22.6,66.85,7,0,enterprise,70.5,0
1490,13.2,21.81,12,0,pro,21.1,0
1491,6.7,50.84,11,1,basic,22.7,0
1492,14.8,27.06,9,0,enterprise,11.3,0
1493,5.6,57.61,10,1,basic,7.2,1
1494,45.0,57.62,9,0,basic,39.9,0
1495,4.5,48.44,7,0,basic,-14.0,0
1496,22.6,58.27,10,1,pro,23.2,0
1497,7.3,46.68,10,0,pro,23.9,1
1498,9.5,54.37,15,1,pro,-9.7,0
1499,10.7,73.24,10,0,basic,81.1,0
1500,24.1,62.38,11,1,pro,-0.3,0
1501,15.8,36.09,9,2,pro,14.8,1
1502,16.8,33.92,8,1,pro,29.7,0
1503,5.8,42.38,6,1,basic,62.8,0
1504,24.9,42.53,15,0,basic,21.9,0
1505,13.2,47.04,5,2,basic,14.9,0
1506,11.7,36.92,10,1,pro,55.8,0
1507,33.9,55.75,11,1,pro,20.9,0
1508,26.3,46.55,9,0,basic,55.2,0
1509,16.2,51.41,10,1,pro,25.7,0
1510,24.2,46.1,11,3,basic,30.6,0
1511,7.0,55.21,3,2,basic,56.7,0
1512,14.2,28.08,9,3,basic,4.5,0
1513,17.6,69.69,5,1,basic,6.5,1
1514,12.2,51.21,6,0,basic,51.6,0
1515,10.3,52.76,11,1,enterprise,9.3,0
1516,14.7,55.19,7,0,pro,23.9,0
1517,7.0,62.25,8,1,enterprise,23.5,0
1518,14.7,57.08,9,4,pro,6.6,0
1519,29.4,49.61,6,1,pro,-20.0,0
1520,21.5,43.34,12,0,basic,25.4,0
1521,18.6,21.42,6,2,basic,15.4,0
1522,11.0,49.29,5,3,basic,64.8,0
1523,45.3,41.4,11,0,basic,43.0,0
1524,16.7,41.39,8,1,pro,7.3,1
1525,7.7,82.13,10,0,pro,10.5,0
1526,47.8,18.22,6,0,basic,24.8,0
1527,46.2,46.94,9,2,pro,17.2,0
1528,16.8,64.28,6,1,basic,20.4,0
1529,23.1,60.52,16,0,basic,-1.6,0
1530,20.7,64.71,3,1,basic,14.1,0
1531,17.8,27.12,11,1,pro,30.6,0
1532,25.4,31.72,10,0,basic,-4.3,0
1533,10.5,55.42,7,1,basic,31.6,1
1534,10.6,41.7,6,0,basic,71.9,0
1535,8.3,71.81,9,2,pro,0.5,0
1536,20.5,49.58,10,1,basic,30.9,0
1537,16.1,49.1,5,0,pro,61.0,0
1538,15.3,52.78,13,1,pro,9.8,0
1539,28.0,42.11,6,0,pro,55.9,0
1540,11.6,47.97,8,0,basic,73.6,0
1541,14.5,36.08,10,0,basic,41.5,0
1542,21.2,45.65,4,0,basic,29.2,0
1543,43.2,38.96,7,0,basic,92.5,0
1544,42.9,50.06,7,0,enterprise,28.6,0
1545,24.2,24.98,5,1,pro,30.4,0
1546,17.4,23.86,6,0,basic,28.6,0
1547,23.7,53.13,15,0,basic,17.9,0
1548,23.8,49.64,6,0,enterprise,36.6,0
1549,28.1,31.79,11,0,basic,-5.8,0
1550,15.8,42.85,8,0,basic,65.2,0
1551,5.9,30.53,11,2,enterprise,12.6,0
1552,24.0,76.86,8,1,basic,24.6,0
1553,12.1,22.83,4,1,basic,22.3,0
1554,16.2,71.96,8,1,basic,61.8,0
1555,10.1,33.93,7,1,basic,30.7,0
1556,18.3,52.59,5,2,basic,57.1,0
1557,6.3,42.35,11,0,pro,44.1,0
1558,13.5,40.58,11,0,basic,9.3,0
1559,24.1,60.33,12,2,basic,2.0,0
1560,14.0,58.53,6,1,basic,56.4,0
1561,13.2,41.96,10,0,pro,24.9,0
1562,32.4,32.67,6,0,basic,37.2,0
1563,54.6,77.39,9,2,enterprise,-3.7,0
1564,14.7,67.37,10,1,basic,42.7,0
1565,13.7,48.43,5,1,basic,43.7,0
1566,8.4,41.86,7,0,basic,15.2,0
1567,19.6,50.71,5,0,basic,1.3,0
1568,28.0,47.55,12,0,basic,27.4,0
1569,19.4,64.26,3,0,basic,-3.2,0
1570,12.2,31.85,12,0,basic,30.6,0
1571,22.0,46.64,10,1,basic,33.9,0
1572,16.6,34.57,11,3,pro,48.0,0
1573,13.0,65.93,13,1,pro,39.8,0
1574,8.1,73.38,8,0,pro,22.0,0
1575,20.8,44.96,13,1,pro,35.7,0
1576,16.6,54.43,8,0,basic,3.0,0
1577,32.8,67.43,4,1,basic,66.9,0
1578,10.7,41.85,9,0,basic,31.3,0
1579,17.3,32.34,8,1,basic,21.5,0
1580,21.1,61.95,9,0,basic,38.8,0
1581,11.7,53.94,10,2,pro,15.2,0
1582,13.3,43.24,3,0,basic,35.7,0
1583,13.8,68.26,13,0,enterprise,52.5,0
1584,20.5,49.9,7,0,pro,46.3,0
1585,38.4,19.65,6,2,pro,72.1,0
1586,21.9,51.55,5,1,basic,24.5,0
1587,5.8,45.47,12,1,pro,25.2,0
1588,9.0,74.57,9,0,basic,-9.2,0
1589,15.7,46.11,1,0,pro,11.0,0
1590,24.3,43.27,10,0,basic,41.2,0
1591,18.4,52.92,7,1,basic,33.6,1
1592,23.3,50.04,9,0,basic,41.8,0
1593,10.0,25.25,10,0,pro,60.8,0
1594,57.9,48.17,8,0,enterprise,50.0,0
1595,13.6,41.46,12,1,pro,17.6,0
1596,5.6,67.44,4,0,pro,79.1,0
1597,16.6,82.38,8,0,enterprise,44.5,0
1598,41.7,29.61,7,1,pro,51.1,0
1599,8.8,31.89,13,0,pro,62.4,0
1600,22.9,33.75,7,0,pro,61.6,0
1601,21.2,36.53,11,0,basic,1.2,0
1602,37.2,36.03,6,1,basic,22.6,0
1603,19.6,47.19,9,0,pro,22.3,0
1604,26.5,62.72,8,0,basic,20.8,0
1605,19.5,26.87,12,2,basic,41.2,0
1606,21.6,23.31,8,1,basic,44.2,0
1607,9.0,18.75,8,0,basic,60.5,0
1608,7.8,62.97,7,1,basic,17.3,0
1609,18.7,66.3,14,0,pro,26.6,0
1610,16.2,23.37,5,1,pro,39.3,0
1611,17.7,21.93,12,1,basic,45.4,0
1612,32.0,48.35,6,0,basic,9.5,0
1613,6.7,62.79,5,2,pro,20.5,0
1614,15.9,61.62,8,0,basic,41.8,0
1615,30.4,49.3,5,1,pro,65.2,0
1616,6.9,56.63,8,1,pro,-27.4,0
1617,8.7,51.31,8,0,basic,33.9,1
1618,4.2,38.09,10,0,enterprise,30.4,0
1619,23.2,75.04,7,1,pro,31.2,0
1620,21.0,46.39,8,0,basic,14.9,0
1621,5.6,29.73,11,1,pro,40.7,0
1622,30.2,39.39,5,0,pro,27.9,0
1623,11.9,23.28,7,1,pro,19.6,0
1624,13.0,46.66,6,0,basic,45.0,0
1625,21.2,62.86,5,0,basic,15.4,0
1626,25.1,27.43,8,1,pro,25.8,0
1627,8.5,63.33,5,3,basic,59.8,0
1628,18.7,77.82,12,2,pro,45.2,0
1629,15.3,52.1,7,0,basic,9.1,0
1630,34.6,29.05,10,2,pro,5.5,0
1631,9.9,33.62,8,0,pro,29.4,0
1632,34.4,41.4,7,1,basic,29.9,0
1633,4.3,27.19,5,2,basic,66.4,1
1634,22.8,27.66,6,0,basic,35.4,0
1635,36.6,42.52,8,0,pro,8.9,0
1636,23.6,43.71,5,0,basic,52.5,0
1637,32.8,55.51,9,1,basic,46.9,0
1638,28.4,28.42,9,0,pro,30.3,0
1639,5.8,74.52,10,0,enterprise,36.5,0
1640,10.8,62.35,9,2,basic,80.9,0
1641,30.9,59.79,6,0,basic,16.9,0
1642,18.8,36.65,10,0,basic,29.6,1
1643,14.9,72.53,9,2,basic,51.8,0
1644,34.9,41.28,9,1,pro,69.4,0
1645,21.3,73.67,10,0,basic,-32.6,0
1646,3.3,62.5,4,1,enterprise,28.8,0
1647,7.4,32.97,16,1,basic,28.0,0
1648,17.0,39.61,12,0,basic,15.9,0
1649,12.5,74.51,6,0,basic,29.9,0
1650,8.3,61.46,7,1,basic,41.8,0
1651,13.9,44.1,6,0,basic,2.0,0
1652,12.2,49.49,4,1,pro,-9.8,0
1653,15.8,49.41,5,2,enterprise,56.1,0
1654,15.2,34.83,9,1,pro,10.3,0
1655,12.9,43.42,9,1,basic,-23.4,0
1656,11.9,36.52,5,0,pro,21.9,0
1657,16.0,39.99,11,0,pro,38.0,0
1658,14.4,53.43,12,0,pro,28.4,0
1659,15.9,32.06,7,0,basic,30.5,0
1660,15.5,57.34,8,0,basic,8.7,0
1661,9.2,48.08,6,0,pro,75.9,0
1662,18.0,57.88,8,0,pro,12.6,0
1663,7.7,59.78,7,1,pro,1.8,1
1664,21.7,65.15,7,0,pro,-9.9,0
1665,38.9,55.87,5,0,pro,54.1,0
1666,15.0,57.05,11,0,basic,21.7,0
1667,16.7,43.73,6,0,pro,47.3,0
1668,48.6,54.98,5,0,pro,41.3,0
1669,15.1,32.9,9,0,pro,19.0,0
1670,7.6,42.73,8,1,pro,8.1,0
1671,20.1,57.68,3,2,basic,3.3,0
1672,8.7,45.65,13,0,basic,2.1,0
1673,23.4,53.13,5,2,pro,18.1,0
1674,6.9,30.55,6,0,basic,31.2,0
1675,17.1,66.98,7,1,pro,48.6,0
1676,18.9,37.76,7,0,enterprise,-8.1,0
1677,29.8,52.37,7,0,basic,61.9,0
1678,20.3,46.08,10,0,basic,45.0,0
1679,7.5,60.44,1,0,pro,-1.0,1
1680,18.3,40.68,2,2,basic,35.5,0
1681,17.0,31.39,8,0,basic,50.6,0
1682,36.2,17.9,16,0,enterprise,59.4,0
1683,12.5,41.82,9,2,basic,76.0,0
1684,13.8,28.48,10,1,enterprise,-23.0,0
1685,20.7,54.46,8,1,pro,9.7,0
1686,13.9,68.1,10,1,pro,31.9,0
1687,8.1,12.97,11,1,basic,15.7,0
1688,10.0,27.03,8,1,basic,65.9,0
1689,17.3,51.07,7,0,basic,39.6,1
1690,15.8,64.99,10,1,basic,54.5,0
1691,8.6,51.02,10,0,enterprise,33.7,0
1692,13.9,51.3,8,0,pro,-25.3,0
1693,16.7,54.03,10,0,basic,26.0,0
1694,3.2,55.07,9,1,pro,15.3,0
1695,5.4,71.15,10,1,pro,12.1,0
1696,3.4,55.64,6,2,pro,100.0,0
1697,4.6,27.75,4,1,basic,-0.4,0
1698,18.0,39.31,6,0,basic,30.2,0
1699,17.1,49.58,10,0,basic,35.8,0
1700,4.1,34.21,9,0,basic,30.7,0
1701,23.4,42.49,14,2,enterprise,40.8,0
1702,27.1,38.51,3,1,basic,47.2,0
1703,16.1,35.87,6,0,pro,33.3,0
1704,19.6,56.87,6,0,basic,24.2,0
1705,19.8,40.56,7,1,basic,8.9,1
1706,10.7,29.97,10,3,basic,13.7,0
1707,35.1,35.64,6,1,pro,35.8,0
1708,8.6,46.98,9,0,basic,-6.8,0
1709,12.2,78.24,9,0,basic,31.6,0
1710,2.2,50.31,6,0,basic,29.1,0
1711,24.0,68.78,9,0,basic,20.9,0
1712,10.5,53.87,17,1,pro,33.7,0
1713,37.9,14.03,9,0,pro,30.4,0
1714,5.0,52.13,7,1,basic,29.2,0
1715,36.1,33.57,11,0,pro,24.8,0
1716,2.6,26.0,10,0,enterprise,28.4,0
1717,14.1,30.17,8,0,basic,19.4,0
1718,15.6,73.38,11,0,basic,60.4,0
1719,12.0,22.6,2,2,basic,5.2,1
1720,34.6,37.06,8,1,pro,32.2,0
1721,8.5,63.88,8,2,enterprise,17.2,0
1722,12.7,56.44,10,0,basic,39.7,0
1723,16.0,20.6,10,0,enterprise,95.9,0
1724,15.1,44.73,9,0,pro,-12.9,0
1725,13.2,38.62,7,0,basic,61.4,0
1726,19.5,43.45,5,0,enterprise,43.2,0
1727,13.3,57.75,18,0,pro,56.6,0
1728,32.5,37.7,8,1,basic,-1.7,0
1729,9.4,41.57,8,0,pro,62.1,0
1730,14.9,68.43,12,2,basic,52.4,0
1731,20.3,18.57,7,2,basic,22.1,0
1732,21.5,40.77,13,0,enterprise,51.4,0
1733,33.1,53.48,9,0,basic,-15.3,0
1734,11.0,27.57,11,0,basic,45.3,0
1735,26.3,36.86,3,0,basic,63.4,0
1736,15.1,26.54,7,1,basic,-1.5,0
1737,3.9,48.73,5,0,basic,59.2,0
1738,24.8,36.97,9,0,pro,55.5,0
1739,6.4,58.26,11,0,basic,24.6,0
1740,11.3,61.8,7,0,basic,11.9,0
1741,20.4,47.07,12,0,basic,-16.4,0
1742,10.9,40.64,10,0,pro,0.8,0
1743,8.6,50.31,4,0,basic,14.0,1
1744,20.7,47.24,8,0,pro,57.8,0
1745,26.7,27.98,8,0,pro,18.3,0
1746,10.6,62.56,7,0,basic,51.9,0
1747,12.5,49.78,10,0,basic,25.2,1
1748,19.3,58.28,9,1,basic,21.8,0
1749,16.0,25.78,9,3,basic,37.9,1
1750,13.2,59.61,5,1,pro,54.4,0
1751,39.3,78.2,5,2,basic,30.1,0
1752,12.8,55.67,8,0,basic,43.2,0
1753,8.7,24.44,9,0,pro,21.3,0
1754,12.1,46.91,2,1,basic,10.2,1
1755,19.0,45.46,7,0,pro,43.5,0
1756,9.8,49.65,5,1,basic,46.3,0
1757,8.3,42.81,11,2,enterprise,-11.0,0
1758,5.3,53.84,5,1,basic,27.2,0
1759,43.7,39.31,8,1,basic,51.0,0
1760,21.0,49.81,10,1,pro,17.6,0
1761,7.0,35.92,8,2,basic,-5.2,0
1762,20.3,47.83,8,0,pro,21.9,0
1763,19.6,61.39,4,0,pro,-44.6,0
1764,28.9,38.91,12,1,basic,36.1,0
1765,8.2,56.42,5,1,basic,48.0,0
1766,29.0,32.91,12,0,enterprise,53.7,0
1767,23.9,40.7,17,0,pro,42.6,0
1768,7.1,42.74,6,0,basic,45.1,0
1769,17.0,65.18,7,0,pro,53.0,0
1770,17.4,34.72,6,1,pro,24.1,0
1771,18.3,64.75,10,0,basic,28.3,0
1772,2.9,24.14,8,2,pro,-4.6,0
1773,17.7,43.92,15,0,basic,58.7,0
1774,12.2,60.12,7,2,enterprise,12.2,0
1775,24.1,56.83,10,1,basic,35.0,0
1776,17.2,31.02,7,0,basic,-4.7,0
1777,10.7,27.78,8,0,basic,26.9,0
1778,8.0,59.58,7,0,basic,18.5,0
1779,13.0,27.19,5,1,basic,52.3,0
1780,17.9,55.07,7,0,pro,54.7,0
1781,14.7,38.4,5,1,pro,20.6,0
1782,5.9,46.12,5,0,basic,-24.5,1
1783,34.6,81.35,7,0,pro,24.1,0
1784,24.3,69.77,2,0,basic,-14.4,0
1785,15.9,59.01,8,2,basic,62.1,0
1786,17.2,25.41,8,0,enterprise,-0.8,0
1787,20.9,51.12,5,1,pro,48.5,0
1788,17.6,47.08,6,0,enterprise,29.9,0
1789,13.6,44.75,3,0,basic,12.9,0
1790,28.0,66.53,6,0,pro,-7.4,0
1791,14.0,20.21,10,1,pro,27.7,0
1792,12.9,51.08,7,2,pro,-14.4,1
1793,15.8,48.17,12,0,pro,70.9,0
1794,14.5,34.87,4,0,basic,35.6,0
1795,17.0,72.43,12,1,basic,-32.4,0
1796,60.0,27.03,8,1,pro,-21.7,0
1797,11.3,46.67,8,1,basic,54.6,0
1798,20.0,47.46,13,0,basic,23.5,0
1799,24.8,13.0,8,1,basic,10.4,0
1800,5.7,24.54,8,0,basic,43.1,0
1801,13.2,31.53,6,0,pro,50.2,0
1802,5.4,58.18,8,0,pro,-7.3,1
1803,9.9,60.58,5,1,basic,50.6,0
1804,5.6,55.25,11,1,pro,40.4,0
1805,17.2,49.87,6,0,enterprise,31.9,0
1806,10.6,12.86,9,0,basic,21.3,0
1807,26.6,49.5,15,0,pro,8.6,0
1808,12.9,38.42,1,1,pro,-31.7,0
1809,12.1,63.99,9,1,enterprise,44.4,0
1810,10.6,66.64,8,0,pro,28.4,0
1811,9.1,80.17,11,1,basic,42.8,0
1812,26.7,56.97,12,0,basic,67.6,0
1813,6.2,58.58,7,1,pro,2.9,1
1814,29.1,30.55,4,0,basic,31.9,0
1815,13.6,47.4,10,0,pro,24.6,0
1816,6.6,27.44,6,1,pro,30.4,0
1817,16.2,59.81,5,0,basic,31.8,0
1818,10.3,28.05,4,0,basic,2.4,0
1819,10.0,42.93,7,1,pro,-0.7,0
1820,29.8,33.72,9,1,pro,29.4,0
1821,21.6,39.06,6,1,pro,42.6,0
1822,1.4,53.12,7,0,enterprise,-21.7,0
1823,13.5,37.6,6,2,basic,21.7,0
1824,13.4,49.51,9,1,pro,66.7,0
1825,11.3,30.92,5,2,basic,74.5,1
1826,34.3,67.39,7,0,basic,-21.3,0
1827,8.7,36.37,8,0,basic,45.8,0
1828,8.8,61.54,12,0,basic,23.5,0
1829,16.5,78.65,11,1,basic,12.9,0
1830,27.7,9.1,7,1,basic,41.6,0
1831,5.7,31.06,11,0,pro,8.1,0
1832,13.4,43.01,6,0,pro,65.6,0
1833,12.6,63.94,11,1,pro,58.0,0
1834,21.4,38.77,8,0,pro,-24.2,0
1835,46.6,51.9,9,1,basic,36.7,0
1836,23.8,35.03,5,0,basic,67.4,0
1837,11.4,54.69,11,0,basic,35.3,0
1838,9.2,27.65,5,0,pro,-20.4,0
1839,1.8,58.86,11,0,basic,1.5,0
1840,15.7,9.0,2,0,basic,-3.9,0
1841,24.6,17.32,8,2,pro,22.7,0
1842,22.2,73.83,9,0,pro,52.2,0
1843,10.8,48.74,7,1,enterprise,33.4,0
1844,34.6,32.46,12,0,basic,56.7,0
1845,7.0,79.69,5,0,basic,46.1,0
1846,27.2,62.12,11,2,pro,43.4,0
1847,20.0,63.31,8,1,basic,85.5,0
1848,10.5,39.66,10,1,pro,22.1,0
1849,26.8,55.58,11,0,pro,-3.8,0
1850,7.3,53.83,10,1,basic,48.8,0
1851,8.5,20.79,10,0,basic,34.8,0
1852,18.5,55.14,5,0,basic,-7.6,0
1853,39.9,43.27,7,1,pro,11.1,0
1854,24.9,65.72,10,0,enterprise,5.0,0
1855,10.1,66.03,17,0,pro,34.8,0
1856,36.2,36.26,4,0,pro,22.1,0
1857,51.1,36.85,7,2,basic,-0.4,0
1858,18.1,49.0,7,0,pro,-1.0,0
1859,16.2,56.08,15,1,pro,4.0,0
1860,7.8,39.78,7,3,basic,65.6,0
1861,7.6,44.32,10,1,pro,-5.6,1
1862,5.7,55.4,7,1,pro,4.5,1
1863,7.9,52.53,10,0,basic,36.1,0
1864,4.9,63.84,8,0,pro,7.3,0
1865,12.5,49.71,7,1,basic,27.9,0
1866,9.3,32.48,5,2,basic,19.8,0
1867,11.8,19.05,10,0,basic,57.2,0
1868,19.2,58.47,12,0,basic,31.8,0
1869,7.4,40.94,13,0,pro,11.2,0
1870,9.4,40.71,12,0,basic,-37.1,1
1871,16.1,41.6,15,0,pro,40.8,0
1872,50.6,21.95,7,2,basic,17.4,0
1873,24.4,40.04,9,0,enterprise,56.8,0
1874,3.4,9.0,7,0,basic,42.6,0
1875,22.2,39.86,8,1,pro,26.5,0
1876,20.1,32.3,5,0,basic,49.9,0
1877,12.6,74.21,3,1,basic,43.8,1
1878,1.4,52.88,11,0,enterprise,-9.2,0
1879,8.5,42.74,6,1,basic,24.6,1
1880,18.4,48.51,9,0,pro,33.3,0
1881,39.5,57.21,11,1,pro,19.0,0
1882,25.8,34.4,11,2,pro,10.7,0
1883,12.3,42.48,5,1,basic,27.0,1
1884,12.3,40.56,2,0,basic,33.1,0
1885,20.6,84.17,8,2,basic,32.6,0
1886,19.9,47.12,5,0,pro,31.5,0
1887,32.3,15.79,8,0,pro,21.2,0
1888,1.4,58.24,9,0,basic,37.3,0
1889,15.4,85.75,7,0,basic,29.7,0
1890,13.2,31.29,9,0,enterprise,-5.1,0
1891,10.3,99.49,8,0,basic,19.2,0
1892,12.0,45.02,8,0,pro,55.0,0
1893,9.8,61.38,5,0,enterprise,5.9,0
1894,9.1,37.31,6,0,basic,43.7,0
1895,4.6,41.83,15,3,basic,35.9,1
1896,10.1,27.02,5,0,basic,39.6,0
1897,19.9,29.71,8,0,basic,11.4,0
1898,28.6,12.96,7,0,basic,29.0,0
1899,14.4,63.6,5,1,pro,14.6,0
1900,38.7,28.27,8,4,pro,74.2,0
1901,33.9,51.67,7,0,pro,14.0,0
1902,3.1,51.05,10,1,basic,32.6,0
1903,16.9,35.95,7,0,basic,27.6,1
1904,16.5,46.69,7,0,pro,-25.5,0
1905,21.8,44.49,7,0,pro,-36.6,0
1906,29.2,38.31,7,0,basic,49.1,0
1907,11.8,46.71,5,0,pro,12.3,1
1908,26.8,46.73,8,0,basic,49.4,0
1909,3.8,30.2,8,0,basic,3.4,0
1910,21.9,25.93,7,2,basic,46.3,0
1911,6.6,32.83,11,1,basic,19.2,0
1912,6.6,47.8,5,1,basic,48.1,1
1913,25.4,67.28,5,0,basic,4.1,0
1914,9.8,68.63,8,0,basic,49.8,0
1915,22.1,50.77,7,0,pro,27.5,0
1916,14.6,60.55,7,0,basic,42.1,0
1917,18.1,47.81,9,1,pro,1.8,0
1918,12.1,62.99,5,2,pro,29.7,0
1919,4.4,47.89,4,0,basic,32.9,0
1920,30.8,51.98,3,1,pro,70.6,0
1921,30.8,41.5,13,0,basic,34.1,0
1922,16.5,45.81,10,1,pro,35.4,0
1923,14.5,75.26,4,1,basic,14.1,0
1924,9.5,27.35,4,0,pro,16.7,0
1925,8.2,45.93,6,0,pro,24.0,0
1926,8.0,36.73,7,0,basic,25.7,0
1927,6.0,60.74,10,2,basic,15.5,0
1928,14.1,73.99,12,1,basic,17.3,0
1929,30.2,41.05,8,0,basic,18.7,0
1930,11.5,9.0,8,1,enterprise,61.4,0
1931,20.1,55.4,5,0,pro,30.1,0
1932,20.7,55.41,5,1,basic,-1.5,1
1933,9.5,19.76,3,0,pro,35.7,0
1934,22.7,42.11,6,2,pro,21.2,0
1935,14.8,44.82,9,1,basic,61.9,0
1936,34.2,10.0,4,0,pro,11.6,0
1937,31.9,56.32,8,1,pro,34.9,0
1938,13.2,52.67,7,0,basic,6.1,0
1939,13.2,49.55,7,0,pro,64.6,0
1940,38.3,29.38,10,1,enterprise,-2.8,0
1941,8.3,34.79,3,0,basic,15.4,0
1942,41.6,36.0,13,0,pro,35.2,0
1943,31.4,53.26,9,0,basic,50.8,1
1944,11.7,30.55,11,1,basic,51.7,0
1945,14.6,68.55,9,0,basic,27.5,0
1946,25.6,51.69,12,0,pro,-10.8,0
1947,7.1,11.96,8,2,basic,43.5,0
1948,8.0,71.97,6,0,basic,53.8,0
1949,25.7,48.26,6,3,basic,-27.1,0
1950,18.9,37.24,10,0,pro,54.5,0
1951,19.8,47.38,9,2,pro,20.1,0
1952,56.7,17.39,7,0,basic,-2.6,0
1953,17.9,48.74,9,2,basic,-3.8,0
1954,11.8,9.0,5,1,pro,29.3,0
1955,27.7,29.85,11,0,basic,15.1,0
1956,22.2,66.85,12,1,pro,27.8,0
1957,11.6,65.41,13,1,basic,53.9,0
1958,8.2,40.44,11,0,pro,2.4,0
1959,20.3,30.7,5,1,basic,51.6,0
1960,12.1,60.27,10,0,pro,50.2,0
1961,9.2,44.96,7,0,basic,-4.5,0
1962,10.2,49.04,9,1,enterprise,9.0,0
1963,32.8,55.49,6,0,pro,59.6,0
1964,14.0,28.96,7,0,basic,31.0,0
1965,18.0,58.09,4,0,pro,26.8,0
1966,5.6,12.75,10,1,pro,65.6,0
1967,6.2,68.52,11,1,basic,33.6,0
1968,4.1,21.22,3,0,pro,29.1,0
1969,16.6,35.9,5,0,pro,29.1,0
1970,10.2,35.26,12,0,basic,13.2,0
1971,3.0,57.05,12,0,basic,6.5,0
1972,48.8,57.32,9,1,pro,46.4,0
1973,16.2,51.28,7,0,pro,7.5,0
1974,9.3,54.14,8,0,basic,15.5,0
1975,27.4,52.98,7,0,pro,47.3,0
1976,19.9,44.52,7,2,enterprise,-12.7,0
1977,19.3,15.81,7,0,basic,61.6,0
1978,34.9,9.64,9,0,pro,10.8,0
1979,13.7,9.7,8,1,pro,46.9,0
1980,24.1,44.88,10,0,enterprise,3.6,0
1981,8.6,42.07,11,0,basic,44.0,0
1982,7.2,43.44,10,1,basic,6.6,0
1983,7.7,49.12,6,2,pro,49.5,0
1984,18.3,41.93,9,0,pro,-18.1,0
1985,15.8,29.98,9,1,basic,46.1,0
1986,11.2,22.11,4,1,basic,25.7,1
1987,19.8,15.92,7,0,pro,52.3,0
1988,28.9,64.6,5,3,pro,12.3,1
1989,5.8,59.77,9,0,basic,24.9,0
1990,22.4,24.4,8,1,pro,30.6,0
1991,26.4,41.28,5,1,basic,41.3,0
1992,19.0,52.46,4,0,pro,-3.8,1
1993,21.4,70.5,5,1,pro,5.3,0
1994,13.0,36.13,7,0,pro,15.5,0
1995,6.8,48.28,10,0,pro,44.6,0
1996,28.9,63.65,6,1,basic,48.6,1
1997,9.3,18.34,14,3,basic,25.6,0
1998,21.8,34.05,6,1,basic,7.9,0
1999,34.0,44.91,8,0,pro,19.9,0
2000,28.6,34.23,4,0,basic,-20.0,0
2001,17.7,78.61,5,0,basic,19.8,0
2002,17.8,59.1,14,0,pro,22.2,0
2003,28.9,48.58,8,0,basic,27.3,0
2004,31.9,30.46,8,0,basic,27.4,0
2005,7.9,59.08,5,0,pro,31.2,0
2006,5.5,55.41,6,0,enterprise,24.5,0
2007,19.0,37.42,10,0,basic,18.8,0
2008,21.8,38.68,8,0,basic,37.7,0
2009,16.0,22.57,9,0,basic,-2.1,0
2010,16.4,44.26,11,1,pro,37.0,0
2011,12.0,59.04,8,2,pro,21.4,1
2012,17.9,61.15,10,1,pro,43.7,0
2013,5.1,54.55,12,0,pro,36.3,0
2014,21.1,58.38,12,1,pro,5.2,0
2015,26.4,36.23,3,0,pro,23.3,0
2016,21.4,38.09,8,1,enterprise,48.2,0
2017,7.9,64.32,12,2,basic,28.8,0
2018,11.8,52.51,8,0,pro,33.9,0
2019,18.3,33.0,5,0,pro,30.9,1
2020,14.5,53.29,8,1,basic,39.0,0
2021,18.1,58.44,8,0,basic,2.7,0
2022,19.2,56.51,6,1,pro,10.7,0
2023,7.9,47.12,13,0,basic,30.6,0
2024,20.4,37.34,2,0,basic,27.1,0
2025,50.7,51.68,6,0,basic,65.9,0
2026,12.3,71.96,9,2,basic,20.5,0
2027,9.7,47.72,6,0,basic,46.4,0
2028,18.7,34.96,7,0,pro,53.7,0
2029,17.2,50.72,11,1,pro,52.0,0
2030,27.0,26.12,13,0,pro,19.4,0
2031,22.5,48.99,4,1,basic,47.7,0
2032,27.3,40.72,9,0,basic,20.0,0
2033,12.2,60.39,7,0,pro,32.1,0
2034,26.6,47.01,12,1,basic,20.8,0
2035,23.6,61.82,3,0,basic,47.1,0
2036,30.8,81.37,8,1,pro,25.6,0
2037,33.0,41.98,5,0,pro,22.5,0
2038,9.0,32.33,16,1,pro,42.5,0
2039,8.1,52.57,4,2,enterprise,13.7,0
2040,11.4,44.01,8,1,basic,37.9,0
2041,33.4,47.6,3,0,basic,44.2,0
2042,19.0,35.96,14,2,basic,49.6,0
2043,5.8,54.06,6,0,basic,7.1,1
2044,13.9,46.45,6,0,pro,32.6,0
2045,5.2,11.61,13,2,pro,45.4,0
2046,45.0,41.67,13,0,enterprise,37.1,0
2047,22.0,50.57,5,0,enterprise,41.4,0
2048,7.0,63.76,4,1,pro,75.8,0
2049,20.1,36.34,6,0,pro,49.0,0
2050,56.7,32.82,9,0,enterprise,60.2,0
2051,20.5,63.3,11,1,pro,20.8,0
2052,6.1,35.83,8,0,pro,77.7,0
2053,12.6,46.98,6,0,pro,11.4,1
2054,23.8,52.72,6,1,pro,12.3,0
2055,39.8,56.85,6,1,basic,59.3,0
2056,24.8,45.47,8,0,pro,56.3,0
2057,22.8,27.98,7,0,basic,49.0,0
2058,7.7,61.11,8,0,basic,19.7,0
2059,24.0,38.56,6,0,enterprise,18.2,0
2060,36.9,37.21,13,1,pro,-0.8,0
2061,9.2,76.63,7,1,basic,43.6,0
2062,9.1,59.03,9,0,basic,20.2,0
2063,8.9,28.8,8,1,pro,24.7,1
2064,20.1,37.82,9,0,basic,24.3,0
2065,14.6,41.49,9,0,enterprise,26.6,0
2066,40.3,33.64,5,0,basic,17.4,0
2067,33.6,15.43,10,2,pro,-0.3,0
2068,23.6,57.82,8,0,basic,21.0,0
2069,19.6,57.41,9,1,basic,45.9,0
2070,5.4,49.11,6,0,basic,77.8,0
2071,13.7,39.05,8,1,basic,61.8,0
2072,16.1,48.61,14,0,pro,10.7,0
2073,38.3,55.25,7,1,pro,35.8,0
2074,16.4,29.07,7,0,basic,8.8,0
2075,30.4,40.13,5,0,pro,38.9,0
2076,20.9,36.59,7,1,pro,43.0,0
2077,23.5,56.15,5,2,basic,-1.1,0
2078,12.4,49.37,7,1,enterprise,45.7,0
2079,5.7,25.08,7,0,basic,3.9,1
2080,25.9,35.69,7,0,pro,26.6,0
2081,29.7,72.79,9,1,basic,-0.9,0
2082,3.9,30.18,5,2,pro,8.3,0
2083,11.7,47.63,11,0,basic,-27.8,0
2084,15.2,35.48,13,1,basic,22.9,0
2085,24.2,64.68,9,1,enterprise,17.9,0
2086,6.5,44.28,5,0,pro,41.9,0
2087,46.9,38.48,5,1,enterprise,28.1,0
2088,14.3,26.99,6,0,pro,19.6,0
2089,21.2,41.45,6,0,basic,39.8,0
2090,16.0,58.15,11,0,pro,16.5,0
2091,31.0,55.72,7,2,pro,39.5,0
2092,24.7,24.68,12,0,basic,17.8,0
2093,29.4,69.5,10,0,enterprise,50.0,0
2094,12.9,41.42,9,0,pro,42.3,0
2095,20.2,28.87,5,0,pro,22.7,0
2096,23.7,47.22,7,1,basic,29.6,0
2097,52.9,35.57,1,0,basic,15.5,0
2098,26.6,36.24,9,1,basic,14.2,0
2099,16.5,35.4,11,1,enterprise,41.7,0
2100,35.9,43.82,8,0,basic,43.6,0
2101,11.3,37.44,13,0,pro,7.8,0
2102,21.3,18.64,7,0,enterprise,28.5,0
2103,20.5,53.32,13,2,pro,9.2,0
2104,12.7,37.1,13,3,basic,48.6,0
2105,14.4,63.77,4,0,basic,42.0,0
2106,21.8,53.51,12,1,pro,24.2,0
2107,5.1,54.77,14,1,basic,34.7,0
2108,17.7,48.01,11,1,enterprise,56.9,0
2109,3.3,65.3,8,0,basic,59.3,0
2110,2.8,40.1,6,0,basic,6.4,0
2111,28.5,29.76,15,0,basic,13.7,0
2112,15.7,50.53,11,1,pro,20.0,0
2113,24.7,9.0,5,1,basic,-2.6,0
2114,20.2,39.45,9,0,pro,4.3,0
2115,33.3,48.5,5,0,pro,27.9,0
2116,14.6,38.71,9,1,basic,13.4,0
2117,11.7,64.67,4,2,basic,34.0,0
2118,13.5,56.04,10,1,basic,28.8,0
2119,1.0,46.92,9,0,pro,58.8,0
2120,3.4,38.95,14,1,basic,40.3,0
2121,25.1,62.14,3,1,basic,47.2,0
2122,3.6,34.63,12,0,pro,8.5,1
2123,20.9,38.7,5,1,enterprise,1.1,0
2124,24.3,56.73,5,0,basic,67.2,0
2125,6.9,54.38,2,1,pro,36.2,0
2126,7.4,76.69,4,1,basic,13.2,0
2127,6.2,41.78,5,0,pro,-23.7,1
2128,8.4,15.98,10,1,basic,66.8,0
2129,12.9,55.35,8,0,basic,10.8,0
2130,10.0,64.62,4,0,basic,36.9,0
2131,11.6,42.57,9,0,basic,36.8,0
2132,8.5,69.28,11,2,basic,38.6,1
2133,41.1,72.71,9,0,pro,48.8,0
2134,16.4,34.8,10,1,basic,4.4,0
2135,10.4,37.66,9,1,pro,25.0,0
2136,7.4,25.71,14,1,pro,-15.3,1
2137,21.4,53.52,5,0,pro,28.3,0
2138,16.3,56.24,8,3,basic,13.1,1
2139,25.9,54.48,15,0,basic,27.5,0
2140,15.7,25.99,9,2,pro,17.1,0
2141,23.9,33.27,6,0,pro,72.5,0
2142,10.3,22.92,11,0,basic,48.8,0
2143,4.0,20.12,6,0,pro,36.9,0
2144,10.6,24.23,8,0,basic,53.9,0
2145,7.7,20.59,13,0,pro,-54.1,0
2146,8.0,42.25,2,3,enterprise,9.0,1
2147,23.5,51.63,3,1,basic,23.5,0
2148,20.4,54.75,8,0,basic,33.6,0
2149,16.6,44.75,4,1,enterprise,35.2,0
2150,11.5,34.67,8,1,basic,17.4,0
2151,21.9,44.9,11,2,enterprise,24.8,0
2152,14.0,53.87,9,1,basic,53.6,0
2153,17.5,40.47,6,1,enterprise,38.7,1
2154,24.2,45.87,3,1,basic,83.4,0
2155,12.9,40.31,9,0,basic,23.8,0
2156,11.9,36.93,8,1,pro,-9.1,0
2157,28.8,45.56,9,1,pro,17.7,0
2158,12.2,27.77,12,0,enterprise,-25.3,0
2159,15.0,61.29,9,0,basic,-6.1,0
2160,28.8,20.87,9,0,basic,5.8,0
2161,13.6,52.15,7,0,pro,50.8,0
2162,11.4,23.96,9,0,basic,-10.0,0
2163,38.5,68.37,4,1,basic,55.6,0
2164,22.4,58.45,5,0,pro,28.6,0
2165,8.0,32.47,7,0,enterprise,15.7,0
2166,16.1,38.07,7,1,basic,29.2,1
2167,11.1,27.58,6,1,pro,28.4,0
2168,13.8,44.11,3,1,basic,57.7,0
2169,33.7,51.36,6,0,basic,48.4,0
2170,4.4,84.49,5,0,basic,19.9,0
2171,4.8,23.9,7,0,basic,4.7,0
2172,21.5,64.17,7,0,basic,28.3,0
2173,10.5,36.01,5,0,enterprise,74.7,0
2174,9.4,49.26,2,0,enterprise,24.0,0
2175,5.6,58.58,11,0,basic,26.6,0
2176,33.5,53.39,5,2,enterprise,43.9,0
2177,30.8,51.53,7,1,basic,51.0,0
2178,13.8,41.96,8,1,basic,24.9,1
2179,10.4,44.87,11,0,pro,-13.9,0
2180,22.7,47.36,10,1,basic,23.5,0
2181,27.2,63.51,4,4,basic,23.3,0
2182,19.0,22.34,6,0,pro,67.4,0
2183,14.9,37.41,14,0,pro,36.9,0
2184,7.1,25.76,12,0,basic,7.7,0
2185,17.6,30.12,7,0,enterprise,66.9,0
2186,46.6,32.68,9,0,pro,53.7,0
2187,8.6,61.94,6,0,basic,63.9,0
2188,5.0,78.09,8,0,basic,70.6,0
2189,14.3,65.91,12,2,pro,52.1,0
2190,28.6,26.72,9,0,pro,57.1,0
2191,29.8,46.16,8,1,pro,39.9,0
2192,11.4,27.48,6,0,pro,51.8,0
2193,11.3,51.87,11,0,basic,57.0,0
2194,35.2,64.61,8,0,basic,48.8,0
2195,17.7,54.06,10,0,pro,10.9,0
2196,25.5,58.43,6,2,pro,19.7,0
2197,14.6,42.73,6,0,basic,62.7,0
2198,23.9,14.63,7,0,basic,38.1,0
2199,16.7,14.43,7,2,basic,52.0,0
2200,32.4,43.48,4,3,basic,31.8,0
2201,8.9,53.86,8,0,basic,53.0,0
2202,6.5,64.59,10,1,enterprise,62.6,0
2203,21.3,39.63,9,1,basic,36.1,0
2204,3.4,46.15,12,0,basic,62.6,0
2205,20.9,48.94,4,1,basic,16.9,0
2206,29.4,61.39,6,1,basic,28.8,0
2207,21.0,43.92,12,2,pro,9.3,0
2208,17.4,28.12,6,0,basic,28.7,0
2209,23.0,61.68,8,0,pro,38.7,0
2210,17.3,51.33,5,0,basic,12.1,0
2211,5.5,50.89,10,1,pro,69.4,0
2212,14.9,25.39,5,1,basic,70.5,0
2213,8.7,44.88,8,0,enterprise,89.7,0
2214,35.6,18.5,6,2,pro,-6.1,0
2215,24.4,14.07,11,2,basic,24.9,0
2216,14.5,41.34,9,0,basic,36.4,0
2217,19.5,38.29,11,0,pro,50.5,0
2218,13.3,53.74,6,1,pro,7.4,0
2219,34.3,67.21,7,0,basic,38.5,0
2220,9.3,44.46,6,2,pro,73.8,0
2221,44.6,72.55,4,1,pro,34.1,0
2222,29.9,35.93,9,0,pro,44.5,0
2223,8.1,56.75,3,0,pro,51.4,0
2224,12.3,25.47,15,2,basic,61.3,0
2225,18.7,46.94,6,1,basic,38.3,0
2226,21.8,40.12,11,0,basic,-5.6,0
2227,28.9,41.77,6,0,basic,27.0,0
2228,12.2,54.06,6,1,pro,44.8,0
2229,8.8,15.95,8,1,pro,15.9,0
2230,15.9,46.78,10,1,pro,22.4,0
2231,9.1,32.48,11,0,pro,63.7,0
2232,12.1,46.8,18,0,basic,46.3,0
2233,7.3,51.05,10,0,basic,17.4,0
2234,51.6,39.28,9,0,enterprise,66.3,0
2235,23.7,39.26,10,0,basic,28.6,0
2236,15.2,27.24,14,1,pro,46.1,0
2237,24.1,53.45,8,4,basic,20.9,0
2238,15.8,34.64,11,0,basic,17.3,0
2239,10.5,51.83,13,0,basic,38.4,0
2240,21.7,23.04,5,1,basic,30.1,0
2241,6.7,66.05,7,0,basic,33.5,0
2242,9.6,29.27,7,1,basic,16.3,0
2243,27.3,62.8,8,0,basic,-9.5,0
2244,17.4,38.09,9,1,basic,89.4,0
2245,25.2,53.39,8,0,basic,-19.1,0
2246,19.2,42.78,9,0,enterprise,42.3,0
2247,6.4,55.45,6,1,basic,2.9,0
2248,12.0,45.07,5,0,pro,-27.3,0
2249,28.5,64.54,7,0,enterprise,19.7,0
2250,14.7,55.33,8,1,pro,22.9,0
2251,25.3,55.48,7,1,basic,26.2,0
2252,16.4,70.69,5,0,basic,-50.0,0
2253,7.0,34.26,8,1,basic,27.8,0
2254,26.5,65.02,9,1,basic,-9.2,0
2255,13.0,46.1,8,0,basic,-0.0,0
2256,4.0,22.24,8,0,enterprise,21.7,0
2257,36.7,52.35,9,0,basic,42.6,0
2258,14.4,41.86,10,0,basic,5.0,0
2259,10.9,70.96,11,1,basic,-2.1,0
2260,12.1,37.43,7,0,pro,47.5,0
2261,18.8,45.75,12,1,basic,12.7,0
2262,3.8,48.6,11,1,pro,-13.0,0
2263,12.2,15.68,7,0,basic,59.0,0
2264,2.5,52.81,9,1,basic,10.9,0
2265,27.0,29.7,5,0,basic,30.0,1
2266,16.3,66.65,7,0,basic,25.1,0
2267,26.6,70.63,7,2,pro,22.9,0
2268,38.5,44.87,16,0,basic,35.0,0
2269,10.3,20.61,8,0,basic,48.1,0
2270,1.7,47.79,7,1,pro,61.4,0
2271,27.2,47.71,10,0,basic,-0.2,0
2272,8.9,56.08,14,0,pro,18.2,0
2273,3.1,40.44,11,1,basic,63.3,0
2274,21.1,26.69,5,1,basic,61.9,0
2275,9.2,42.81,10,0,basic,33.8,0
2276,41.2,30.76,10,0,basic,31.4,0
2277,23.7,72.26,5,1,basic,62.3,0
2278,3.3,34.12,3,1,basic,12.4,0
2279,15.9,34.97,9,1,basic,43.0,0
2280,10.5,44.28,11,0,pro,44.6,0
2281,24.6,25.92,8,0,pro,51.5,0
2282,13.5,38.14,10,1,basic,19.7,0
2283,31.2,42.92,5,1,basic,24.5,0
2284,23.0,37.48,9,0,pro,24.1,0
2285,50.2,41.13,11,0,pro,20.2,0
2286,21.0,64.09,4,0,pro,29.1,0
2287,10.6,51.67,9,0,basic,46.6,0
2288,15.2,24.43,10,1,pro,76.2,0
2289,9.4,38.39,12,1,pro,7.7,0
2290,7.4,56.48,7,1,basic,58.7,1
2291,17.9,34.99,5,0,pro,28.7,0
2292,21.7,46.26,10,1,basic,21.5,0
2293,12.9,44.55,7,0,basic,34.8,0
2294,16.3,53.13,8,0,enterprise,53.8,0
2295,8.0,42.24,12,0,basic,14.2,0
2296,10.2,42.83,4,0,basic,40.0,1
2297,11.5,31.79,9,1,pro,77.1,0
2298,3.7,50.53,3,2,basic,16.0,0
2299,10.7,30.73,10,0,basic,3.5,0
2300,7.2,71.65,8,1,pro,11.2,0
2301,11.9,44.69,4,1,pro,31.7,0
2302,3.0,41.56,10,1,basic,59.7,0
2303,19.6,57.12,12,0,enterprise,46.6,0
2304,30.7,43.69,8,0,pro,43.3,0
2305,14.0,46.36,8,1,basic,30.6,0
2306,20.0,44.19,7,0,basic,63.6,0
2307,15.9,33.85,6,1,basic,71.0,0
2308,23.5,30.83,4,0,basic,-5.6,0
2309,15.6,34.25,7,1,basic,12.6,0
2310,4.9,62.4,13,1,pro,-14.9,0
2311,38.5,35.35,9,1,basic,37.2,0
2312,4.7,38.76,6,1,basic,20.3,1
2313,21.4,38.1,13,0,pro,28.8,0
2314,24.2,55.72,8,0,enterprise,38.5,0
2315,5.9,75.44,11,0,basic,10.7,0
2316,11.4,30.79,5,1,basic,41.7,0
2317,12.3,53.43,4,1,basic,29.2,0
2318,16.1,46.83,12,1,basic,30.8,0
2319,23.9,40.34,10,2,enterprise,33.2,0
2320,5.9,52.76,5,2,basic,59.3,0
2321,13.3,25.47,7,3,pro,36.9,0
2322,25.2,57.79,8,1,pro,54.0,0
2323,26.5,48.39,3,0,pro,-1.2,0
2324,27.5,29.68,13,0,basic,17.3,0
2325,24.2,69.48,11,1,basic,56.9,0
2326,13.0,58.07,10,0,basic,39.4,0
2327,7.4,62.85,5,0,basic,48.1,0
2328,28.5,22.66,4,1,basic,43.4,0
2329,13.9,40.83,4,0,basic,45.8,1
2330,23.4,36.97,16,0,pro,50.9,0
2331,7.7,54.62,8,0,pro,73.9,0
2332,4.4,65.8,14,1,pro,11.3,0
2333,19.3,15.74,14,0,basic,0.2,0
2334,35.6,45.31,4,0,basic,22.1,0
2335,10.7,43.07,8,0,basic,25.9,0
2336,6.0,60.34,3,0,pro,-18.9,0
2337,20.2,44.38,8,2,basic,40.0,0
2338,19.2,25.47,5,0,basic,1.5,0
2339,10.8,42.02,6,0,pro,13.6,0
2340,5.2,29.1,12,0,basic,24.4,0
2341,34.5,33.06,9,1,enterprise,27.2,0
2342,11.5,45.65,9,1,basic,22.1,0
2343,33.0,37.62,5,0,pro,20.7,0
2344,5.1,49.28,9,1,enterprise,23.4,1
2345,17.9,21.72,7,1,basic,-11.3,0
2346,8.8,80.61,5,0,basic,76.8,0
2347,12.8,64.35,9,2,pro,36.6,0
2348,20.1,56.01,5,0,basic,65.0,0
2349,12.5,25.16,5,0,basic,32.5,1
2350,23.1,11.89,10,1,pro,38.8,0
2351,17.8,31.76,9,0,enterprise,27.9,0
2352,9.3,41.44,1,1,basic,72.1,1
2353,5.9,79.23,8,1,pro,-0.2,1
2354,7.9,65.04,12,0,basic,73.0,0
2355,24.6,36.94,10,0,basic,48.8,0
2356,7.1,63.53,8,0,basic,61.1,0
2357,3.1,63.77,10,1,basic,-5.9,0
2358,23.7,45.24,7,1,pro,-10.8,0
2359,27.0,63.66,6,1,enterprise,25.4,0
2360,6.3,50.06,8,1,basic,20.1,0
2361,21.7,34.95,8,0,enterprise,40.8,0
2362,9.7,26.98,11,2,basic,7.9,1
2363,6.8,43.11,7,0,basic,38.6,0
2364,20.4,60.3,8,1,pro,21.8,0
2365,7.3,24.21,11,2,basic,-24.9,0
2366,21.5,20.29,6,2,basic,11.2,0
2367,14.0,53.43,6,1,pro,23.1,0
2368,6.3,9.0,14,0,enterprise,56.4,0
2369,26.0,72.95,9,1,basic,96.4,0
2370,9.2,38.25,10,0,pro,-30.2,0
2371,12.1,56.24,12,1,pro,40.0,0
2372,21.1,73.52,5,0,basic,71.4,0
2373,29.0,22.75,6,2,enterprise,0.3,0
2374,10.6,28.89,1,0,basic,37.2,0
2375,15.0,79.39,12,1,pro,1.6,0
2376,7.9,40.63,12,0,basic,31.1,0
2377,4.7,43.04,9,0,basic,12.4,0
2378,18.5,48.48,10,1,pro,9.0,0
2379,21.4,61.21,7,1,pro,-18.7,0
2380,30.4,65.33,12,2,basic,30.2,0
2381,13.5,46.68,8,1,enterprise,54.8,0
2382,41.8,39.86,11,1,basic,-20.3,0
2383,8.3,44.44,9,0,basic,1.4,0
2384,9.7,49.65,8,0,pro,32.8,0
2385,17.8,65.09,8,0,basic,-16.0,0
2386,3.8,47.08,3,0,pro,-19.5,0
2387,20.2,72.92,10,1,basic,25.4,0
2388,14.2,31.84,8,0,pro,87.9,0
2389,16.1,53.16,4,1,pro,12.3,1
2390,5.1,71.93,10,0,basic,21.7,0
2391,12.3,64.75,3,1,basic,25.5,0
2392,20.0,50.1,6,2,basic,22.6,0
2393,21.8,31.46,12,0,pro,-6.7,0
2394,16.2,34.08,7,1,basic,24.8,0
2395,23.1,42.6,7,0,basic,64.7,0
2396,46.0,49.76,6,0,basic,34.5,0
2397,13.8,41.18,15,1,basic,19.6,0
2398,6.4,22.67,8,0,basic,49.6,0
2399,46.4,33.68,12,0,basic,30.6,0
2400,8.6,52.94,7,1,pro,64.0,1
2401,30.2,57.81,10,0,pro,7.4,0
2402,19.7,23.54,9,0,enterprise,69.4,0
2403,8.7,39.41,9,2,basic,-0.6,1
2404,23.9,19.33,4,0,basic,35.4,0
2405,41.3,36.35,12,1,basic,-8.5,0
2406,2.0,99.33,9,0,basic,68.4,0
2407,18.6,45.98,9,3,basic,42.3,0
2408,16.4,39.7,11,0,basic,20.3,0
2409,35.1,35.97,7,0,pro,36.4,0
2410,23.7,26.44,11,1,enterprise,14.6,0
2411,6.7,16.49,6,0,basic,54.3,1
2412,1.8,44.35,9,1,pro,30.3,0
2413,20.3,40.76,7,1,pro,27.0,0
2414,24.2,67.66,7,0,pro,14.8,0
2415,11.8,19.9,9,0,basic,95.3,0
2416,13.7,51.68,9,1,basic,41.1,0
2417,7.4,65.57,10,0,enterprise,29.7,0
2418,23.0,14.98,4,0,basic,21.8,0
2419,15.8,55.09,6,2,enterprise,9.0,0
2420,23.4,20.3,10,0,basic,61.8,0
2421,12.7,53.01,9,0,pro,34.0,0
2422,8.9,67.63,10,0,pro,34.0,0
2423,10.2,44.94,10,0,basic,56.8,0
2424,40.6,49.4,9,0,basic,47.0,0
2425,30.6,34.36,3,1,basic,30.8,0
2426,27.2,49.44,7,0,pro,46.7,0
2427,30.9,62.37,12,0,basic,69.8,0
2428,13.8,42.2,7,0,basic,66.4,0
2429,15.4,42.86,8,1,pro,35.4,0
2430,5.8,50.99,6,1,pro,54.1,0
2431,22.9,57.63,11,2,basic,-12.3,0
2432,29.8,19.9,7,0,pro,3.2,0
2433,12.2,45.92,11,1,enterprise,45.1,0
2434,39.9,34.5,10,0,basic,1.9,0
2435,8.2,52.62,10,0,basic,44.2,0
2436,14.4,60.9,5,0,basic,17.3,0
2437,17.1,49.79,4,0,basic,27.5,0
2438,28.9,64.82,7,3,basic,38.8,0
2439,31.1,29.81,11,0,pro,4.0,0
2440,9.4,38.74,10,1,pro,29.0,0
2441,26.2,29.83,9,2,basic,66.7,0
2442,60.0,45.92,5,0,enterprise,0.8,0
2443,10.9,46.48,8,0,pro,50.2,0
2444,24.5,41.97,9,1,basic,10.6,0
2445,13.8,26.41,8,0,basic,44.3,0
2446,25.7,43.83,7,1,pro,30.2,0
2447,13.2,38.3,9,0,basic,33.2,0
2448,25.8,54.29,6,1,pro,95.2,0
2449,9.5,40.87,9,0,pro,65.1,0
2450,17.8,62.86,8,1,basic,38.5,0
2451,22.8,48.56,9,0,basic,5.7,0
2452,16.2,16.51,6,1,enterprise,55.1,0
2453,10.7,42.35,8,1,basic,37.2,0
2454,36.8,23.07,9,1,basic,3.2,0
2455,12.5,59.87,9,1,pro,11.0,0
2456,28.7,67.02,11,0,basic,54.0,0
2457,13.5,44.6,4,0,pro,2.5,0
2458,20.7,51.82,10,0,basic,38.6,0
2459,19.1,22.83,13,0,basic,32.2,0
2460,12.9,10.5,12,0,pro,27.5,0
2461,16.2,36.5,11,0,basic,34.3,0
2462,6.6,41.1,7,3,basic,25.9,1
2463,13.8,21.79,8,2,basic,58.6,0
2464,14.7,46.41,2,3,basic,-0.1,1
2465,16.2,49.82,15,0,basic,37.0,0
2466,9.3,54.89,5,1,pro,46.9,1
2467,10.1,68.8,7,2,pro,20.5,1
2468,3.6,57.45,8,1,enterprise,-11.5,1
2469,27.8,39.4,10,0,enterprise,63.7,0
2470,10.3,46.64,6,0,enterprise,59.8,0
2471,7.8,54.25,7,2,basic,-4.2,1
2472,2.6,28.98,8,0,pro,-20.2,0
2473,10.4,65.4,7,1,pro,70.4,0
2474,26.2,58.87,6,0,basic,11.7,0
2475,37.5,41.56,3,0,pro,41.9,0
2476,3.1,35.25,11,1,pro,43.6,0
2477,36.3,103.43,10,1,enterprise,26.4,0
2478,10.5,57.94,6,1,basic,-17.5,0
2479,7.5,59.47,9,0,basic,10.5,0
2480,15.2,72.65,6,2,basic,33.0,1
2481,14.1,60.11,4,0,basic,38.7,0
2482,25.8,48.28,12,0,basic,3.2,0
2483,13.8,55.85,7,0,basic,56.6,0
2484,13.6,31.04,14,0,basic,22.3,0
2485,16.0,56.04,12,1,basic,11.5,0
2486,21.5,21.43,12,0,basic,3.7,0
2487,31.3,51.57,10,1,basic,21.0,0
2488,16.6,53.63,8,0,basic,-8.7,0
2489,22.2,21.14,10,1,pro,20.9,0
2490,26.5,74.55,8,1,enterprise,3.1,0
2491,22.8,27.43,5,0,basic,58.0,0
2492,17.0,61.15,9,0,basic,15.0,0
2493,9.5,36.99,10,0,basic,5.9,0
2494,11.3,49.9,12,1,basic,7.2,0
2495,10.0,35.02,14,1,basic,48.7,0
2496,36.1,83.4,7,0,enterprise,28.1,0
2497,4.9,60.98,6,0,pro,46.8,0
2498,28.6,72.95,2,1,pro,9.9,0
2499,29.6,57.2,2,1,pro,43.9,0
2500,20.6,55.88,7,0,pro,-17.0,0
2501,11.5,47.52,9,0,pro,94.3,0
2502,16.7,41.55,11,2,pro,-1.2,0
2503,20.6,54.57,8,0,basic,17.8,0
2504,16.7,47.7,4,1,basic,25.4,0
2505,4.8,42.92,4,2,basic,55.0,0
2506,9.5,24.11,10,1,basic,16.4,0
2507,13.6,40.56,7,1,pro,-32.3,0
2508,9.0,54.57,4,1,pro,29.0,0
2509,19.0,38.05,7,1,enterprise,39.4,0
2510,16.3,50.64,6,1,basic,-19.2,0
2511,39.4,43.11,8,0,enterprise,1.5,0
2512,12.6,29.46,4,0,pro,40.5,0
2513,14.3,31.42,16,0,basic,8.2,0
2514,36.7,33.93,18,0,enterprise,-2.0,0
2515,25.9,40.86,7,1,basic,57.1,0
2516,8.3,41.31,12,0,basic,15.5,1
2517,24.0,62.52,6,1,basic,-11.4,0
2518,9.1,28.65,10,0,basic,41.9,0
2519,20.6,13.91,5,2,basic,7.2,0
2520,50.8,55.89,11,2,pro,-9.6,0
2521,13.9,38.34,15,1,basic,54.7,0
2522,26.9,43.52,13,0,pro,19.2,0
2523,22.6,84.56,7,0,basic,56.7,0
2524,35.5,67.88,11,4,basic,13.0,0
2525,11.9,54.43,4,0,basic,-8.5,1
2526,17.2,59.93,7,0,basic,7.8,0
2527,23.5,47.23,12,1,basic,24.8,0
2528,13.5,60.14,13,0,basic,10.4,0
2529,11.5,36.01,12,0,pro,74.3,0
2530,19.4,34.45,9,1,pro,39.0,0
2531,25.2,38.22,5,0,basic,10.8,1
2532,22.5,69.71,7,1,basic,19.8,0
2533,9.7,69.36,6,0,basic,73.5,0
2534,18.8,36.1,4,0,basic,40.3,0
2535,17.5,63.3,7,1,enterprise,48.8,0
2536,32.8,42.98,13,2,basic,4.3,0
2537,10.6,61.97,11,1,basic,31.8,0
2538,13.3,40.56,9,0,basic,62.8,0
2539,37.7,60.17,10,1,basic,63.0,0
2540,13.7,43.75,6,0,pro,-0.2,0
2541,9.1,41.05,6,0,enterprise,30.7,0
2542,12.5,45.13,9,0,basic,39.3,0
2543,12.2,47.91,8,0,pro,25.9,0
2544,12.0,36.54,6,0,pro,-25.0,0
2545,35.7,24.43,9,0,basic,16.4,0
2546,10.6,71.57,15,0,pro,28.2,0
2547,6.0,39.45,9,0,pro,32.7,0
2548,32.0,17.53,10,0,basic,38.9,0
2549,18.3,10.58,8,0,pro,27.5,0
2550,21.7,9.0,4,0,pro,5.7,0
2551,18.4,36.08,6,1,enterprise,23.4,0
2552,21.3,66.45,5,0,basic,21.4,0
2553,23.3,20.38,7,1,basic,27.1,0
2554,18.9,40.58,9,0,pro,19.1,0
2555,5.7,17.23,11,3,basic,42.0,0
2556,16.9,62.53,12,1,pro,21.8,0
2557,8.9,51.17,8,1,basic,-7.3,1
2558,19.3,50.52,6,0,basic,67.6,0
2559,17.0,66.36,8,0,pro,42.8,0
2560,33.7,70.92,10,0,pro,53.1,0
2561,9.3,61.44,4,1,pro,40.4,1
2562,8.7,36.65,11,1,pro,72.6,0
2563,8.4,25.15,8,0,basic,64.8,0
2564,22.2,29.48,11,1,basic,57.1,0
2565,8.1,18.56,4,0,basic,32.3,0
2566,8.5,73.42,10,0,basic,21.7,0
2567,23.8,42.65,12,1,basic,58.6,0
2568,7.3,47.58,7,1,pro,-7.3,0
2569,5.4,48.62,13,0,pro,13.9,0
2570,8.4,76.73,8,0,pro,50.5,0
2571,17.1,36.92,8,1,pro,28.5,0
2572,6.3,63.84,8,2,pro,-30.2,0
2573,16.2,50.29,8,1,basic,21.4,0
2574,10.2,43.26,10,0,basic,39.8,0
2575,26.0,16.01,9,1,basic,35.5,0
2576,14.2,59.79,5,0,basic,30.5,0
2577,40.0,34.13,4,0,basic,90.8,0
2578,15.0,38.53,14,1,pro,34.2,0
2579,9.5,49.1,4,0,basic,17.1,0
2580,16.6,47.08,5,2,basic,12.6,0
2581,13.9,62.97,10,0,pro,19.9,0
2582,11.3,35.27,8,1,pro,64.5,0
2583,50.6,48.16,7,0,pro,93.6,0
2584,31.5,49.93,7,1,basic,39.1,0
2585,28.0,46.03,9,0,basic,32.1,0
2586,28.3,56.13,7,0,pro,44.9,0
2587,8.7,41.71,5,0,pro,51.2,0
2588,11.4,64.24,10,0,pro,34.0,0
2589,7.3,34.68,14,2,pro,14.2,0
2590,28.8,23.42,5,0,pro,12.7,0
2591,40.0,45.01,5,1,enterprise,25.9,0
2592,12.6,63.87,4,0,basic,11.3,0
2593,15.3,37.68,10,0,basic,29.8,0
2594,12.6,35.95,12,1,pro,62.7,0
2595,19.6,40.3,10,0,basic,63.3,0
2596,17.4,48.19,5,1,enterprise,33.6,0
2597,19.2,42.93,5,1,enterprise,47.1,0
2598,21.4,50.44,8,1,pro,58.5,0
2599,17.5,19.1,7,1,basic,4.6,0
2600,13.9,68.78,7,0,pro,15.7,0
2601,31.8,54.64,9,5,basic,19.2,0
2602,20.5,32.35,9,1,pro,-13.8,0
2603,9.9,66.83,14,1,basic,59.0,0
2604,33.8,52.59,13,0,pro,13.1,0
2605,15.5,68.37,9,0,enterprise,21.7,0
2606,26.3,27.48,9,0,pro,4.5,0
2607,15.5,71.26,4,0,pro,72.7,0
2608,38.9,46.35,12,0,basic,-6.8,0
2609,38.9,13.87,5,0,basic,33.2,0
2610,16.5,57.27,6,0,basic,21.9,0
2611,14.8,40.98,7,0,enterprise,60.8,0
2612,13.5,30.0,7,0,basic,-1.2,0
2613,21.6,42.32,6,2,pro,26.3,0
2614,22.2,15.65,11,1,basic,-10.1,0
2615,4.0,54.66,7,0,enterprise,6.6,1
2616,8.9,42.3,11,0,basic,23.6,0
2617,33.5,41.47,6,0,enterprise,30.6,0
2618,17.9,67.49,10,0,basic,62.0,0
2619,3.7,46.18,10,1,enterprise,19.7,0
2620,16.3,35.43,15,0,basic,76.4,0
2621,9.9,30.95,6,0,pro,9.4,0
2622,12.4,44.7,3,1,basic,80.7,0
2623,8.5,62.09,4,0,pro,47.0,0
2624,12.5,36.66,6,0,basic,59.7,0
2625,7.8,29.61,11,0,basic,66.8,0
2626,11.7,59.89,7,0,basic,57.1,0
2627,9.3,46.56,14,0,pro,63.2,1
2628,25.8,45.25,8,1,basic,3.8,0
2629,12.9,77.85,7,1,basic,24.7,0
2630,18.2,26.89,10,1,pro,38.8,0
2631,10.7,48.72,5,1,pro,-21.6,0
2632,24.2,18.21,5,0,basic,-8.7,0
2633,17.9,41.0,10,0,basic,14.2,1
2634,11.8,54.71,11,1,enterprise,30.9,0
2635,28.3,63.02,15,1,basic,58.0,0
2636,14.2,26.01,6,0,pro,-8.4,0
2637,51.9,58.54,7,0,basic,75.0,0
2638,18.3,57.73,7,2,pro,-8.8,0
2639,17.5,43.73,6,0,pro,41.4,0
2640,17.8,83.65,6,1,enterprise,20.1,0
2641,32.1,45.64,8,0,basic,40.0,0
2642,18.0,32.03,8,0,pro,74.8,0
2643,12.4,52.21,3,0,pro,6.5,0
2644,7.3,16.87,6,0,basic,57.0,0
2645,39.1,69.73,6,1,pro,36.7,0
2646,32.0,60.89,11,1,basic,19.3,0
2647,36.0,39.46,9,1,basic,44.3,0
2648,15.5,55.12,10,2,basic,5.8,1
2649,7.6,53.91,8,1,basic,67.6,0
2650,18.9,75.51,9,1,pro,16.4,0
2651,8.9,36.12,14,1,basic,19.2,0
2652,11.9,25.69,6,0,pro,69.1,0
2653,31.2,14.21,9,0,pro,72.3,0
2654,11.5,41.07,4,1,pro,18.8,0
2655,7.0,21.4,10,1,pro,27.4,0
2656,16.9,42.95,5,0,basic,-13.2,0
2657,4.7,51.96,7,1,basic,24.3,0
2658,21.6,38.8,6,0,basic,12.1,0
2659,8.5,31.04,10,1,basic,54.9,0
2660,32.7,64.04,5,0,pro,18.1,0
2661,6.1,42.54,9,1,basic,12.0,0
2662,6.9,49.21,9,0,pro,60.0,0
2663,12.0,60.32,4,3,basic,38.3,0
2664,6.7,25.47,13,0,pro,0.2,0
2665,14.5,31.38,8,0,enterprise,16.8,0
2666,21.3,84.2,8,0,enterprise,76.7,0
2667,13.7,43.18,7,0,pro,38.5,0
2668,20.7,29.52,7,1,enterprise,39.1,0
2669,17.5,41.68,9,1,basic,33.2,0
2670,15.5,36.76,8,2,basic,4.0,0
2671,8.6,26.64,6,1,pro,31.9,1
2672,13.2,39.3,6,1,pro,32.2,0
2673,26.9,45.31,9,1,basic,50.6,0
2674,26.1,45.4,13,0,basic,45.3,0
2675,22.1,53.93,9,0,basic,36.9,0
2676,9.3,18.85,9,0,basic,42.4,0
2677,31.0,22.51,6,0,enterprise,5.4,0
2678,10.0,57.8,1,0,basic,-13.9,0
2679,16.1,38.78,4,1,basic,45.2,0
2680,38.4,64.4,9,0,basic,1.3,0
2681,3.9,50.31,16,0,basic,62.9,0
2682,16.1,23.84,6,0,basic,41.5,0
2683,24.6,53.9,7,2,basic,-28.6,0
2684,12.9,29.99,10,0,pro,32.4,0
2685,4.2,49.63,8,0,basic,19.9,0
2686,25.9,64.6,10,0,basic,34.7,0
2687,30.6,78.24,5,1,enterprise,42.2,0
2688,35.9,44.55,10,0,pro,55.2,0
2689,7.7,56.39,13,0,basic,-1.5,0
2690,5.2,50.25,6,0,basic,57.9,0
2691,18.8,57.83,11,1,basic,17.3,0
2692,43.8,9.0,5,1,pro,10.6,0
2693,13.8,39.62,5,0,basic,18.9,0
2694,27.8,50.11,12,0,basic,47.8,0
2695,10.8,52.86,12,0,basic,36.9,0
2696,22.2,33.99,9,2,basic,52.7,0
2697,24.4,58.35,8,0,pro,54.6,0
2698,12.5,62.65,10,0,basic,-2.8,0
2699,40.0,46.7,6,0,basic,79.2,0
2700,14.7,42.12,7,1,pro,4.4,0
2701,41.4,40.12,9,1,pro,-13.5,0
2702,10.4,47.76,6,1,basic,-21.1,1
2703,6.8,63.82,8,1,pro,18.8,0
2704,4.0,68.75,6,0,basic,33.7,0
2705,28.8,38.37,7,0,basic,10.5,0
2706,18.2,31.28,8,0,basic,46.2,0
2707,12.4,33.4,7,1,pro,26.4,0
2708,10.0,60.8,8,1,basic,20.6,0
2709,11.6,49.04,3,1,basic,56.2,0
2710,32.4,50.23,7,0,basic,41.1,0
2711,22.1,53.05,9,3,pro,12.7,0
2712,2.5,51.42,11,0,basic,45.4,0
2713,6.1,43.74,6,0,basic,33.9,1
2714,5.1,29.59,7,1,pro,45.1,0
2715,19.2,36.11,7,0,basic,73.7,0
2716,17.1,47.5,10,0,basic,8.2,0
2717,26.4,51.67,10,1,basic,5.3,0
2718,11.9,39.93,4,1,basic,-6.7,1
2719,12.6,39.23,12,0,basic,20.3,0
2720,10.6,66.69,11,0,pro,50.0,0
2721,23.8,38.44,4,1,enterprise,39.7,0
2722,7.1,49.04,5,0,pro,96.2,0
2723,10.9,40.73,11,0,pro,9.9,0
2724,3.6,32.41,13,0,basic,26.8,0
2725,24.5,22.28,9,0,basic,23.5,0
2726,5.9,37.36,8,0,pro,13.9,0
2727,11.3,33.0,6,1,enterprise,28.6,0
2728,15.2,58.67,6,0,pro,73.5,0
2729,12.1,27.97,10,0,pro,8.3,0
2730,2.4,39.28,7,2,basic,28.9,1
2731,21.3,55.69,4,0,pro,30.1,0
2732,24.3,43.89,4,1,basic,52.4,0
2733,16.9,53.23,14,0,basic,45.4,0
2734,12.1,58.46,7,0,basic,61.9,0
2735,15.0,20.13,6,1,enterprise,99.0,0
2736,47.7,39.3,9,3,basic,10.8,0
2737,9.2,30.87,12,2,basic,8.5,0
2738,8.3,66.33,10,1,basic,34.8,0
2739,25.5,43.82,8,1,pro,36.9,0
2740,40.7,53.25,13,1,basic,45.1,0
2741,28.8,71.69,7,0,pro,56.9,0
2742,16.0,40.17,5,0,basic,11.8,0
2743,40.7,46.76,5,0,pro,27.8,0
2744,11.3,51.88,13,0,pro,41.0,0
2745,22.3,41.53,4,1,pro,47.0,0
2746,4.2,64.86,9,0,basic,-20.5,0
2747,26.0,58.15,9,0,enterprise,42.2,0
2748,15.6,60.97,2,0,basic,22.0,1
2749,32.7,46.36,5,1,basic,7.4,0
2750,1.6,40.37,3,1,pro,2.1,0
2751,20.1,40.18,5,1,pro,68.2,0
2752,15.4,40.03,8,2,basic,15.1,1
2753,14.0,20.48,6,0,pro,-16.1,0
2754,18.5,51.16,11,1,pro,5.1,0
2755,13.2,58.05,7,0,enterprise,35.2,0
2756,24.8,45.46,9,1,basic,42.4,0
2757,6.9,38.03,7,1,pro,19.2,1
2758,21.1,46.17,7,0,pro,57.4,0
2759,30.1,49.05,6,0,basic,60.4,0
2760,8.1,50.61,8,0,enterprise,-30.6,0
2761,44.4,73.07,7,1,basic,36.3,0
2762,15.5,32.53,7,0,pro,70.6,0
2763,10.3,51.16,5,1,basic,26.0,0
2764,22.1,56.13,8,0,basic,21.0,0
2765,21.6,46.79,15,0,pro,19.4,0
2766,19.4,42.01,7,0,basic,-3.4,0
2767,4.6,29.96,6,0,basic,8.1,0
2768,25.6,36.54,5,0,basic,-5.5,0
2769,25.4,56.36,9,0,basic,53.6,0
2770,9.5,67.74,9,0,basic,60.3,0
2771,40.2,35.59,13,2,basic,93.9,0
2772,15.0,52.77,7,0,pro,-8.1,0
2773,19.8,53.51,10,1,pro,-2.1,0
2774,5.4,60.95,13,3,basic,38.5,0
2775,21.3,49.31,9,1,basic,58.8,0
2776,7.3,52.33,4,1,basic,33.8,0
2777,5.4,59.2,10,0,basic,-2.4,0
2778,17.4,27.86,13,0,basic,33.2,0
2779,33.1,46.29,8,0,enterprise,26.6,0
2780,10.4,18.73,6,0,basic,24.5,1
2781,8.0,15.6,4,1,pro,87.1,0
2782,30.6,33.06,2,1,basic,42.6,0
2783,28.0,22.17,5,0,pro,-2.2,0
2784,15.8,53.27,7,0,basic,16.3,0
2785,19.5,60.67,9,0,basic,27.8,0
2786,8.3,40.93,7,1,basic,-3.6,0
2787,6.7,43.46,9,0,pro,-6.2,1
2788,6.2,42.02,7,0,basic,10.8,0
2789,13.1,41.59,5,0,pro,5.4,0
2790,25.1,47.61,8,1,pro,25.6,0
2791,13.2,50.88,6,0,basic,6.8,0
2792,16.3,38.54,13,1,basic,27.9,0
2793,23.9,33.62,10,0,basic,48.7,0
2794,3.1,37.66,4,1,basic,91.3,0
2795,27.2,57.7,7,2,pro,52.8,0
2796,19.6,39.18,9,2,enterprise,76.8,0
2797,8.1,67.53,5,0,basic,40.0,1
2798,13.9,41.88,9,1,pro,35.2,0
2799,5.5,66.26,13,1,enterprise,41.0,0
2800,22.3,27.46,3,1,pro,38.6,0
2801,16.2,35.03,5,2,pro,35.2,0
2802,14.1,52.77,7,1,basic,36.1,0
2803,6.7,52.93,7,2,enterprise,59.2,0
2804,20.4,43.16,7,0,pro,26.1,0
2805,21.3,76.39,6,1,pro,-4.9,0
2806,22.9,46.62,9,0,pro,35.9,0
2807,5.3,49.9,12,0,basic,15.3,0
2808,13.0,36.92,4,2,basic,73.3,0
2809,12.0,70.57,4,3,pro,34.3,1
2810,26.0,58.47,10,1,enterprise,58.1,0
2811,24.7,51.76,5,2,pro,31.9,0
2812,20.9,20.79,8,0,basic,53.0,0
2813,26.2,51.01,6,0,basic,3.7,0
2814,16.6,38.47,10,0,pro,29.1,0
2815,53.0,51.45,14,0,basic,42.5,0
2816,13.8,59.31,9,1,pro,32.6,1
2817,15.7,34.21,7,1,enterprise,35.3,0
2818,7.3,48.79,10,0,basic,48.2,0
2819,19.1,58.77,4,0,enterprise,59.2,0
2820,18.7,47.97,7,1,pro,31.4,0
2821,30.2,40.55,13,0,pro,-6.9,0
2822,19.9,29.53,8,1,pro,43.6,0
2823,7.0,35.42,9,0,basic,11.0,0
2824,16.4,26.35,5,0,basic,29.8,0
2825,16.7,60.4,4,0,pro,28.3,0
2826,23.2,47.07,6,1,pro,1.5,0
2827,17.0,27.17,8,0,basic,94.6,0
2828,11.9,45.42,4,1,basic,43.0,0
2829,17.2,26.04,10,1,basic,35.2,0
2830,17.6,9.0,8,0,basic,37.4,0
2831,8.2,63.7,5,0,pro,7.2,0
2832,9.6,63.14,9,1,basic,4.6,0
2833,17.1,23.27,6,0,basic,14.7,1
2834,28.3,34.67,5,1,basic,10.6,0
2835,17.8,48.59,5,0,basic,60.8,0
2836,15.8,39.71,2,0,basic,-9.2,0
2837,21.0,32.6,7,1,pro,47.4,0
2838,16.6,37.74,7,0,basic,40.1,0
2839,5.4,41.85,7,1,basic,21.4,0
2840,11.6,37.15,11,1,basic,70.2,0
2841,30.6,48.64,10,0,pro,29.8,0
2842,17.3,41.98,7,3,pro,35.7,0
2843,7.8,34.01,5,0,basic,6.7,0
2844,17.6,45.83,6,0,pro,47.4,0
2845,14.9,20.46,8,0,basic,-33.1,0
2846,47.8,67.2,6,2,basic,77.7,0
2847,9.0,19.29,10,2,basic,16.6,0
2848,22.8,44.2,9,0,basic,37.0,0
2849,30.8,50.56,7,1,basic,14.0,0
2850,23.2,51.68,4,0,basic,50.7,0
2851,7.9,49.37,5,3,basic,24.5,0
2852,17.6,64.44,5,1,basic,-8.9,0
2853,9.6,28.53,8,0,enterprise,-25.4,0
2854,12.6,44.4,7,0,pro,47.2,0
2855,23.3,47.64,8,0,pro,9.2,0
2856,5.2,37.98,12,0,basic,-2.9,1
2857,27.1,36.51,11,1,basic,35.0,0
2858,37.6,64.76,3,2,basic,39.5,0
2859,24.9,34.72,7,0,basic,43.7,0
2860,13.3,38.23,8,1,pro,51.9,0
2861,39.7,41.27,3,0,pro,-16.9,0
2862,20.1,42.22,9,0,basic,20.8,0
2863,4.7,47.85,6,0,basic,22.4,0
2864,8.8,42.31,7,2,basic,11.3,0
2865,19.4,51.01,7,0,basic,37.0,0
2866,17.6,47.44,12,1,basic,43.2,0
2867,22.0,52.6,2,2,pro,3.4,0
2868,21.2,65.95,9,0,pro,39.9,0
2869,9.9,32.73,8,1,pro,39.0,0
2870,12.5,70.14,5,0,basic,52.8,0
2871,19.7,38.66,7,3,basic,39.8,1
2872,42.6,55.36,9,1,basic,-17.7,0
2873,28.2,47.79,6,0,pro,18.1,0
2874,33.0,40.94,5,1,basic,-0.7,0
2875,23.8,15.98,13,1,basic,31.6,0
2876,14.8,69.53,7,1,enterprise,35.2,0
2877,11.5,34.03,9,0,basic,-4.1,0
2878,6.7,33.57,6,0,basic,7.9,0
2879,15.8,61.28,7,1,pro,11.5,0
2880,19.6,46.49,8,0,enterprise,32.8,0
2881,10.9,73.84,10,0,basic,60.1,0
2882,4.8,70.55,4,2,basic,-24.5,1
2883,3.5,55.97,6,0,basic,26.2,0
2884,3.9,49.13,10,1,basic,2.9,0
2885,35.3,56.77,10,0,basic,27.4,0
2886,37.9,25.65,3,2,basic,30.2,0
2887,27.2,47.92,11,1,basic,59.5,0
2888,22.9,47.56,5,0,pro,6.1,0
2889,21.7,38.3,7,1,basic,41.6,0
2890,6.3,49.15,11,0,basic,39.8,0
2891,51.1,23.51,9,0,basic,48.3,0
2892,15.8,58.83,7,2,basic,3.1,1
2893,17.5,64.59,7,2,enterprise,4.2,0
2894,12.4,25.99,15,0,basic,18.3,0
2895,5.8,47.51,5,1,pro,18.4,0
2896,19.2,68.43,9,3,basic,26.1,0
2897,28.9,51.59,10,0,basic,28.5,0
2898,21.4,29.93,6,1,basic,69.7,0
2899,6.3,30.58,10,0,enterprise,14.1,0
2900,2.9,58.07,11,0,basic,14.9,0
2901,38.1,72.7,14,1,basic,8.7,0
2902,30.1,29.12,6,1,basic,-16.8,0
2903,6.0,45.88,5,0,pro,21.9,0
2904,12.6,33.74,4,0,basic,66.4,0
2905,44.6,41.07,4,0,enterprise,-3.2,0
2906,12.9,49.92,7,0,basic,20.0,0
2907,13.0,44.69,8,1,basic,38.6,0
2908,17.2,35.09,6,0,basic,12.8,0
2909,20.4,76.69,10,0,basic,-4.7,0
2910,15.1,42.95,5,1,pro,41.7,0
2911,27.1,42.6,6,1,basic,55.5,0
2912,13.7,61.84,8,0,basic,55.3,0
2913,11.1,45.49,6,1,basic,70.1,0
2914,4.3,42.29,5,2,basic,19.3,0
2915,19.0,59.44,10,1,pro,87.3,0
2916,47.2,29.89,6,1,basic,13.5,0
2917,22.4,56.45,13,0,basic,38.0,0
2918,31.1,60.65,8,3,enterprise,32.8,0
2919,19.6,55.16,13,1,basic,-1.4,0
2920,19.2,42.64,8,1,basic,51.2,0
2921,3.2,45.18,13,0,basic,-4.5,0
2922,11.4,19.74,11,1,basic,-26.3,0
2923,13.5,43.36,9,0,enterprise,47.4,0
2924,24.7,49.6,6,1,basic,54.0,0
2925,14.2,58.2,8,2,basic,87.6,0
2926,4.7,47.41,5,1,pro,13.8,1
2927,4.0,39.51,9,1,pro,42.3,0
2928,13.4,32.82,7,0,enterprise,43.6,0
2929,16.9,44.61,10,2,pro,-0.1,0
2930,48.1,47.29,9,2,enterprise,46.6,0
2931,7.0,63.28,7,0,basic,1.9,0
2932,10.6,45.42,7,2,enterprise,33.2,0
2933,11.0,37.85,7,4,pro,20.9,0
2934,38.8,43.69,9,0,pro,62.8,0
2935,13.2,38.11,10,1,pro,55.5,0
2936,14.3,41.8,13,1,pro,45.1,0
2937,21.6,12.5,8,1,basic,0.2,0
2938,1.0,21.62,8,1,pro,32.6,0
2939,29.3,27.54,10,2,enterprise,31.6,0
2940,16.6,52.2,5,0,basic,82.7,0
2941,22.9,44.12,1,1,basic,41.8,0
2942,4.2,47.46,11,0,enterprise,36.7,0
2943,29.3,62.53,8,1,basic,100.0,0
2944,24.6,29.8,8,0,basic,48.7,0
2945,56.3,62.24,7,0,pro,-7.5,0
2946,15.6,50.98,5,0,basic,76.6,0
2947,33.3,34.68,8,0,basic,-36.5,0
2948,26.9,67.37,12,0,basic,51.0,0
2949,15.7,24.1,8,1,basic,30.3,0
2950,3.9,28.55,10,0,basic,18.2,0
2951,27.3,42.18,8,0,basic,32.2,0
2952,16.3,51.28,7,0,basic,36.5,0
2953,37.5,42.43,12,2,enterprise,32.7,0
2954,16.8,13.59,13,0,pro,-18.7,0
2955,5.5,40.84,5,0,basic,-6.6,0
2956,17.1,44.01,8,0,pro,-4.1,0
2957,17.2,82.99,5,0,basic,31.5,0
2958,21.2,65.63,8,0,basic,41.2,0
2959,23.9,47.08,6,0,basic,44.7,0
2960,16.1,29.08,5,0,pro,77.0,0
2961,4.5,50.33,7,2,enterprise,57.9,0
2962,6.6,27.97,9,0,enterprise,1.5,0
2963,16.6,48.26,6,0,basic,-9.3,1
2964,16.8,50.69,11,2,enterprise,26.3,0
2965,29.7,39.31,7,0,basic,15.6,0
2966,17.7,48.95,3,1,basic,7.4,0
2967,28.7,40.36,11,1,basic,79.2,0
2968,18.9,36.79,10,2,basic,45.6,1
2969,12.8,67.98,7,3,basic,6.5,1
2970,41.8,53.86,8,1,pro,30.5,0
2971,15.6,40.7,5,0,basic,15.0,0
2972,15.4,33.88,2,1,pro,2.0,1
2973,18.2,47.87,6,1,basic,3.8,0
2974,28.1,53.64,4,0,basic,82.5,0
2975,13.9,57.85,4,1,basic,34.0,0
2976,18.8,67.07,6,1,pro,23.8,0
2977,10.9,52.07,13,0,pro,40.9,0
2978,21.1,28.66,14,0,basic,12.1,0
2979,2.8,75.3,5,1,basic,63.1,0
2980,10.6,62.42,13,1,basic,61.0,0
2981,11.6,57.54,11,1,basic,69.3,0
2982,14.4,65.03,7,0,pro,-27.6,0
2983,12.4,23.19,4,0,pro,61.8,0
2984,28.2,39.71,8,0,basic,-7.0,0
2985,24.6,37.66,7,1,basic,16.3,0
2986,8.4,62.84,14,2,basic,37.0,0
2987,18.7,27.75,3,0,pro,22.4,0
2988,35.3,40.46,8,2,pro,23.9,0
2989,11.1,67.7,9,0,basic,20.9,0
2990,13.3,54.81,9,2,basic,14.9,0
2991,22.2,39.52,7,2,basic,39.6,0
2992,6.1,73.05,5,1,pro,70.8,1
2993,15.5,25.55,11,1,pro,35.7,0
2994,32.8,51.92,11,0,pro,-7.2,0
2995,41.2,41.85,5,1,basic,60.4,0
2996,8.8,52.77,10,0,basic,68.9,0
2997,31.6,41.13,13,0,pro,10.9,0
2998,7.3,32.84,7,1,pro,44.0,0
2999,45.7,48.36,10,0,basic,28.9,0
3000,22.9,25.72,6,0,basic,70.2,0
3001,15.5,53.05,7,1,basic,26.1,1
3002,13.6,40.47,7,1,pro,-13.2,0
3003,23.4,58.84,4,1,pro,23.1,0
3004,37.8,38.58,6,0,basic,3.0,0
3005,24.3,35.25,5,1,basic,36.9,1
3006,31.9,51.1,8,1,basic,10.1,0
3007,29.8,63.45,10,0,enterprise,30.1,0
3008,28.5,14.55,8,0,basic,-6.4,0
3009,49.1,46.95,9,1,enterprise,54.6,0
3010,31.9,54.44,9,1,basic,16.5,0
3011,18.6,24.16,10,0,basic,11.9,0
3012,21.6,32.16,8,0,pro,6.8,0
3013,6.4,54.69,7,1,enterprise,47.8,0
3014,5.4,32.95,8,0,pro,58.9,0
3015,14.1,35.74,7,0,pro,71.3,0
3016,17.5,70.57,8,1,basic,36.8,0
3017,14.1,31.23,14,0,basic,-2.1,0
3018,15.5,32.4,10,0,pro,41.2,0
3019,31.0,10.95,9,0,basic,0.5,0
3020,20.7,28.97,6,3,pro,24.9,1
3021,4.9,26.96,9,0,basic,-20.7,1
3022,26.8,70.52,8,1,enterprise,51.8,0
3023,26.3,63.15,5,0,basic,49.7,0
3024,17.7,26.46,8,0,basic,6.8,0
3025,20.1,74.22,4,2,pro,34.3,0
3026,12.4,56.55,10,0,basic,50.3,0
3027,22.7,42.49,8,0,pro,33.8,0
3028,12.7,57.11,4,2,pro,6.2,0
3029,16.4,50.78,16,0,basic,26.9,0
3030,28.7,33.84,7,0,pro,70.7,0
3031,18.5,19.14,8,0,enterprise,29.9,0
3032,17.9,31.7,13,2,basic,24.7,0
3033,37.8,45.06,6,1,pro,10.4,0
3034,15.1,39.87,12,1,basic,6.3,0
3035,31.0,34.2,4,1,enterprise,60.4,0
3036,20.5,59.55,7,0,enterprise,32.7,0
3037,12.7,29.39,10,1,pro,17.9,0
3038,13.4,58.31,8,0,pro,44.1,0
3039,24.2,38.0,10,1,basic,-1.2,0
3040,42.0,46.74,9,1,basic,16.6,0
3041,9.9,28.56,7,0,basic,35.3,0
3042,8.0,45.0,3,1,enterprise,69.1,0
3043,36.8,33.55,8,1,pro,9.3,0
3044,28.0,19.31,7,1,basic,28.2,0
3045,20.1,44.83,13,0,basic,39.8,0
3046,6.2,44.36,5,0,basic,4.7,1
3047,31.7,57.38,4,1,basic,48.3,0
3048,6.0,49.32,11,0,basic,6.1,0
3049,28.6,30.12,11,1,basic,26.2,0
3050,15.1,36.04,11,0,pro,12.0,0
3051,18.0,9.0,14,0,pro,88.5,0
3052,13.7,28.55,11,0,enterprise,-15.5,0
3053,10.1,64.3,8,1,basic,45.3,0
3054,13.6,67.51,8,1,basic,29.3,0
3055,24.2,56.38,11,0,basic,66.0,0
3056,3.7,49.58,9,0,enterprise,67.8,0
3057,6.5,53.79,9,0,basic,-23.0,0
3058,26.0,52.3,8,2,basic,14.7,0
3059,20.6,19.45,10,1,basic,38.0,0
3060,44.8,32.19,9,1,pro,25.1,0
3061,7.4,62.63,4,0,basic,8.5,0
3062,9.1,62.56,4,0,basic,60.0,0
3063,16.7,48.65,10,1,pro,42.7,0
3064,18.4,40.51,11,2,basic,29.3,0
3065,20.2,39.4,9,0,pro,35.8,0
3066,19.8,37.05,7,1,pro,37.0,0
3067,25.9,31.38,8,1,pro,11.3,0
3068,4.4,16.58,3,0,pro,74.4,0
3069,19.6,47.29,8,0,basic,48.9,0
3070,12.3,38.39,10,0,pro,61.0,0
3071,11.6,41.92,6,1,basic,33.8,0
3072,41.2,70.47,9,1,pro,50.2,0
3073,14.1,53.85,8,0,pro,12.4,0
3074,33.4,34.69,10,0,pro,14.9,0
3075,60.0,53.68,11,1,pro,34.0,0
3076,14.1,22.8,3,0,basic,6.8,0
3077,17.4,60.66,7,0,basic,60.1,0
3078,16.5,48.98,3,0,basic,64.0,0
3079,18.8,42.21,5,1,pro,3.8,0
3080,37.4,53.54,5,0,basic,30.6,0
3081,28.3,66.65,2,1,basic,27.8,0
3082,18.8,38.2,12,2,basic,44.4,0
3083,17.8,30.44,10,0,basic,39.2,0
3084,9.9,76.42,3,0,pro,2.5,0
3085,21.3,45.31,13,0,basic,20.1,0
3086,7.4,67.23,10,0,pro,76.8,0
3087,10.5,35.06,6,0,basic,47.1,0
3088,18.3,50.69,6,0,pro,29.8,0
3089,10.7,35.57,7,1,basic,-0.3,1
3090,6.2,54.47,8,1,pro,92.2,0
3091,15.9,40.97,6,1,basic,22.4,0
3092,8.7,35.13,11,0,pro,42.8,0
3093,23.5,68.09,8,0,basic,51.3,0
3094,19.2,50.11,13,0,basic,31.2,0
3095,6.9,14.95,6,0,basic,42.0,0
3096,21.3,41.57,9,0,enterprise,-25.0,0
3097,25.2,31.45,8,0,basic,35.7,0
3098,19.1,26.97,6,0,enterprise,-13.2,0
3099,15.0,36.4,5,0,basic,50.3,0
3100,13.0,37.97,9,0,basic,-9.7,0
3101,45.0,45.55,14,1,basic,31.9,0
3102,18.8,33.27,10,0,pro,76.3,0
3103,17.7,17.39,10,0,basic,7.7,0
3104,14.3,37.09,5,0,basic,51.5,0
3105,7.7,58.12,10,1,basic,18.5,0
3106,12.4,24.75,5,2,basic,21.4,1
3107,23.8,54.24,7,0,basic,15.7,0
3108,20.8,51.87,12,0,basic,18.7,0
3109,20.6,38.38,10,1,enterprise,57.2,0
3110,18.5,49.64,10,0,pro,40.7,0
3111,9.5,33.9,4,0,pro,11.1,1
3112,17.7,39.09,6,0,basic,34.5,0
3113,29.0,29.84,10,0,basic,28.5,0
3114,16.8,51.96,10,1,basic,15.2,0
3115,2.6,65.43,10,1,basic,20.6,0
3116,10.3,34.93,10,0,pro,42.9,0
3117,4.1,62.85,4,0,pro,48.0,0
3118,9.3,13.26,7,0,pro,46.9,0
3119,50.9,31.85,10,1,basic,52.7,0
3120,13.0,29.96,6,1,basic,35.9,0
3121,9.6,70.66,4,0,basic,47.3,0
3122,5.1,36.22,1,1,pro,55.4,1
3123,14.5,56.64,7,0,basic,84.6,0
3124,33.8,14.49,8,1,pro,39.7,0
3125,9.7,46.72,9,0,basic,28.1,0
3126,21.8,53.46,12,0,basic,11.5,0
3127,19.3,44.47,8,0,pro,8.0,0
3128,11.6,9.0,9,1,pro,47.4,0
3129,25.5,47.65,5,0,basic,-6.4,0
3130,13.0,57.11,12,0,pro,26.9,0
3131,10.3,64.72,5,0,basic,0.9,0
3132,10.9,50.96,3,0,basic,58.0,0
3133,19.6,19.81,11,0,basic,37.3,0
3134,45.1,41.89,14,0,enterprise,44.3,0
3135,28.8,58.5,9,0,basic,37.9,0
3136,10.6,32.79,3,2,basic,44.2,1
3137,17.4,53.45,4,0,basic,23.7,0
3138,9.6,37.86,7,0,basic,62.4,0
3139,9.1,46.39,9,1,pro,-7.8,0
3140,4.2,56.33,4,2,pro,24.4,0
3141,20.9,34.42,8,0,basic,11.8,0
3142,11.6,87.81,11,1,pro,56.5,0
3143,14.8,47.28,11,0,pro,89.7,0
3144,20.9,50.13,6,0,basic,24.7,0
3145,6.1,33.92,4,0,basic,-8.5,0
3146,7.4,45.94,11,1,basic,31.8,0
3147,21.9,41.0,5,2,enterprise,40.6,0
3148,8.2,23.18,6,0,basic,64.7,0
3149,8.6,22.09,8,0,basic,49.0,0
3150,28.3,49.3,8,1,pro,46.2,0
3151,16.0,43.69,8,1,pro,45.1,0
3152,33.0,9.0,8,1,basic,9.7,0
3153,41.2,12.89,8,0,basic,35.2,0
3154,35.9,40.38,5,0,enterprise,58.1,0
3155,5.9,43.97,3,2,basic,72.5,0
3156,18.9,54.11,10,0,basic,86.6,0
3157,28.0,26.44,7,0,enterprise,31.2,0
3158,20.7,53.87,9,0,basic,42.7,0
3159,13.0,40.39,9,0,pro,49.9,0
3160,8.0,37.4,3,2,pro,66.9,1
3161,24.4,42.88,5,1,basic,-8.3,0
3162,5.9,59.78,6,0,pro,28.1,0
3163,4.9,53.36,14,0,basic,43.6,0
3164,9.0,58.33,7,2,basic,36.7,0
3165,16.7,34.69,8,0,basic,11.7,1
3166,33.6,40.74,3,0,basic,32.5,0
3167,13.7,27.56,7,1,basic,21.3,0
3168,27.7,36.7,13,0,basic,58.1,0
3169,8.6,39.05,8,0,basic,18.7,0
3170,12.2,38.02,7,1,pro,31.5,0
3171,12.8,55.7,12,1,basic,14.9,0
3172,10.4,51.38,9,0,basic,14.8,0
3173,30.8,56.39,11,0,basic,33.3,0
3174,5.7,46.92,13,0,basic,4.3,0
3175,30.4,61.09,7,0,enterprise,36.4,0
3176,19.3,46.71,5,1,basic,34.6,0
3177,24.1,59.48,6,1,basic,61.1,0
3178,9.7,52.54,7,1,basic,38.7,0
3179,23.7,56.03,9,0,pro,27.8,0
3180,4.4,44.0,8,0,basic,46.2,0
3181,15.0,26.42,5,0,pro,17.5,1
3182,19.7,23.33,10,0,basic,45.6,0
3183,3.4,74.36,10,1,pro,1.2,0
3184,10.1,50.82,4,0,pro,35.0,0
3185,5.9,51.65,11,0,basic,29.9,0
3186,9.0,42.5,11,0,basic,40.8,0
3187,13.0,38.12,10,0,pro,41.6,0
3188,12.1,88.08,7,0,basic,16.8,0
3189,3.3,28.2,5,2,pro,52.9,0
3190,23.4,44.06,6,0,pro,85.4,0
3191,6.3,44.23,7,0,basic,51.2,0
3192,18.9,28.04,5,0,basic,26.6,0
3193,9.9,25.92,7,2,basic,35.9,1
3194,4.6,34.45,10,0,basic,6.8,0
3195,25.7,39.84,10,1,pro,38.5,0
3196,13.9,37.72,8,0,basic,27.7,0
3197,20.2,57.2,8,1,enterprise,52.0,0
3198,20.6,27.32,10,1,basic,-0.3,0
3199,19.1,51.07,4,0,basic,66.1,0
3200,9.6,67.03,10,1,basic,21.3,0
3201,20.9,58.39,12,0,pro,18.6,0
3202,26.6,27.91,4,0,basic,22.0,0
3203,10.1,9.0,12,1,pro,23.7,0
3204,7.6,57.68,8,0,enterprise,37.4,0
3205,10.7,52.45,5,0,basic,-39.0,0
3206,28.7,36.22,14,0,basic,26.4,0
3207,15.0,64.21,8,0,basic,45.8,0
3208,34.5,38.93,5,0,basic,41.1,0
3209,12.2,46.62,6,1,basic,48.1,0
3210,16.2,29.43,11,1,enterprise,14.5,0
3211,35.3,49.79,7,0,enterprise,62.5,0
3212,38.6,38.55,9,0,basic,7.3,0
3213,24.2,37.45,6,0,basic,22.1,0
3214,7.3,61.2,8,0,basic,28.2,0
3215,16.2,48.22,15,1,pro,-4.0,0
3216,15.5,22.57,9,1,basic,-2.5,0
3217,7.8,55.37,11,0,enterprise,33.9,0
3218,31.5,57.55,9,1,basic,0.3,0
3219,20.3,32.52,11,1,basic,26.0,0
3220,8.9,39.11,10,0,basic,26.3,0
3221,7.1,45.81,10,0,pro,22.3,0
3222,18.2,41.26,13,0,basic,-11.8,0
3223,4.5,46.86,6,2,enterprise,22.1,0
3224,27.2,54.75,11,0,pro,65.1,0
3225,11.9,37.62,10,1,pro,47.8,0
3226,6.5,76.21,7,0,basic,56.8,0
3227,22.1,34.32,4,0,pro,59.0,0
3228,8.9,36.92,5,0,basic,12.1,0
3229,14.7,74.53,10,1,enterprise,22.6,0
3230,17.7,80.77,5,0,enterprise,53.5,0
3231,8.3,45.56,7,1,basic,48.4,0
3232,20.3,42.19,10,0,enterprise,53.6,0
3233,32.5,28.91,6,1,pro,43.0,0
3234,28.6,62.14,4,1,basic,-25.3,0
3235,15.4,47.6,8,1,pro,48.3,0
3236,25.0,32.31,8,0,pro,44.8,0
3237,7.6,51.09,4,0,basic,-8.7,0
3238,14.4,65.56,7,0,basic,14.3,0
3239,29.4,55.29,6,2,basic,74.9,0
3240,7.8,78.12,7,0,basic,48.2,0
3241,18.0,62.39,10,0,basic,40.7,0
3242,25.5,51.61,7,1,basic,27.5,0
3243,17.3,44.51,10,0,enterprise,2.6,0
3244,40.2,53.25,11,0,pro,17.3,0
3245,12.5,63.26,6,3,basic,33.9,0
3246,11.4,57.88,10,1,basic,26.2,0
3247,5.8,60.82,4,0,pro,-11.7,0
3248,18.5,48.34,5,0,enterprise,3.1,0
3249,17.3,56.5,8,0,basic,29.6,0
3250,9.3,63.23,5,1,basic,39.3,0
3251,20.2,42.52,6,0,basic,28.4,0
3252,37.1,25.56,7,0,pro,2.3,0
3253,11.5,70.89,5,2,pro,58.4,0
3254,33.0,53.75,7,1,pro,23.7,0
3255,24.3,38.41,10,0,basic,7.5,0
3256,14.4,48.51,4,2,basic,-9.2,0
3257,2.9,41.29,7,0,basic,36.9,1
3258,4.6,19.42,7,1,basic,29.2,0
3259,14.8,42.25,9,0,pro,-22.7,0
3260,9.5,23.64,8,0,basic,-18.7,0
3261,19.4,48.04,7,0,basic,1.1,0
3262,11.3,43.36,8,0,enterprise,62.0,0
3263,14.0,62.0,5,0,basic,78.0,0
3264,9.9,43.2,5,2,pro,37.7,0
3265,11.1,50.61,11,0,pro,0.4,0
3266,20.4,40.52,9,2,basic,39.9,0
3267,4.1,39.3,10,1,basic,69.8,0
3268,30.3,24.04,10,0,basic,21.9,0
3269,22.6,59.86,7,1,basic,31.2,0
3270,3.8,47.56,11,0,basic,56.7,0
3271,19.0,36.26,6,1,pro,36.5,0
3272,12.5,48.13,10,0,basic,23.0,1
3273,10.7,38.78,11,0,pro,-1.1,0
3274,13.9,34.14,10,0,basic,42.5,0
3275,14.4,48.74,8,1,basic,48.1,0
3276,9.0,63.23,7,0,pro,54.3,0
3277,11.5,40.96,5,0,basic,38.9,0
3278,28.8,23.63,5,0,basic,-12.1,0
3279,5.1,35.78,3,0,basic,94.7,0
3280,26.3,71.96,7,0,basic,1.7,0
3281,9.2,32.83,7,1,enterprise,13.4,0
3282,21.1,62.82,3,1,pro,47.4,0
3283,6.0,41.42,10,1,pro,19.9,0
3284,9.1,56.1,3,1,pro,14.2,0
3285,13.5,43.41,14,0,basic,24.5,0
3286,3.0,21.34,5,1,pro,37.7,1
3287,6.1,38.82,7,1,enterprise,14.0,0
3288,36.0,76.68,7,0,basic,33.9,0
3289,24.9,43.02,9,1,enterprise,-9.8,0
3290,26.9,53.47,9,0,basic,77.3,0
3291,22.4,39.96,6,1,pro,33.9,0
3292,10.8,43.02,12,1,pro,19.9,0
3293,39.7,49.84,19,0,basic,33.6,0
3294,48.9,52.11,12,1,enterprise,75.9,0
3295,7.1,78.3,11,1,pro,-14.2,1
3296,15.6,44.77,6,1,basic,42.4,0
3297,14.5,42.31,7,0,basic,14.2,1
3298,15.2,35.08,9,3,basic,27.7,0
3299,26.7,25.32,7,0,basic,70.8,0
3300,15.9,20.87,6,0,basic,47.6,0
3301,17.1,54.96,9,1,basic,7.9,0
3302,15.9,17.1,7,0,basic,39.8,0
3303,6.3,66.11,6,0,basic,37.0,0
3304,39.3,57.9,10,2,pro,24.1,0
3305,5.8,40.6,10,0,basic,94.3,0
3306,12.9,27.72,9,2,basic,20.8,0
3307,13.8,45.45,6,1,basic,5.5,0
3308,19.9,45.36,9,0,pro,36.7,0
3309,22.6,61.94,4,2,enterprise,3.3,0
3310,3.4,33.91,7,0,basic,30.3,0
3311,17.7,39.37,6,1,basic,7.4,0
3312,7.9,44.25,7,1,enterprise,8.6,0
3313,20.8,40.88,6,1,basic,38.9,0
3314,3.5,35.68,12,1,pro,100.0,0
3315,18.4,19.32,3,0,basic,52.3,0
3316,2.4,20.45,9,0,basic,13.5,0
3317,6.2,34.91,4,0,basic,55.8,0
3318,14.9,41.68,6,1,basic,28.2,0
3319,22.9,60.03,5,2,pro,54.4,0
3320,25.3,79.68,11,0,basic,16.2,0
3321,20.0,70.76,5,2,basic,35.8,0
3322,10.6,50.98,7,1,basic,47.4,1
3323,18.6,73.22,8,0,pro,17.5,0
3324,15.1,43.31,15,0,pro,19.9,0
3325,11.1,37.15,8,0,basic,12.3,0
3326,28.5,79.75,13,0,basic,32.1,0
3327,17.1,29.05,10,2,pro,-0.4,1
3328,16.9,38.84,8,3,enterprise,59.7,1
3329,25.1,41.11,3,0,basic,61.8,0
3330,11.3,66.94,10,0,basic,19.5,0
3331,15.0,36.14,9,1,pro,7.0,0
3332,6.7,56.77,12,0,pro,31.0,0
3333,8.6,38.95,8,0,basic,1.0,0
3334,5.7,26.71,9,0,enterprise,27.5,0
3335,7.0,48.59,11,0,basic,30.5,0
3336,7.8,47.58,13,1,basic,14.7,1
3337,14.4,27.73,3,0,basic,19.2,0
3338,21.4,32.08,12,2,pro,58.7,0
3339,10.8,33.17,5,1,pro,23.2,0
3340,16.7,59.51,13,1,basic,78.5,0
3341,47.9,51.99,3,0,basic,42.5,0
3342,10.2,48.64,7,0,pro,9.2,0
3343,13.0,52.42,8,0,basic,36.6,0
3344,12.0,37.93,4,1,enterprise,93.2,0
3345,38.1,52.23,15,2,pro,33.4,0
3346,18.0,36.0,8,0,basic,47.2,0
3347,5.3,25.1,9,0,basic,66.8,0
3348,19.4,34.54,5,0,pro,14.0,0
3349,8.6,48.24,8,0,basic,36.6,0
3350,14.7,46.43,12,0,basic,12.7,0
3351,23.6,60.94,7,1,pro,18.7,0
3352,17.5,19.76,7,0,basic,27.2,0
3353,7.7,41.79,7,0,enterprise,6.4,0
3354,4.9,51.01,9,0,basic,24.1,0
3355,10.3,30.66,8,0,basic,47.9,0
3356,18.7,48.83,7,0,basic,39.9,0
3357,10.2,38.96,6,0,basic,-0.6,1
3358,10.2,28.15,9,0,basic,28.6,0
3359,59.9,61.91,7,0,pro,62.3,0
3360,15.6,24.27,9,0,basic,39.9,0
3361,26.9,60.1,7,0,basic,23.5,0
3362,1.9,38.89,7,1,basic,25.4,0
3363,7.5,31.0,8,0,basic,22.2,0
3364,5.9,31.84,17,0,basic,2.7,0
3365,11.5,34.04,8,1,basic,37.7,0
3366,25.4,32.4,8,1,pro,12.9,0
3367,21.1,49.14,9,0,pro,23.7,0
3368,16.9,17.09,9,0,basic,14.3,0
3369,22.5,63.7,13,2,basic,44.8,0
3370,14.5,57.63,9,0,pro,3.9,0
3371,16.6,65.92,6,1,basic,45.5,1
3372,38.8,30.38,7,0,basic,23.3,0
3373,24.2,10.36,7,1,pro,7.1,0
3374,30.7,35.76,8,0,basic,-9.7,0
3375,44.9,42.6,7,1,pro,53.0,0
3376,6.6,49.66,8,0,basic,12.4,0
3377,49.0,37.35,8,0,enterprise,6.3,0
3378,6.6,43.86,9,0,basic,33.5,0
3379,32.4,47.37,7,1,basic,34.3,0
3380,14.0,21.9,8,1,pro,39.1,0
3381,47.1,72.21,6,0,pro,-4.5,0
3382,32.0,28.3,5,1,basic,43.2,0
3383,9.2,49.08,6,1,pro,41.0,0
3384,22.5,61.31,4,1,basic,52.3,0
3385,22.7,33.41,5,0,basic,-2.0,0
3386,10.5,45.19,9,0,enterprise,48.5,0
3387,18.4,69.63,4,2,pro,48.7,0
3388,10.7,40.93,5,0,pro,35.2,0
3389,13.2,60.83,4,1,basic,46.4,0
3390,15.3,49.52,9,0,pro,7.5,0
3391,16.4,48.59,5,0,basic,32.1,0
3392,7.7,55.92,8,0,pro,16.1,0
3393,42.6,41.7,6,2,basic,43.5,0
3394,5.9,42.03,10,1,pro,42.6,0
3395,17.9,59.59,11,0,basic,14.4,0
3396,10.6,49.09,2,1,pro,13.4,0
3397,33.1,52.64,8,2,enterprise,31.6,0
3398,12.0,27.25,7,0,basic,30.2,0
3399,12.0,45.44,9,0,pro,64.3,0
3400,41.3,63.37,9,1,basic,73.1,0
3401,11.6,58.68,6,0,pro,60.9,0
3402,15.7,50.36,3,1,basic,14.0,0
3403,9.5,37.45,12,0,enterprise,9.9,0
3404,21.6,36.02,8,2,pro,54.4,0
3405,18.2,51.78,3,0,basic,37.9,0
3406,7.7,66.48,11,1,basic,17.6,0
3407,18.9,45.86,6,2,basic,44.5,0
3408,11.3,64.77,5,0,basic,12.6,0
3409,20.5,40.73,9,0,basic,13.1,0
3410,7.3,63.23,7,1,pro,100.0,0
3411,26.0,30.24,3,1,enterprise,4.3,0
3412,28.1,48.03,3,1,basic,39.6,0
3413,8.8,29.23,7,0,enterprise,0.4,0
3414,15.3,55.12,5,0,basic,41.5,0
3415,23.0,53.82,8,3,pro,33.4,1
3416,6.0,31.0,6,0,pro,24.2,0
3417,16.8,34.07,6,0,basic,25.4,0
3418,19.1,38.59,12,1,pro,-4.0,0
3419,6.7,22.92,9,0,basic,7.2,1
3420,9.1,31.35,9,0,pro,66.9,0
3421,32.3,32.27,10,0,pro,12.3,0
3422,19.8,56.95,8,1,basic,38.0,0
3423,13.1,65.96,8,1,basic,19.3,0
3424,7.6,38.57,5,0,basic,55.0,0
3425,22.8,40.92,12,1,basic,23.7,0
3426,10.8,48.43,8,1,pro,22.8,0
3427,49.9,37.41,7,0,enterprise,76.3,0
3428,19.4,41.06,8,1,pro,-24.7,0
3429,29.1,57.78,5,0,basic,25.5,0
3430,18.1,48.68,12,1,basic,50.7,0
3431,36.5,43.96,3,1,pro,52.2,0
3432,19.7,36.65,8,0,enterprise,85.4,0
3433,8.5,67.27,8,2,pro,3.9,1
3434,18.5,36.03,7,0,basic,35.8,0
3435,13.1,47.04,12,0,basic,26.7,0
3436,17.9,29.76,7,1,enterprise,20.9,1
3437,13.9,36.32,8,0,basic,58.1,0
3438,15.6,46.64,4,1,basic,62.1,0
3439,11.0,39.31,11,1,basic,47.8,0
3440,12.5,53.22,10,0,basic,16.4,0
3441,18.2,46.25,9,0,basic,49.6,0
3442,13.6,24.51,12,0,basic,32.9,1
3443,28.6,10.65,11,1,enterprise,45.5,0
3444,25.4,60.14,6,0,basic,45.0,0
3445,12.5,36.48,4,1,pro,61.1,0
3446,7.0,67.39,7,0,pro,23.5,0
3447,32.7,45.43,8,0,basic,2.6,0
3448,12.3,33.77,9,0,enterprise,41.8,0
3449,6.8,53.58,8,0,pro,55.8,0
3450,9.7,41.16,5,0,basic,62.0,0
3451,13.4,45.4,12,1,basic,32.8,0
3452,33.4,31.29,13,2,pro,4.4,0
3453,25.6,54.78,8,0,pro,-5.7,0
3454,17.1,61.62,7,0,basic,36.6,0
3455,6.3,37.34,10,1,basic,42.3,0
3456,12.8,71.93,14,0,pro,21.5,0
3457,10.8,36.69,7,1,basic,15.8,0
3458,35.6,48.94,9,0,basic,53.1,0
3459,14.4,20.7,9,0,basic,2.5,1
3460,54.2,16.4,6,2,pro,58.3,0
3461,21.6,76.69,6,0,pro,83.2,0
3462,9.9,66.55,9,1,basic,48.9,0
3463,17.8,62.4,10,0,basic,6.7,0
3464,8.9,19.77,10,0,basic,60.0,0
3465,21.1,48.59,9,1,pro,20.2,0
3466,3.0,51.49,7,1,pro,24.3,0
3467,31.1,46.39,8,2,basic,39.5,1
3468,18.1,49.66,8,0,enterprise,25.5,0
3469,25.0,31.44,4,0,basic,26.2,0
3470,6.6,42.8,9,0,enterprise,-41.8,0
3471,50.6,28.12,16,0,pro,31.4,0
3472,6.5,39.96,9,0,basic,60.7,0
3473,18.0,50.76,9,0,basic,22.2,0
3474,6.5,33.47,7,2,basic,13.0,0
3475,12.9,41.04,10,1,basic,-9.4,0
3476,19.3,38.73,7,2,pro,33.0,0
3477,5.4,45.41,5,1,pro,23.6,1
3478,14.5,58.97,15,0,basic,27.6,0
3479,20.7,48.72,8,1,basic,31.4,0
3480,7.9,51.1,3,2,basic,32.9,0
3481,26.5,23.6,6,0,basic,19.0,0
3482,14.1,39.74,7,0,basic,28.9,0
3483,6.8,57.43,9,1,enterprise,37.3,0
3484,10.1,32.27,12,0,basic,-1.8,0
3485,8.8,38.68,6,1,pro,67.7,0
3486,15.2,30.65,4,1,basic,7.6,0
3487,22.8,65.15,6,2,basic,39.8,0
3488,15.7,38.39,6,0,enterprise,35.5,0
3489,18.9,34.24,10,1,basic,14.3,0
3490,15.5,54.41,6,1,pro,31.9,1
3491,21.8,61.63,5,2,basic,60.1,0
3492,29.4,52.56,12,1,basic,66.6,0
3493,4.9,59.86,7,1,basic,36.5,0
3494,17.2,48.31,8,2,basic,40.3,1
3495,14.0,43.22,9,1,basic,-2.4,0
3496,35.0,38.55,3,0,basic,41.9,0
3497,28.1,37.53,8,0,basic,-9.2,0
3498,6.2,36.2,7,4,basic,58.8,0
3499,11.0,50.65,13,0,pro,23.1,0
3500,3.9,43.44,7,0,pro,22.4,0
3501,20.0,46.44,10,0,pro,59.5,0
3502,18.5,54.2,8,1,basic,44.9,0
3503,12.9,44.32,9,0,basic,5.5,0
3504,5.1,24.61,10,0,basic,37.5,0
3505,20.3,33.27,8,1,basic,60.7,0
3506,8.4,28.36,7,0,basic,43.0,0
3507,22.9,16.56,3,1,basic,39.4,0
3508,8.7,46.68,10,2,basic,62.2,0
3509,45.6,27.16,6,1,pro,-16.7,0
3510,34.1,25.9,7,0,pro,49.0,0
3511,33.9,28.98,9,0,basic,30.7,0
3512,3.8,58.19,5,1,basic,2.7,1
3513,27.9,40.45,7,1,basic,19.9,0
3514,30.1,60.08,5,2,basic,-12.4,0
3515,9.6,43.76,4,2,basic,44.6,0
3516,15.4,38.57,7,0,pro,38.9,0
3517,11.6,53.57,11,0,basic,-3.7,0
3518,25.6,54.04,10,1,basic,55.3,0
3519,49.1,46.82,11,0,pro,14.1,0
3520,7.1,29.56,7,2,pro,33.5,0
3521,6.3,38.24,10,1,basic,9.2,0
3522,21.5,27.38,8,0,basic,50.0,0
3523,7.7,41.22,6,0,basic,35.1,1
3524,24.6,46.48,3,1,basic,28.5,0
3525,12.6,67.3,6,1,basic,32.6,0
3526,20.6,66.25,2,0,pro,-25.5,1
3527,26.6,55.22,11,0,pro,33.6,0
3528,17.9,59.37,6,0,pro,68.2,0
3529,27.6,48.52,7,1,pro,28.1,0
3530,7.7,86.6,7,2,basic,73.6,0
3531,7.0,67.96,7,1,basic,21.1,0
3532,17.7,84.72,15,1,basic,13.8,0
3533,7.3,50.78,9,0,basic,7.6,0
3534,15.5,51.25,9,1,pro,3.9,0
3535,21.7,60.83,10,0,basic,16.4,0
3536,15.6,47.88,7,0,basic,10.2,0
3537,20.2,49.71,9,0,basic,19.8,0
3538,18.8,30.25,9,0,basic,2.3,0
3539,1.9,59.14,14,1,basic,27.9,0
3540,13.6,47.07,13,0,pro,33.8,0
3541,11.5,57.17,3,0,basic,39.3,1
3542,33.8,41.73,9,0,pro,17.2,0
3543,32.0,18.41,11,1,basic,30.4,0
3544,11.0,52.55,7,1,basic,17.1,0
3545,26.9,62.5,12,1,pro,26.4,0
3546,13.5,25.84,6,0,pro,31.3,0
3547,23.1,30.47,7,1,basic,49.4,0
3548,6.3,40.51,11,0,basic,84.3,0
3549,23.7,41.32,9,2,basic,9.3,0
3550,24.4,19.53,3,1,basic,46.5,0
3551,5.4,71.35,11,1,basic,15.6,0
3552,20.8,60.17,5,0,basic,38.4,0
3553,33.4,35.77,2,0,pro,28.7,0
3554,15.1,17.84,8,1,basic,60.3,0
3555,30.5,50.45,12,1,pro,53.8,0
3556,8.4,74.76,9,1,enterprise,79.0,0
3557,7.6,57.43,10,0,basic,35.5,0
3558,6.1,62.32,8,0,basic,0.5,1
3559,26.5,30.89,8,0,basic,36.6,1
3560,2.8,48.49,4,0,basic,34.2,1
3561,24.0,22.51,4,0,pro,31.1,0
3562,13.5,74.68,12,1,basic,13.4,0
3563,25.8,53.54,6,0,basic,50.7,0
3564,18.5,13.43,6,0,pro,-7.8,0
3565,15.8,17.29,7,4,basic,57.4,1
3566,23.7,52.19,8,2,pro,76.4,0
3567,27.8,47.06,7,1,basic,-33.1,0
3568,30.2,40.34,6,0,pro,25.0,1
3569,29.1,54.23,7,1,enterprise,75.0,0
3570,25.4,75.11,8,1,basic,35.3,0
3571,11.0,50.48,7,0,pro,-1.0,0
3572,14.1,17.94,8,0,basic,-18.3,0
3573,4.7,42.61,7,0,pro,29.7,0
3574,13.4,25.32,10,0,basic,44.8,0
3575,13.9,32.92,7,0,pro,-12.5,0
3576,33.2,49.86,7,0,enterprise,56.2,0
3577,41.4,42.42,10,0,basic,-30.9,0
3578,7.0,28.99,9,0,pro,51.2,0
3579,4.5,44.55,7,3,basic,19.1,0
3580,9.9,32.7,7,0,basic,73.5,0
3581,18.2,52.88,7,2,basic,22.4,0
3582,41.0,41.29,7,0,basic,53.6,0
3583,6.3,50.78,10,0,pro,2.8,0
3584,6.0,40.9,8,1,basic,19.0,0
3585,6.5,56.13,6,1,enterprise,24.1,0
3586,31.8,42.86,3,0,basic,18.9,0
3587,10.3,44.7,6,0,basic,55.3,0
3588,12.9,36.41,11,2,pro,-26.4,0
3589,6.9,47.01,10,2,basic,-25.6,1
3590,21.8,18.28,10,1,pro,35.5,0
3591,12.4,84.87,8,1,pro,51.9,0
3592,15.6,34.66,6,0,pro,24.1,0
3593,9.8,46.34,11,0,basic,-4.9,0
3594,10.6,37.74,7,1,pro,33.4,0
3595,30.7,37.53,7,0,pro,44.0,0
3596,10.8,50.88,6,1,basic,39.9,0
3597,23.2,37.18,4,0,basic,27.7,0
3598,11.8,38.41,10,0,basic,67.6,0
3599,7.2,24.16,10,1,basic,61.9,0
3600,19.1,30.97,8,2,pro,28.5,0
3601,8.4,27.29,8,1,pro,25.8,0
3602,16.3,71.84,7,0,pro,15.7,0
3603,28.2,24.8,10,0,pro,61.3,0
3604,13.1,28.71,6,0,pro,16.3,0
3605,9.9,47.7,6,0,pro,44.8,0
3606,29.0,66.22,2,0,pro,77.7,0
3607,14.4,19.4,8,0,pro,14.2,0
3608,9.6,21.57,7,1,basic,22.4,0
3609,15.6,46.66,10,2,pro,-27.1,0
3610,23.7,49.85,9,1,basic,81.5,0
3611,22.3,23.55,12,0,pro,15.3,0
3612,19.5,17.76,10,0,pro,21.2,0
3613,21.3,30.36,8,4,basic,30.3,0
3614,15.1,55.97,13,0,enterprise,26.8,0
3615,6.7,44.11,7,0,enterprise,-2.7,0
3616,15.7,55.93,13,1,pro,71.1,0
3617,4.0,43.15,6,0,basic,35.1,0
3618,20.5,44.25,10,0,basic,24.0,0
3619,7.7,53.95,4,0,pro,49.9,0
3620,6.5,42.96,7,1,basic,40.0,0
3621,35.6,48.27,5,0,enterprise,10.3,0
3622,17.7,31.06,11,1,enterprise,39.0,0
3623,17.4,35.73,2,1,pro,6.1,0
3624,12.5,51.75,10,0,basic,70.4,0
3625,16.4,41.12,4,1,basic,21.2,0
3626,9.8,33.5,12,1,pro,-16.6,0
3627,11.2,54.58,7,0,basic,16.5,0
3628,15.7,52.91,6,3,pro,5.2,0
3629,15.8,44.6,13,1,basic,23.9,0
3630,1.3,33.32,9,1,basic,94.9,0
3631,32.5,58.15,12,0,pro,-17.2,0
3632,9.7,82.15,10,0,enterprise,27.1,0
3633,25.7,32.37,4,1,pro,17.7,0
3634,30.3,21.57,8,1,basic,60.4,0
3635,19.2,32.99,7,2,pro,-30.5,0
3636,11.4,30.69,7,2,pro,49.7,1
3637,21.6,25.72,8,1,enterprise,19.7,0
3638,11.7,26.94,7,1,enterprise,-24.8,0
3639,7.3,57.39,7,2,basic,27.4,0
3640,1.5,57.56,8,1,basic,4.0,0
3641,22.9,66.87,11,0,basic,25.2,0
3642,16.7,55.86,5,0,pro,42.0,0
3643,34.3,37.5,5,0,pro,81.1,0
3644,14.8,60.92,8,1,enterprise,35.3,0
3645,18.3,35.48,3,1,basic,-0.5,0
3646,17.1,39.44,8,1,basic,45.4,0
3647,12.8,27.05,9,0,basic,10.0,1
3648,20.9,63.04,9,0,basic,2.4,0
3649,21.4,59.79,6,0,basic,19.6,0
3650,21.4,37.68,7,0,basic,42.2,0
3651,8.2,39.97,8,1,pro,46.4,0
3652,13.1,45.16,4,0,pro,-13.0,0
3653,41.2,47.64,10,0,basic,42.4,0
3654,17.4,57.29,9,1,basic,21.0,1
3655,10.0,45.61,5,0,basic,54.6,1
3656,5.2,50.62,8,1,enterprise,-11.9,0
3657,31.4,22.11,3,1,pro,26.3,0
3658,27.9,40.08,9,0,basic,48.2,0
3659,19.6,17.71,2,0,pro,32.4,0
3660,11.8,71.33,9,2,basic,52.0,0
3661,22.7,65.52,10,1,basic,-3.8,0
3662,29.1,55.32,17,0,pro,51.5,0
3663,17.0,61.25,5,1,pro,56.2,0
3664,15.8,74.64,5,1,pro,22.3,0
3665,12.1,58.67,9,1,pro,25.7,0
3666,15.5,20.7,13,1,pro,31.1,0
3667,8.5,41.47,8,0,pro,9.8,1
3668,18.4,9.26,14,0,pro,23.7,0
3669,8.6,32.35,5,0,basic,6.3,0
3670,10.1,25.9,6,1,pro,24.7,0
3671,7.0,44.43,8,0,basic,61.9,0
3672,5.6,50.39,7,0,basic,37.1,0
3673,16.5,30.62,15,1,enterprise,19.5,0
3674,39.3,40.29,6,2,basic,36.7,0
3675,3.3,48.72,9,0,basic,5.0,0
3676,15.1,42.17,8,0,pro,18.5,0
3677,4.6,41.84,10,1,pro,-10.4,0
3678,14.8,9.0,4,1,basic,10.6,0
3679,4.7,37.89,16,0,pro,51.4,0
3680,14.5,56.39,11,0,pro,73.5,0
3681,11.6,48.37,8,0,basic,24.0,0
3682,16.3,22.26,10,1,basic,33.1,0
3683,19.2,40.4,8,0,basic,39.5,0
3684,13.9,48.48,8,2,pro,37.4,0
3685,14.7,29.87,11,4,basic,4.1,0
3686,8.8,54.59,6,0,basic,47.7,0
3687,10.4,32.46,11,0,basic,44.0,0
3688,12.7,39.51,8,1,basic,13.5,0
3689,14.5,42.83,9,0,basic,24.1,0
3690,18.0,77.86,8,0,enterprise,1.0,0
3691,19.6,39.65,5,0,basic,51.1,0
3692,5.9,35.9,6,2,pro,20.3,0
3693,26.9,55.2,9,0,pro,51.4,0
3694,19.3,37.39,6,4,basic,7.7,0
3695,14.8,47.35,11,1,basic,55.4,0
3696,15.2,10.65,8,1,pro,21.8,0
3697,8.0,48.92,8,1,basic,69.2,0
3698,20.9,44.16,8,0,basic,17.8,0
3699,2.0,25.1,6,0,pro,40.3,0
3700,2.4,64.8,10,1,enterprise,65.3,0
3701,22.6,40.87,8,0,basic,39.5,0
3702,9.8,41.51,6,0,basic,-7.3,1
3703,13.2,24.74,12,0,pro,2.4,0
3704,9.1,20.07,10,2,basic,55.7,1
3705,22.2,35.92,10,0,pro,-20.8,0
3706,7.5,21.6,8,0,basic,100.0,0
3707,15.1,51.8,3,0,enterprise,1.1,0
3708,19.5,57.47,11,1,basic,67.2,0
3709,35.4,34.91,6,1,pro,-23.2,0
3710,27.6,20.3,11,0,pro,86.7,0
3711,15.6,38.52,6,0,basic,67.5,0
3712,24.2,28.52,11,0,basic,24.1,0
3713,11.1,46.93,9,0,basic,76.5,0
3714,15.2,47.12,8,2,pro,7.8,0
3715,23.6,38.03,7,0,pro,35.7,0
3716,32.7,45.52,11,0,basic,59.1,0
3717,6.5,60.02,7,0,enterprise,-12.6,0
3718,11.8,69.97,8,0,basic,50.0,0
3719,20.4,36.58,5,1,basic,34.6,0
3720,22.2,55.24,9,1,pro,46.5,0
3721,18.4,40.84,10,0,basic,42.9,0
3722,14.0,28.54,13,0,basic,14.0,0
3723,7.9,63.63,14,1,enterprise,-26.1,1
3724,6.7,50.29,10,0,basic,25.2,0
3725,20.0,46.5,9,0,basic,19.2,0
3726,10.8,49.71,3,0,basic,41.7,0
3727,13.4,41.95,9,0,basic,-51.7,1
3728,9.5,28.6,11,1,basic,23.7,0
3729,11.5,71.02,5,0,basic,13.0,0
3730,8.3,57.88,6,2,basic,34.0,0
3731,12.3,48.33,11,0,enterprise,33.3,0
3732,12.9,58.86,12,0,pro,25.9,0
3733,19.9,63.67,13,0,basic,19.5,0
3734,8.3,41.39,6,1,basic,24.3,0
3735,3.9,53.19,4,0,basic,17.1,1
3736,12.1,39.52,6,0,basic,-7.8,0
3737,17.8,54.05,9,1,basic,37.5,0
3738,10.8,40.57,10,1,basic,23.9,0
3739,24.0,80.89,5,0,pro,62.6,0
3740,15.1,39.02,9,0,basic,57.5,0
3741,8.4,52.11,10,1,basic,-0.8,0
3742,22.6,51.33,9,0,pro,28.5,0
3743,18.5,39.36,8,1,basic,9.6,0
3744,13.0,58.42,10,0,basic,47.7,0
3745,12.4,43.12,6,1,basic,33.1,0
3746,7.0,38.2,8,1,pro,42.7,0
3747,3.4,44.4,5,2,pro,76.0,0
3748,20.1,33.12,10,0,pro,0.2,0
3749,23.8,62.32,12,2,pro,84.0,1
3750,20.7,53.75,8,0,enterprise,52.7,0
3751,16.1,59.11,9,0,enterprise,21.5,0
3752,11.7,24.11,12,1,enterprise,11.9,0
3753,35.8,48.44,11,2,basic,-24.6,0
3754,17.8,32.84,7,0,basic,33.5,0
3755,28.0,45.67,5,1,pro,76.1,0
3756,14.1,63.48,3,0,pro,52.5,0
3757,22.6,48.23,10,2,basic,37.9,0
3758,24.3,41.74,7,0,basic,36.0,0
3759,8.8,61.18,7,2,pro,29.0,0
3760,5.9,59.54,8,1,pro,32.8,0
3761,21.3,72.1,9,2,pro,70.2,0
3762,26.0,16.47,6,2,basic,20.3,0
3763,21.5,49.29,6,0,basic,76.5,0
3764,12.1,38.13,3,2,basic,-6.2,1
3765,4.8,31.26,6,0,basic,61.5,0
3766,9.8,46.11,6,3,basic,4.0,1
3767,27.2,26.94,10,0,basic,59.5,0
3768,24.4,10.88,7,0,basic,52.6,0
3769,12.7,30.84,5,0,pro,37.3,0
3770,24.3,40.46,14,1,basic,18.0,0
3771,13.5,72.38,4,1,basic,4.2,0
3772,8.5,33.56,8,0,basic,-22.7,0
3773,15.2,26.85,4,0,basic,61.2,0
3774,9.4,14.72,10,1,basic,-8.2,1
3775,25.4,39.11,15,0,basic,39.6,0
3776,9.3,40.78,7,0,enterprise,-2.7,0
3777,17.6,46.6,8,1,basic,38.5,0
3778,29.2,22.69,10,0,enterprise,-6.5,0
3779,14.7,32.95,9,1,basic,58.0,0
3780,9.2,10.37,6,2,basic,5.2,0
3781,26.2,46.9,8,0,pro,42.9,0
3782,20.2,20.84,8,1,basic,6.4,0
3783,29.0,9.0,7,1,basic,14.9,0
3784,14.4,61.78,8,0,basic,28.9,0
3785,19.8,51.96,9,1,basic,64.1,0
3786,14.1,49.65,7,0,pro,27.2,0
3787,21.1,49.64,5,1,pro,55.6,0
3788,16.0,28.85,8,0,basic,37.7,0
3789,11.9,60.49,6,0,pro,96.3,0
3790,6.8,28.66,11,0,pro,47.3,0
3791,9.4,73.06,4,2,pro,4.7,0
3792,12.1,47.77,5,0,basic,46.3,0
3793,19.8,16.72,10,0,enterprise,22.6,0
3794,20.5,57.42,10,0,pro,25.7,0
3795,13.8,73.98,6,1,pro,35.0,1
3796,24.6,40.57,9,1,basic,43.3,0
3797,38.2,60.39,5,3,basic,23.7,0
3798,12.0,41.21,5,2,basic,44.9,0
3799,22.8,34.98,10,0,enterprise,4.1,0
3800,19.3,9.0,9,2,pro,34.1,0
3801,18.6,62.94,3,1,pro,38.8,0
3802,16.3,37.72,10,1,basic,5.7,0
3803,2.2,50.1,9,0,pro,12.0,0
3804,27.7,27.39,7,1,pro,54.4,0
3805,3.1,30.77,4,2,basic,-15.8,1
3806,17.8,61.17,6,1,pro,10.7,0
3807,24.5,38.61,5,0,basic,31.6,0
3808,21.7,38.39,5,1,pro,34.0,0
3809,7.5,25.5,10,0,basic,52.8,0
3810,6.6,47.56,7,1,basic,44.8,0
3811,16.6,56.1,7,0,basic,49.8,0
3812,4.5,37.51,8,0,basic,46.7,0
3813,33.3,41.61,5,0,basic,-39.1,0
3814,36.3,26.1,5,1,basic,53.3,1
3815,14.1,65.48,3,2,basic,35.6,0
3816,13.7,35.14,10,0,pro,47.6,0
3817,17.4,42.1,8,0,pro,23.0,0
3818,43.8,69.72,9,0,basic,76.4,0
3819,8.0,41.03,4,1,basic,45.9,0
3820,9.1,21.13,8,0,pro,69.7,0
3821,19.9,30.53,12,1,pro,24.6,0
3822,11.1,39.06,6,0,pro,70.8,0
3823,25.1,71.25,8,0,pro,39.1,0
3824,46.7,47.82,8,1,basic,22.0,0
3825,24.4,41.08,9,0,pro,28.9,0
3826,10.0,56.94,13,0,basic,56.3,0
3827,17.2,64.1,8,0,enterprise,9.0,0
3828,13.3,33.07,9,0,basic,40.1,0
3829,7.2,66.07,10,0,pro,-13.2,0
3830,23.1,57.42,8,2,enterprise,7.0,0
3831,31.9,51.26,8,0,enterprise,45.9,1
3832,22.1,9.0,7,0,basic,49.5,0
3833,39.6,47.47,13,0,pro,12.2,0
3834,8.9,65.52,7,2,basic,17.9,0
3835,14.1,40.4,6,0,basic,17.6,0
3836,5.8,79.34,10,0,basic,82.3,0
3837,16.8,45.65,8,0,basic,79.8,0
3838,32.7,29.22,4,1,pro,67.2,0
3839,15.5,53.49,8,0,pro,60.5,0
3840,12.3,48.99,8,0,basic,36.4,0
3841,24.1,57.13,5,1,basic,37.7,0
3842,31.6,41.21,4,0,basic,1.4,0
3843,17.9,64.23,11,2,pro,99.9,0
3844,14.9,36.19,6,0,basic,60.1,0
3845,32.1,46.57,10,0,basic,42.0,0
3846,21.2,25.76,8,0,basic,27.7,0
3847,33.3,32.51,4,0,enterprise,-3.1,0
3848,10.4,47.66,5,1,basic,-32.8,1
3849,15.7,34.68,8,0,pro,26.1,0
3850,10.7,37.81,8,2,basic,-1.8,0
3851,5.1,41.48,8,1,pro,51.4,0
3852,7.6,48.44,11,1,pro,34.3,0
3853,21.9,56.2,11,1,pro,-7.9,0
3854,26.1,56.23,6,0,basic,-5.5,0
3855,13.3,60.1,11,0,basic,29.3,0
3856,12.0,47.73,5,0,basic,30.8,0
3857,32.6,36.38,7,1,basic,52.7,0
3858,10.1,20.64,9,0,basic,46.4,0
3859,21.9,39.38,15,0,basic,3.0,0
3860,6.9,32.59,7,0,enterprise,-4.5,0
3861,4.6,17.15,9,2,basic,4.0,0
3862,17.5,69.6,9,1,pro,40.5,0
3863,14.9,16.79,14,2,pro,-1.3,0
3864,10.3,50.04,8,0,basic,36.6,0
3865,5.2,53.07,8,0,pro,6.7,0
3866,18.4,41.1,10,1,basic,32.2,0
3867,9.0,83.86,10,3,basic,-10.9,1
3868,40.2,44.97,10,2,pro,33.1,0
3869,21.4,33.04,10,2,basic,10.7,1
3870,10.9,71.36,10,1,pro,50.4,0
3871,7.1,32.53,11,2,basic,35.2,1
3872,15.3,22.89,13,1,basic,59.1,0
3873,10.1,29.41,6,2,pro,-17.0,0
3874,6.5,34.92,8,0,basic,40.9,0
3875,22.7,45.36,10,1,pro,36.4,0
3876,9.3,49.79,11,0,basic,5.8,1
3877,21.8,21.57,4,3,basic,53.2,0
3878,10.8,49.98,6,1,basic,17.6,0
3879,19.6,78.58,9,0,basic,-0.1,0
3880,18.3,33.81,11,0,enterprise,31.2,0
3881,28.8,42.66,8,1,pro,53.5,0
3882,25.7,55.23,6,0,pro,22.7,0
3883,8.3,62.98,8,4,basic,20.4,0
3884,26.1,34.51,6,0,pro,30.0,1
3885,42.6,30.04,9,0,basic,54.2,0
3886,8.9,29.33,13,0,basic,20.8,0
3887,24.3,61.34,13,1,pro,23.0,0
3888,15.1,58.35,18,1,pro,57.6,0
3889,20.1,11.74,9,1,pro,31.0,0
3890,59.6,12.12,5,0,basic,11.9,0
3891,2.0,25.84,15,2,basic,0.2,1
3892,7.9,21.84,6,0,pro,-18.5,0
3893,16.9,50.89,5,0,basic,85.5,0
3894,7.4,48.01,9,0,basic,59.1,0
3895,14.2,74.48,8,1,basic,5.2,0
3896,27.0,56.75,11,0,pro,20.1,0
3897,15.9,46.52,6,0,basic,31.4,0
3898,8.2,62.63,9,0,basic,51.5,0
3899,27.9,31.09,8,2,basic,21.3,0
3900,20.8,23.39,5,1,basic,44.7,0
3901,9.4,45.17,6,0,enterprise,35.6,0
3902,21.5,58.96,14,1,enterprise,56.2,0
3903,3.8,20.02,11,1,pro,25.0,0
3904,17.9,58.29,6,0,basic,-17.6,0
3905,13.5,57.75,11,0,pro,27.0,0
3906,30.6,37.04,5,0,basic,40.1,0
3907,14.8,47.25,6,0,basic,9.5,0
3908,4.5,40.5,8,0,basic,35.1,0
3909,52.0,45.91,7,3,pro,44.2,0
3910,16.4,56.97,10,0,basic,-22.4,1
3911,18.0,32.43,11,1,basic,44.1,0
3912,5.7,60.51,2,0,pro,61.4,0
3913,41.7,57.93,14,0,basic,85.9,0
3914,36.9,58.49,12,0,enterprise,87.4,0
3915,34.8,14.66,12,0,basic,-7.3,0
3916,21.3,16.31,1,0,pro,6.3,0
3917,28.0,55.21,10,0,basic,44.6,0
3918,26.3,35.74,12,0,enterprise,45.0,0
3919,5.8,34.15,5,0,pro,8.5,0
3920,33.7,33.02,7,0,pro,33.0,0
3921,6.7,24.22,7,0,basic,-4.7,0
3922,23.5,40.3,11,2,basic,59.1,0
3923,26.2,33.66,9,1,pro,10.0,0
3924,4.4,34.67,10,0,basic,21.3,0
3925,28.0,51.96,5,0,enterprise,34.5,0
3926,21.3,26.65,8,1,basic,36.7,1
3927,20.1,61.8,5,0,pro,20.1,0
3928,13.1,10.79,10,1,basic,75.5,0
3929,18.6,82.88,9,0,basic,50.4,0
3930,27.2,23.93,7,0,basic,40.9,0
3931,9.3,53.55,9,2,basic,45.9,0
3932,7.4,58.58,5,1,pro,43.0,0
3933,29.1,44.6,6,1,pro,-2.7,0
3934,2.7,56.01,8,1,pro,8.0,0
3935,31.1,43.01,6,2,basic,73.8,1
3936,2.6,17.79,8,1,pro,10.1,0
3937,15.1,49.92,6,1,basic,23.9,1
3938,33.0,62.11,10,1,pro,45.0,0
3939,31.3,36.24,9,0,basic,25.6,0
3940,5.6,18.76,7,0,enterprise,33.0,0
3941,11.8,35.47,4,1,pro,68.2,0
3942,27.8,49.62,14,0,pro,33.5,0
3943,26.7,49.27,8,0,pro,0.9,0
3944,1.0,61.53,7,1,basic,28.6,0
3945,20.9,53.17,7,0,basic,76.3,0
3946,8.0,52.4,9,0,enterprise,85.6,0
3947,43.4,14.09,11,2,pro,67.7,0
3948,9.9,78.68,12,1,basic,63.5,1
3949,44.0,45.41,7,1,basic,51.1,0
3950,22.8,57.84,10,1,enterprise,38.5,0
3951,29.0,39.37,9,1,basic,-3.5,0
3952,27.3,42.34,6,0,basic,39.5,0
3953,21.3,45.58,6,0,basic,31.8,0
3954,11.1,68.73,6,0,pro,40.2,0
3955,11.4,67.84,10,2,basic,30.7,0
3956,10.4,54.12,7,0,basic,37.2,0
3957,7.5,75.02,11,1,pro,43.8,0
3958,12.7,38.65,11,1,basic,88.4,0
3959,17.3,52.61,7,1,basic,15.0,0
3960,13.9,37.73,4,1,basic,34.1,0
3961,29.5,64.51,6,0,enterprise,73.3,0
3962,13.7,45.27,11,1,pro,-1.2,0
3963,27.9,59.68,11,0,basic,42.4,0
3964,21.5,71.09,11,1,pro,33.4,0
3965,38.1,13.03,10,0,pro,42.3,0
3966,22.9,77.95,10,1,pro,42.7,0
3967,32.3,49.63,10,0,basic,51.2,0
3968,25.7,39.87,7,0,pro,33.6,0
3969,16.8,15.43,7,3,enterprise,-1.9,0
3970,29.1,40.13,9,1,pro,41.0,0
3971,7.9,9.56,6,0,pro,35.2,0
3972,18.6,46.12,8,0,basic,71.0,0
3973,18.9,42.17,5,0,basic,50.8,0
3974,28.4,72.72,6,1,pro,48.3,0
3975,6.0,39.77,8,0,basic,-3.3,0
3976,16.6,61.22,8,0,basic,-49.2,0
3977,24.1,62.67,8,0,pro,70.7,0
3978,26.6,76.43,9,1,basic,39.2,0
3979,11.7,41.01,9,0,pro,24.4,0
3980,6.9,56.48,13,2,pro,-57.4,1
3981,21.0,21.51,10,0,basic,35.5,0
3982,6.2,27.81,8,1,pro,12.3,0
3983,17.5,40.63,9,0,pro,-30.6,1
3984,16.3,44.47,9,0,basic,46.0,0
3985,19.1,26.18,5,1,basic,23.1,0
3986,33.7,38.51,13,0,pro,45.6,0
3987,28.1,55.6,7,0,pro,56.7,0
3988,21.9,37.84,9,0,enterprise,67.5,0
3989,25.1,42.47,7,0,pro,80.3,0
3990,15.5,31.18,8,3,enterprise,10.5,0
3991,20.9,66.08,13,0,pro,38.2,0
3992,20.0,72.2,9,0,pro,21.6,0
3993,12.0,48.02,7,1,enterprise,31.1,0
3994,18.4,43.11,10,1,pro,23.9,0
3995,42.8,70.46,6,1,basic,29.6,0
3996,16.3,52.24,13,0,basic,11.3,0
3997,18.9,34.59,6,1,basic,56.5,1
3998,9.0,24.16,4,1,basic,5.6,0
3999,9.6,35.83,12,1,basic,-15.9,0
