customer_id,last_order,frequency,monetary,total_spent,archetype_true,recency_days,segment,segment_label,clv_12m
0,2025-03-30,1,61.38,61.38,low_value,519,4,Low Value,0.8
1,2026-07-14,8,91.45125,731.61,at_risk,48,1,Potential Loyalists,130.75
2,2026-06-30,7,53.37285714285714,373.61,low_value,62,1,Potential Loyalists,61.77
3,2025-10-08,2,65.88499999999999,131.76999999999998,low_value,327,4,Low Value,5.0
4,2026-07-29,20,116.273,2325.46,loyal,33,3,Champions,451.72
5,2026-01-29,5,52.25,261.25,low_value,214,2,At Risk,18.57
6,2026-06-22,2,47.855,95.71,low_value,70,2,At Risk,15.14
7,2026-04-25,6,57.025,342.15,low_value,128,2,At Risk,39.21
8,2026-06-30,11,115.06545454545454,1265.72,loyal,62,0,Loyal,209.28
9,2026-06-12,13,58.62230769230769,762.09,new,80,0,Loyal,114.02
10,2026-05-22,9,100.50222222222222,904.52,at_risk,101,0,Loyal,120.42
11,2025-08-18,4,33.26,133.04,low_value,378,4,Low Value,3.8
12,2026-03-29,4,57.0025,228.01,new,155,2,At Risk,22.49
13,2026-01-25,2,66.27,132.54,low_value,218,4,Low Value,9.21
14,2026-04-22,6,78.99499999999999,473.96999999999997,at_risk,131,0,Loyal,53.41
15,2026-07-06,14,109.39214285714286,1531.49,loyal,56,3,Champions,261.8
16,2026-06-22,6,69.96,419.76,new,70,1,Potential Loyalists,66.39
17,2026-08-23,23,178.98347826086956,4116.62,champion,8,3,Champions,918.79
18,2026-07-04,5,50.598,252.99,low_value,58,1,Potential Loyalists,42.77
19,2026-03-28,6,78.36833333333334,470.21000000000004,new,156,0,Loyal,46.12
20,2025-12-22,2,63.345,126.69,low_value,252,4,Low Value,7.29
21,2026-02-26,3,83.95,251.85,at_risk,186,2,At Risk,20.91
22,2026-02-06,1,60.06,60.06,low_value,206,4,Low Value,4.46
23,2025-10-15,2,34.78,69.56,low_value,320,4,Low Value,2.74
24,2026-03-12,5,54.470000000000006,272.35,low_value,172,2,At Risk,24.44
25,2026-07-21,11,123.2209090909091,1355.43,loyal,41,3,Champions,251.84
26,2026-04-30,6,49.99666666666667,299.98,new,123,2,At Risk,35.34
27,2026-08-07,26,182.93192307692306,4756.23,champion,24,3,Champions,971.26
28,2026-05-05,9,118.90777777777778,1070.17,loyal,118,0,Loyal,129.64
29,2025-09-15,3,64.54666666666667,193.64,low_value,350,4,Low Value,6.46
30,2026-05-30,6,32.705,196.23,low_value,93,2,At Risk,27.31
31,2026-02-28,4,58.6375,234.55,low_value,184,2,At Risk,19.69
32,2026-07-19,11,121.00181818181818,1331.02,at_risk,43,3,Champions,244.58
33,2026-08-14,6,113.17166666666667,679.03,at_risk,17,1,Potential Loyalists,144.16
34,2026-07-01,11,69.58727272727273,765.46,new,61,0,Loyal,127.27
35,2026-06-05,14,108.455,1518.37,loyal,87,0,Loyal,218.5
36,2026-08-21,16,101.981875,1631.71,loyal,10,3,Champions,360.16
37,2026-03-09,5,79.236,396.18,new,175,0,Loyal,34.97
38,2026-07-17,10,115.968,1159.68,loyal,45,3,Champions,210.74
39,2026-03-06,3,42.63,127.89,low_value,178,2,At Risk,11.1
40,2026-06-13,4,124.63,498.52,at_risk,79,0,Loyal,75.0
41,2026-02-11,2,44.745000000000005,89.49000000000001,low_value,201,4,Low Value,6.84
42,2026-04-14,6,40.43833333333333,242.63,low_value,139,2,At Risk,26.15
43,2026-06-13,8,92.44125,739.53,at_risk,79,0,Loyal,111.26
44,2025-08-12,1,30.54,30.54,low_value,384,4,Low Value,0.84
45,2025-10-22,3,42.60333333333333,127.81,low_value,313,4,Low Value,5.24
46,2026-08-10,9,117.22999999999999,1055.07,at_risk,21,3,Champions,219.07
47,2026-07-15,15,113.67733333333334,1705.16,loyal,47,3,Champions,306.44
48,2026-04-27,7,42.51142857142857,297.58,low_value,126,2,At Risk,34.48
49,2026-06-24,10,96.497,964.97,loyal,68,0,Loyal,154.32
50,2026-06-05,14,120.23428571428572,1683.28,loyal,87,0,Loyal,242.23
51,2026-08-08,22,171.56272727272727,3774.38,champion,23,3,Champions,775.05
52,2026-07-03,5,38.382,191.91,low_value,59,2,At Risk,32.26
53,2026-01-14,1,24.61,24.61,low_value,229,4,Low Value,1.61
54,2025-08-31,1,49.31,49.31,low_value,365,4,Low Value,1.51
55,2025-04-29,1,45.6,45.6,low_value,489,4,Low Value,0.7
56,2026-08-06,7,76.55285714285715,535.87,new,25,1,Potential Loyalists,108.82
57,2026-05-07,9,73.42888888888889,660.86,new,116,0,Loyal,80.95
58,2026-05-22,16,120.415625,1926.65,loyal,101,0,Loyal,256.5
59,2026-06-15,12,115.72416666666668,1388.69,loyal,77,0,Loyal,211.25
60,2026-01-04,5,46.698,233.49,low_value,239,2,At Risk,14.44
61,2026-07-25,10,70.782,707.8199999999999,new,37,1,Potential Loyalists,134.47
62,2026-07-09,8,68.46000000000001,547.6800000000001,new,53,1,Potential Loyalists,95.2
63,2026-01-28,2,19.939999999999998,39.879999999999995,low_value,215,4,Low Value,2.82
64,2026-04-02,8,72.04875,576.39,new,151,0,Loyal,58.13
65,2026-04-02,6,68.91333333333334,413.48,new,151,2,At Risk,41.7
66,2026-07-03,5,60.620000000000005,303.1,new,59,1,Potential Loyalists,50.96
67,2026-02-08,6,107.83166666666666,646.99,at_risk,204,0,Loyal,48.6
68,2026-08-27,12,181.1641666666667,2173.9700000000003,champion,4,3,Champions,496.11
69,2026-02-07,6,114.58333333333333,687.5,at_risk,205,0,Loyal,51.36
70,2026-05-19,14,111.385,1559.39,loyal,104,0,Loyal,204.18
71,2026-05-01,5,84.76,423.8,at_risk,122,0,Loyal,50.21
72,2026-06-09,4,45.8825,183.53,low_value,83,2,At Risk,27.0
73,2026-04-03,15,104.00933333333334,1560.14,loyal,150,0,Loyal,158.21
74,2026-08-16,17,191.38176470588235,3253.49,champion,15,3,Champions,698.45
75,2026-08-15,15,110.68333333333334,1660.25,loyal,16,3,Champions,354.44
76,2026-07-01,14,108.78428571428572,1522.98,loyal,61,3,Champions,253.22
77,2026-02-04,2,42.129999999999995,84.25999999999999,low_value,208,4,Low Value,6.19
78,2026-07-13,6,63.52,381.12,new,49,1,Potential Loyalists,67.74
79,2026-03-14,5,43.324,216.62,low_value,170,2,At Risk,19.66
80,2026-02-24,6,42.778333333333336,256.67,low_value,188,2,At Risk,21.07
81,2026-04-24,8,99.52125,796.17,at_risk,129,0,Loyal,90.73
82,2025-04-25,1,36.84,36.84,low_value,493,4,Low Value,0.56
83,2026-08-03,19,98.73842105263158,1876.03,loyal,28,3,Champions,374.68
84,2026-08-22,20,171.994,3439.88,champion,9,3,Champions,763.49
85,2026-05-17,11,122.5409090909091,1347.95,loyal,106,0,Loyal,174.54
86,2025-09-24,5,37.366,186.82999999999998,low_value,341,2,At Risk,6.56
87,2026-06-22,10,68.88199999999999,688.8199999999999,new,70,0,Loyal,108.94
88,2026-06-30,8,102.53875000000001,820.3100000000001,loyal,62,0,Loyal,135.63
89,2026-03-09,7,88.57142857142857,620.0,new,175,0,Loyal,54.72
90,2026-03-14,15,110.36933333333333,1655.54,loyal,170,0,Loyal,150.23
91,2026-03-06,5,51.684000000000005,258.42,low_value,178,2,At Risk,22.43
92,2026-04-12,4,92.35499999999999,369.41999999999996,at_risk,141,0,Loyal,39.38
93,2026-03-01,4,61.61750000000001,246.47000000000003,at_risk,183,2,At Risk,20.81
94,2026-04-17,11,103.83090909090907,1142.1399999999999,at_risk,136,0,Loyal,125.19
95,2026-04-06,4,74.135,296.54,new,147,2,At Risk,30.58
96,2026-03-07,5,91.862,459.31,at_risk,177,0,Loyal,40.09
97,2026-07-10,24,106.54,2556.96,loyal,52,3,Champions,446.93
98,2026-07-13,12,124.57333333333332,1494.8799999999999,loyal,49,3,Champions,265.68
99,2025-08-16,1,28.14,28.14,low_value,380,4,Low Value,0.8
100,2026-04-12,5,50.67,253.35,low_value,141,2,At Risk,27.01
101,2025-11-16,5,72.076,360.38,low_value,288,2,At Risk,16.98
102,2026-07-18,5,116.856,584.28,loyal,44,1,Potential Loyalists,106.77
103,2026-02-14,3,43.82333333333333,131.47,low_value,198,4,Low Value,10.21
104,2026-03-25,7,47.86857142857143,335.08,low_value,159,2,At Risk,32.32
105,2026-05-20,4,38.1025,152.41,low_value,103,2,At Risk,20.07
106,2026-02-11,4,84.67,338.68,at_risk,201,2,At Risk,25.87
107,2026-05-30,10,108.478,1084.78,loyal,93,0,Loyal,150.98
108,2026-07-10,12,109.06333333333333,1308.76,loyal,52,3,Champions,228.76
109,2026-04-04,2,60.17,120.34,low_value,149,4,Low Value,12.27
110,2026-08-09,7,60.79,425.53,new,22,1,Potential Loyalists,87.87
111,2026-07-04,14,107.29499999999999,1502.1299999999999,loyal,58,3,Champions,253.95
112,2026-03-25,11,81.71727272727273,898.89,at_risk,159,0,Loyal,86.71
113,2026-06-09,6,72.12666666666667,432.76,new,83,0,Loyal,63.67
114,2026-07-26,15,104.416,1566.24,loyal,36,3,Champions,299.21
115,2025-10-30,2,37.38,74.76,low_value,305,4,Low Value,3.2
116,2025-08-22,2,36.1,72.2,low_value,374,4,Low Value,2.11
117,2025-08-10,4,58.19,232.76,low_value,386,2,At Risk,6.36
118,2025-08-05,5,107.268,536.34,at_risk,391,0,Loyal,14.26
119,2026-05-23,6,53.58166666666667,321.49,new,100,2,At Risk,43.04
120,2026-07-15,6,74.74166666666666,448.45,new,47,1,Potential Loyalists,80.59
121,2026-06-07,7,83.11857142857141,581.8299999999999,new,85,0,Loyal,84.66
122,2026-08-11,8,101.17125,809.37,loyal,20,1,Potential Loyalists,168.99
123,2026-03-06,7,85.96000000000001,601.72,at_risk,178,0,Loyal,52.23
124,2026-08-14,15,187.61933333333334,2814.29,champion,17,3,Champions,597.49
125,2026-05-27,4,79.98,319.92,new,96,0,Loyal,43.79
126,2026-04-12,6,95.10000000000001,570.6,at_risk,141,0,Loyal,60.83
127,2026-07-23,10,104.997,1049.97,loyal,39,3,Champions,197.27
128,2026-08-07,7,112.77857142857144,789.45,loyal,24,1,Potential Loyalists,161.21
129,2026-08-22,8,75.17625000000001,601.4100000000001,new,9,1,Potential Loyalists,133.49
130,2026-08-20,10,110.86500000000001,1108.65,loyal,11,3,Champions,243.35
131,2026-04-15,6,51.70666666666667,310.24,low_value,138,2,At Risk,33.63
132,2026-06-14,7,68.59,480.13,new,78,0,Loyal,72.63
133,2026-07-01,7,86.25714285714285,603.8,at_risk,61,1,Potential Loyalists,100.39
134,2025-09-07,4,50.23,200.92,new,358,2,At Risk,6.42
135,2026-06-06,23,169.97,3909.31,champion,86,3,Champions,565.69
136,2026-02-08,2,55.455,110.91,low_value,204,4,Low Value,8.33
137,2026-05-11,8,71.1275,569.02,new,112,0,Loyal,71.27
138,2026-02-26,3,47.173333333333325,141.51999999999998,low_value,186,2,At Risk,11.75
139,2026-04-30,12,87.08333333333333,1045.0,loyal,123,0,Loyal,123.12
140,2026-08-08,2,61.085,122.17,new,23,1,Potential Loyalists,25.09
141,2026-04-29,5,69.75399999999999,348.77,new,124,2,At Risk,40.86
142,2026-05-30,4,24.8175,99.27,low_value,93,2,At Risk,13.82
143,2026-07-19,6,77.99166666666666,467.95,new,43,1,Potential Loyalists,85.99
144,2026-02-27,8,64.4025,515.22,new,185,2,At Risk,43.01
145,2026-05-28,15,112.90866666666666,1693.6299999999999,loyal,95,0,Loyal,233.12
146,2026-04-15,8,83.57875,668.63,at_risk,138,0,Loyal,72.48
147,2026-08-20,8,71.145,569.16,new,11,1,Potential Loyalists,124.93
148,2026-04-07,9,80.75222222222222,726.77,at_risk,146,0,Loyal,75.36
149,2026-08-06,16,178.8725,2861.96,champion,25,3,Champions,581.19
150,2025-11-19,5,42.896,214.48000000000002,low_value,285,2,At Risk,10.27
151,2026-02-17,2,45.129999999999995,90.25999999999999,low_value,195,4,Low Value,7.13
152,2026-08-23,12,114.41250000000001,1372.95,loyal,8,3,Champions,306.43
153,2026-08-10,4,71.9075,287.63,new,21,1,Potential Loyalists,59.72
154,2026-08-09,18,118.50333333333333,2133.06,loyal,22,3,Champions,440.45
155,2026-05-09,3,67.23,201.69,low_value,114,2,At Risk,24.98
156,2026-01-03,5,101.86800000000001,509.34000000000003,loyal,240,0,Loyal,31.33
157,2026-02-16,4,42.614999999999995,170.45999999999998,low_value,196,2,At Risk,13.39
158,2025-11-05,5,39.042,195.21,low_value,299,2,At Risk,8.65
159,2025-12-26,4,47.8975,191.59,low_value,248,2,At Risk,11.27
160,2026-07-27,9,116.24888888888889,1046.24,loyal,35,3,Champions,200.98
161,2025-11-26,2,33.995,67.99,low_value,278,4,Low Value,3.39
162,2026-06-11,3,72.24666666666667,216.74,loyal,81,2,At Risk,32.25
163,2026-07-31,25,185.102,4627.55,champion,31,3,Champions,908.93
164,2026-04-10,4,103.7475,414.99,new,143,0,Loyal,43.75
165,2026-03-23,6,86.00333333333333,516.02,at_risk,161,0,Loyal,49.23
166,2026-03-15,2,41.525,83.05,low_value,169,4,Low Value,7.58
167,2026-01-05,3,43.22,129.66,low_value,238,4,Low Value,8.06
168,2026-02-18,5,91.27799999999999,456.39,at_risk,194,0,Loyal,36.24
169,2026-05-08,6,56.498333333333335,338.99,low_value,115,2,At Risk,41.75
170,2026-08-20,21,115.37666666666667,2422.91,loyal,11,3,Champions,531.83
171,2026-02-20,3,64.82666666666667,194.48000000000002,new,192,2,At Risk,15.62
172,2026-04-15,8,122.82375,982.59,loyal,138,0,Loyal,106.51
173,2026-05-28,4,46.345,185.38,low_value,95,2,At Risk,25.52
174,2026-05-19,10,103.292,1032.92,loyal,104,0,Loyal,135.24
175,2026-08-26,19,183.95052631578946,3495.06,champion,5,3,Champions,793.17
176,2026-04-25,6,95.355,572.13,at_risk,128,0,Loyal,65.56
177,2025-12-14,6,42.06,252.36,low_value,260,2,At Risk,13.89
178,2025-11-30,4,34.7,138.8,low_value,274,2,At Risk,7.07
179,2026-01-11,2,39.84,79.68,low_value,232,4,Low Value,5.12
180,2026-01-03,4,36.41,145.64,low_value,240,2,At Risk,8.96
181,2026-01-18,2,32.385,64.77,low_value,225,4,Low Value,4.33
182,2026-08-03,3,64.76333333333334,194.29000000000002,new,28,1,Potential Loyalists,38.8
183,2026-02-14,7,96.23142857142857,673.62,at_risk,198,0,Loyal,52.32
184,2025-10-23,1,44.25,44.25,low_value,312,4,Low Value,1.82
185,2025-08-25,4,44.28,177.12,low_value,371,2,At Risk,5.26
186,2026-04-17,8,110.5025,884.02,at_risk,136,0,Loyal,96.9
187,2026-07-26,16,112.105625,1793.69,loyal,36,3,Champions,342.66
188,2026-06-10,5,59.842,299.21,low_value,82,2,At Risk,44.27
189,2026-07-26,11,123.17272727272729,1354.9,loyal,36,3,Champions,258.84
190,2025-08-18,1,53.05,53.05,low_value,378,4,Low Value,1.52
191,2026-06-05,12,104.9775,1259.73,loyal,87,0,Loyal,181.28
192,2025-12-08,9,101.77444444444444,915.97,loyal,266,0,Loyal,48.76
193,2026-05-21,7,46.925714285714285,328.48,low_value,102,2,At Risk,43.49
194,2026-06-20,11,117.09727272727274,1288.0700000000002,loyal,72,0,Loyal,201.46
195,2026-06-27,12,112.31666666666666,1347.8,loyal,65,0,Loyal,219.17
196,2026-02-15,4,56.9375,227.75,new,197,2,At Risk,17.79
197,2026-04-25,2,38.845,77.69,low_value,128,4,Low Value,8.9
198,2026-05-08,8,105.4725,843.78,loyal,115,0,Loyal,103.93
199,2026-07-10,5,115.14200000000001,575.71,at_risk,52,1,Potential Loyalists,100.63
200,2026-02-28,4,49.995,199.98,low_value,184,2,At Risk,16.79
201,2026-03-19,4,49.305,197.22,low_value,165,2,At Risk,18.4
202,2026-08-18,5,71.828,359.14,new,13,1,Potential Loyalists,77.96
203,2026-07-09,8,120.2075,961.66,loyal,53,0,Loyal,167.16
204,2026-08-19,13,160.05692307692306,2080.74,champion,12,3,Champions,454.19
205,2026-07-31,14,121.18785714285715,1696.63,loyal,31,3,Champions,333.25
206,2026-01-24,5,139.05599999999998,695.28,loyal,219,0,Loyal,48.06
207,2025-12-23,1,32.06,32.06,low_value,251,4,Low Value,1.85
208,2026-07-15,8,124.56125,996.49,loyal,47,0,Loyal,179.08
209,2026-02-01,3,82.76,248.28,new,211,2,At Risk,17.94
210,2026-05-28,4,50.1925,200.77,low_value,95,2,At Risk,27.64
211,2026-07-22,6,62.335,374.01,new,40,1,Potential Loyalists,69.88
212,2026-07-16,8,104.60375,836.83,loyal,46,1,Potential Loyalists,151.23
213,2026-08-09,2,37.185,74.37,low_value,22,1,Potential Loyalists,15.36
214,2026-04-09,6,51.58833333333333,309.53,low_value,144,2,At Risk,32.45
215,2026-06-20,2,25.44,50.88,low_value,72,4,Low Value,7.96
216,2026-08-15,5,95.768,478.84000000000003,loyal,16,1,Potential Loyalists,102.23
217,2026-05-19,10,109.579,1095.79,loyal,104,0,Loyal,143.48
218,2026-04-26,4,33.339999999999996,133.35999999999999,low_value,127,2,At Risk,15.37
219,2026-08-19,11,93.9,1032.9,at_risk,12,3,Champions,225.47
220,2026-07-30,5,94.46,472.29999999999995,at_risk,32,1,Potential Loyalists,92.25
221,2025-12-03,2,77.36500000000001,154.73000000000002,new,271,4,Low Value,8.01
222,2025-12-28,2,24.525,49.05,low_value,246,4,Low Value,2.92
223,2025-11-11,2,48.055,96.11,low_value,293,4,Low Value,4.4
224,2026-04-18,10,109.346,1093.46,loyal,135,0,Loyal,120.52
225,2026-04-02,4,53.3225,213.29,low_value,151,2,At Risk,21.51
226,2026-08-03,24,189.21291666666664,4541.11,champion,28,3,Champions,906.95
227,2026-07-09,7,68.86571428571429,482.06,new,53,1,Potential Loyalists,83.79
228,2026-05-04,8,54.27125,434.17,new,119,2,At Risk,52.3
229,2026-06-23,8,109.78875,878.31,loyal,69,0,Loyal,139.68
230,2026-06-27,12,114.02416666666666,1368.29,loyal,65,0,Loyal,222.5
231,2026-02-21,10,91.41900000000001,914.19,at_risk,191,0,Loyal,73.82
232,2026-07-27,4,49.435,197.74,low_value,35,1,Potential Loyalists,37.99
233,2026-07-01,6,72.10333333333334,432.62,new,61,1,Potential Loyalists,71.93
234,2026-06-24,3,50.803333333333335,152.41,low_value,68,2,At Risk,24.37
235,2026-03-03,4,33.567499999999995,134.26999999999998,low_value,181,2,At Risk,11.46
236,2026-08-05,8,75.2325,601.86,new,26,1,Potential Loyalists,121.55
237,2025-06-16,4,34.875,139.5,low_value,441,4,Low Value,2.81
238,2026-08-21,18,187.5838888888889,3376.51,champion,10,3,Champions,745.28
239,2026-08-12,22,113.37181818181817,2494.18,loyal,19,3,Champions,523.68
240,2026-06-11,4,44.0975,176.39,low_value,81,2,At Risk,26.24
241,2026-04-28,7,45.24714285714286,316.73,low_value,125,2,At Risk,36.9
242,2026-03-24,16,126.970625,2031.53,loyal,160,0,Loyal,194.88
243,2026-08-20,6,81.57,489.41999999999996,new,11,1,Potential Loyalists,107.43
244,2026-08-02,5,52.50599999999999,262.53,new,29,1,Potential Loyalists,52.14
245,2026-01-28,1,40.69,40.69,low_value,215,4,Low Value,2.88
246,2026-06-19,11,90.28,993.08,new,73,0,Loyal,154.47
247,2026-04-22,7,122.78,859.46,at_risk,131,0,Loyal,96.86
248,2026-04-04,7,112.84,789.88,at_risk,149,0,Loyal,80.54
249,2026-05-20,8,94.60625,756.85,at_risk,103,0,Loyal,99.65
250,2026-03-29,5,32.406,162.03,low_value,155,2,At Risk,15.98
251,2026-02-08,4,60.5425,242.17,low_value,204,2,At Risk,18.19
252,2026-07-22,9,69.83555555555556,628.52,new,40,1,Potential Loyalists,117.43
253,2026-07-03,14,106.845,1495.83,loyal,59,3,Champions,251.48
254,2026-07-04,8,100.94625,807.57,loyal,58,0,Loyal,136.53
255,2025-08-04,1,10.0,10.0,low_value,392,4,Low Value,0.26
256,2026-02-20,5,31.410000000000004,157.05,low_value,192,2,At Risk,12.61
257,2026-06-28,10,105.006,1050.06,loyal,64,0,Loyal,171.7
258,2026-08-02,14,176.54357142857143,2471.61,champion,29,3,Champions,490.89
259,2026-06-22,6,77.57666666666667,465.46,new,70,1,Potential Loyalists,73.62
260,2026-04-24,14,114.93785714285715,1609.13,loyal,129,0,Loyal,183.37
261,2026-04-25,5,51.248000000000005,256.24,low_value,128,2,At Risk,29.36
262,2026-02-21,13,101.17999999999999,1315.34,at_risk,191,0,Loyal,106.21
263,2026-08-06,21,109.69333333333333,2303.56,loyal,25,3,Champions,467.8
264,2026-05-09,2,24.51,49.02,low_value,114,4,Low Value,6.07
265,2026-08-23,12,117.48666666666666,1409.84,loyal,8,3,Champions,314.66
266,2026-08-01,21,100.42857142857143,2109.0,loyal,30,3,Champions,416.55
267,2026-06-25,15,99.10666666666665,1486.6,loyal,67,0,Loyal,239.07
268,2026-07-08,13,125.26538461538462,1628.45,loyal,54,3,Champions,281.49
269,2026-08-05,19,195.3294736842105,3711.2599999999998,champion,26,3,Champions,749.49
270,2026-08-14,23,163.2413043478261,3754.55,champion,17,3,Champions,797.11
271,2026-08-04,14,110.39714285714285,1545.56,loyal,27,3,Champions,310.4
272,2026-08-10,22,185.1481818181818,4073.2599999999998,champion,21,3,Champions,845.77
273,2026-07-11,5,57.562,287.81,new,51,1,Potential Loyalists,50.59
274,2025-04-27,1,18.82,18.82,low_value,491,4,Low Value,0.29
275,2026-05-30,8,89.7575,718.06,at_risk,93,0,Loyal,99.94
276,2026-03-12,10,109.506,1095.06,at_risk,172,0,Loyal,98.27
277,2026-07-07,7,67.10857142857142,469.76,new,55,1,Potential Loyalists,80.75
278,2025-10-10,2,49.235,98.47,low_value,325,4,Low Value,3.78
279,2026-02-23,2,63.305,126.61,low_value,189,4,Low Value,10.34
280,2026-08-09,20,179.42149999999998,3588.43,champion,22,3,Champions,740.97
281,2026-08-05,7,93.76,656.32,loyal,26,1,Potential Loyalists,132.54
282,2026-08-16,10,121.194,1211.94,loyal,15,3,Champions,260.18
283,2026-06-17,7,97.61714285714285,683.3199999999999,loyal,75,0,Loyal,105.11
284,2026-01-11,1,111.86,111.86,new,232,4,Low Value,7.19
285,2026-01-04,7,110.94142857142857,776.59,at_risk,239,0,Loyal,48.03
286,2026-08-23,15,185.16199999999998,2777.43,champion,8,3,Champions,619.89
287,2026-07-24,4,92.92250000000001,371.69000000000005,at_risk,38,1,Potential Loyalists,70.22
288,2025-12-29,5,89.366,446.83,new,245,0,Loyal,26.73
289,2026-07-12,12,109.425,1313.1,loyal,50,3,Champions,232.08
290,2026-04-13,1,72.42,72.42,low_value,140,4,Low Value,7.76
291,2026-07-28,22,171.51772727272726,3773.39,champion,34,3,Champions,728.91
292,2026-08-25,2,36.47,72.94,low_value,6,1,Potential Loyalists,16.46
293,2026-07-11,8,91.765,734.12,loyal,51,1,Potential Loyalists,129.03
294,2026-06-02,6,44.51,267.06,low_value,90,2,At Risk,37.8
295,2026-01-18,4,37.3,149.2,low_value,225,2,At Risk,9.97
296,2025-04-06,1,36.52,36.52,low_value,512,4,Low Value,0.5
297,2025-07-15,2,68.81,137.62,low_value,412,4,Low Value,3.26
298,2025-06-28,1,22.88,22.88,low_value,429,4,Low Value,0.49
299,2025-10-02,4,77.4575,309.83,new,333,2,At Risk,11.37
300,2026-02-28,4,41.535000000000004,166.14000000000001,low_value,184,2,At Risk,13.95
301,2026-05-04,19,92.42105263157895,1756.0,loyal,119,0,Loyal,211.54
302,2026-07-26,5,55.751999999999995,278.76,new,36,1,Potential Loyalists,53.25
303,2026-07-30,6,84.13666666666667,504.82,new,32,1,Potential Loyalists,98.61
304,2025-10-22,2,35.105000000000004,70.21000000000001,low_value,313,4,Low Value,2.88
305,2026-08-08,6,78.91333333333334,473.48,new,23,1,Potential Loyalists,97.23
306,2026-03-15,9,102.44111111111111,921.97,at_risk,169,0,Loyal,84.13
307,2026-07-07,6,63.275,379.65,new,55,1,Potential Loyalists,65.26
308,2026-08-01,9,113.67333333333335,1023.0600000000001,loyal,30,3,Champions,202.07
309,2026-07-18,14,109.25785714285715,1529.6100000000001,loyal,44,3,Champions,279.51
310,2026-04-10,7,64.67999999999999,452.76,new,143,2,At Risk,47.73
311,2026-06-30,9,82.88888888888889,746.0,at_risk,62,0,Loyal,123.35
312,2026-07-06,6,107.05666666666666,642.3399999999999,loyal,56,0,Loyal,109.81
313,2026-02-09,7,88.06857142857143,616.48,at_risk,203,0,Loyal,46.57
314,2026-05-13,11,87.70636363636363,964.77,at_risk,110,0,Loyal,122.18
315,2026-05-23,5,93.288,466.44,at_risk,100,0,Loyal,62.45
316,2026-05-19,9,101.66333333333334,914.97,at_risk,104,0,Loyal,119.8
317,2026-03-12,2,31.49,62.98,low_value,172,4,Low Value,5.65
318,2026-05-11,11,102.92727272727274,1132.2,loyal,112,0,Loyal,141.8
319,2026-03-17,3,39.06666666666666,117.19999999999999,low_value,167,2,At Risk,10.81
320,2026-02-20,5,47.258,236.29000000000002,low_value,192,2,At Risk,18.97
321,2026-08-27,8,75.7975,606.38,new,4,1,Potential Loyalists,138.38
322,2026-05-13,13,97.34384615384616,1265.47,at_risk,110,0,Loyal,160.26
323,2026-05-06,5,70.86600000000001,354.33000000000004,new,117,2,At Risk,43.16
324,2026-02-02,3,44.373333333333335,133.12,low_value,210,4,Low Value,9.67
325,2026-02-06,3,30.01,90.03,low_value,206,4,Low Value,6.69
326,2025-12-24,3,20.833333333333332,62.5,low_value,250,4,Low Value,3.64
327,2026-08-06,8,73.64,589.12,new,25,1,Potential Loyalists,119.64
328,2026-06-16,5,62.406000000000006,312.03000000000003,new,76,1,Potential Loyalists,47.73
329,2026-05-09,9,124.19,1117.71,loyal,114,0,Loyal,138.44
330,2025-10-23,3,45.03666666666667,135.11,low_value,312,4,Low Value,5.57
331,2026-06-13,12,113.41083333333334,1360.93,loyal,79,0,Loyal,204.74
332,2025-12-24,3,50.95333333333334,152.86,low_value,250,4,Low Value,8.89
333,2025-06-13,2,37.805,75.61,low_value,444,4,Low Value,1.5
334,2026-07-14,16,102.563125,1641.01,loyal,48,3,Champions,293.28
335,2026-06-06,3,87.94,263.82,new,86,1,Potential Loyalists,38.18
336,2026-08-21,9,125.49333333333334,1129.44,loyal,10,3,Champions,249.29
337,2025-11-04,4,43.8275,175.31,low_value,300,2,At Risk,7.73
338,2026-07-21,7,111.52571428571427,780.68,loyal,41,1,Potential Loyalists,145.05
339,2026-02-13,1,69.94,69.94,low_value,199,4,Low Value,5.4
340,2026-06-08,11,103.30272727272727,1136.33,loyal,84,0,Loyal,166.27
341,2026-02-04,1,29.1,29.1,low_value,208,4,Low Value,2.14
342,2026-07-04,6,54.365,326.19,low_value,58,1,Potential Loyalists,55.15
343,2026-08-19,7,64.02857142857142,448.2,new,12,1,Potential Loyalists,97.84
344,2025-11-28,5,36.013999999999996,180.07,low_value,276,2,At Risk,9.07
345,2026-06-14,6,45.70166666666666,274.21,low_value,78,2,At Risk,41.48
346,2025-11-13,3,30.580000000000002,91.74000000000001,low_value,291,4,Low Value,4.25
347,2026-04-30,12,105.17416666666666,1262.09,loyal,123,0,Loyal,148.7
348,2026-07-24,9,69.47777777777777,625.3,new,38,1,Potential Loyalists,118.14
349,2026-06-21,14,114.245,1599.43,loyal,71,0,Loyal,251.56
350,2026-04-20,4,64.36,257.44,new,133,2,At Risk,28.69
351,2026-07-12,16,110.075625,1761.21,loyal,50,3,Champions,311.28
352,2026-07-20,9,66.1,594.9,new,42,1,Potential Loyalists,109.92
353,2026-08-24,5,69.11,345.55,new,7,1,Potential Loyalists,77.55
354,2026-05-08,11,65.7609090909091,723.37,new,115,0,Loyal,89.1
355,2026-06-22,3,82.33666666666666,247.01,new,70,1,Potential Loyalists,39.07
356,2025-10-13,2,50.16,100.32,low_value,322,4,Low Value,3.91
357,2025-07-29,3,37.92333333333334,113.77000000000001,low_value,398,4,Low Value,2.91
358,2026-07-26,5,71.896,359.48,new,36,1,Potential Loyalists,68.67
359,2026-08-01,8,85.62,684.96,new,30,1,Potential Loyalists,135.29
360,2026-03-13,3,49.10999999999999,147.32999999999998,low_value,171,2,At Risk,13.29
361,2026-08-19,11,114.55363636363637,1260.0900000000001,loyal,12,3,Champions,275.06
362,2026-04-10,6,109.705,658.23,loyal,143,0,Loyal,69.4
363,2026-05-20,15,115.34733333333334,1730.21,loyal,103,0,Loyal,227.8
364,2026-05-27,3,31.72,95.16,low_value,96,2,At Risk,13.03
365,2026-07-30,4,91.665,366.66,at_risk,32,1,Potential Loyalists,71.62
366,2026-02-15,7,58.42285714285715,408.96000000000004,low_value,197,2,At Risk,31.94
367,2025-07-22,1,51.51,51.51,low_value,405,4,Low Value,1.27
368,2026-07-25,12,92.82,1113.84,at_risk,37,3,Champions,211.61
369,2026-04-24,4,52.9725,211.89,low_value,129,2,At Risk,24.15
370,2025-11-30,7,45.77571428571429,320.43,low_value,274,2,At Risk,16.32
371,2026-08-27,12,99.7325,1196.79,loyal,4,3,Champions,273.11
372,2026-03-08,6,104.04,624.24,at_risk,176,0,Loyal,54.79
373,2026-05-09,10,82.57300000000001,825.73,at_risk,114,0,Loyal,102.27
374,2026-08-13,14,115.55,1617.7,loyal,18,3,Champions,341.54
375,2026-06-27,11,110.78727272727274,1218.66,loyal,65,0,Loyal,198.17
376,2025-12-17,3,40.07,120.21000000000001,low_value,257,4,Low Value,6.73
377,2025-07-27,3,104.88,314.64,at_risk,400,0,Loyal,7.96
378,2026-04-03,6,102.56,615.36,at_risk,150,0,Loyal,62.4
379,2026-08-05,2,16.72,33.44,low_value,26,2,At Risk,6.75
380,2026-04-08,4,80.345,321.38,new,145,2,At Risk,33.51
381,2026-05-22,5,46.332,231.66,low_value,101,2,At Risk,30.84
382,2026-06-18,6,41.28,247.68,low_value,74,2,At Risk,38.31
383,2026-08-08,7,78.14999999999999,547.05,new,23,1,Potential Loyalists,112.33
384,2026-04-24,13,78.01153846153846,1014.15,at_risk,129,0,Loyal,115.57
385,2025-11-25,2,68.985,137.97,low_value,279,4,Low Value,6.83
386,2025-10-10,2,61.97,123.94,low_value,325,4,Low Value,4.75
387,2026-04-21,4,47.305,189.22,low_value,132,2,At Risk,21.21
388,2026-08-02,15,109.634,1644.51,loyal,29,3,Champions,326.62
389,2026-02-16,6,46.615,279.69,low_value,196,2,At Risk,21.97
390,2026-08-06,10,66.824,668.24,new,25,1,Potential Loyalists,135.7
391,2026-07-17,14,118.43285714285715,1658.06,loyal,45,3,Champions,301.3
392,2026-08-07,4,77.845,311.38,new,24,1,Potential Loyalists,63.59
393,2026-06-10,2,34.92,69.84,low_value,82,4,Low Value,10.33
394,2026-06-25,25,172.63,4315.75,champion,67,3,Champions,694.03
395,2026-06-27,8,97.10625,776.85,new,65,0,Loyal,126.32
396,2025-12-12,6,52.84166666666667,317.05,low_value,262,2,At Risk,17.26
397,2026-07-01,14,110.62357142857142,1548.73,loyal,61,3,Champions,257.5
398,2026-05-22,4,77.795,311.18,new,101,2,At Risk,41.43
399,2025-10-22,4,86.23,344.92,at_risk,313,2,At Risk,14.14
400,2026-02-23,7,81.58428571428571,571.09,at_risk,189,0,Loyal,46.63
401,2026-04-17,6,48.35166666666667,290.11,low_value,136,2,At Risk,31.8
402,2025-07-06,1,42.93,42.93,low_value,421,4,Low Value,0.97
403,2026-07-19,10,106.68800000000002,1066.88,loyal,43,3,Champions,196.04
404,2026-08-07,5,50.094,250.47,low_value,24,1,Potential Loyalists,51.15
405,2026-02-27,5,51.022000000000006,255.11,low_value,185,2,At Risk,21.3
406,2026-05-05,15,102.34466666666665,1535.1699999999998,loyal,118,0,Loyal,185.96
407,2026-04-23,4,42.5575,170.23,low_value,130,2,At Risk,19.29
408,2026-05-20,10,112.26399999999998,1122.6399999999999,loyal,103,0,Loyal,147.81
409,2026-06-16,2,35.269999999999996,70.53999999999999,low_value,76,4,Low Value,10.79
410,2026-03-21,1,41.82,41.82,low_value,163,4,Low Value,3.95
411,2026-01-30,4,37.055,148.22,low_value,213,2,At Risk,10.59
412,2026-06-24,12,99.82416666666667,1197.89,loyal,68,0,Loyal,191.57
413,2025-03-19,1,10.0,10.0,low_value,530,4,Low Value,0.12
414,2026-08-14,24,164.70708333333332,3952.97,champion,17,3,Champions,839.24
415,2026-08-10,20,102.349,2046.98,loyal,21,3,Champions,425.03
416,2026-07-25,14,122.71214285714287,1717.97,loyal,37,3,Champions,326.38
417,2026-04-19,5,48.71,243.55,low_value,134,2,At Risk,26.99
418,2026-08-06,13,96.19692307692307,1250.56,loyal,25,3,Champions,253.96
419,2025-03-11,1,66.22,66.22,low_value,538,4,Low Value,0.78
420,2025-05-01,3,45.60333333333333,136.81,low_value,487,4,Low Value,2.13
421,2026-08-19,22,185.265,4075.83,champion,12,3,Champions,889.69
422,2026-08-16,18,176.9661111111111,3185.39,champion,15,3,Champions,683.83
423,2026-08-19,26,177.905,4625.53,champion,12,3,Champions,1009.68
424,2026-08-06,5,61.895999999999994,309.47999999999996,new,25,1,Potential Loyalists,62.85
425,2026-04-05,2,46.349999999999994,92.69999999999999,low_value,148,4,Low Value,9.51
426,2026-04-01,7,101.60000000000001,711.2,loyal,152,0,Loyal,71.32
427,2026-07-09,3,37.86666666666667,113.6,low_value,53,2,At Risk,19.75
428,2026-08-05,18,180.94333333333333,3256.98,champion,26,3,Champions,657.75
429,2026-04-06,5,51.07000000000001,255.35000000000002,low_value,147,2,At Risk,26.33
430,2025-08-21,2,42.555,85.11,low_value,375,4,Low Value,2.47
431,2026-03-16,2,36.85,73.7,low_value,168,4,Low Value,6.76
432,2026-04-06,1,59.64,59.64,low_value,147,4,Low Value,6.15
433,2026-04-12,3,37.67666666666667,113.03,low_value,141,2,At Risk,12.05
434,2026-06-18,24,186.94791666666666,4486.75,champion,74,3,Champions,694.01
435,2026-06-08,13,130.07923076923078,1691.03,loyal,84,0,Loyal,247.43
436,2026-07-22,9,99.97333333333333,899.76,loyal,40,1,Potential Loyalists,168.11
437,2025-10-16,1,49.45,49.45,new,319,4,Low Value,1.96
438,2026-01-23,4,46.83,187.32,low_value,220,2,At Risk,12.88
439,2026-02-10,1,140.65,140.65,new,202,4,Low Value,10.68
440,2025-11-07,3,40.77,122.31,low_value,297,4,Low Value,5.48
441,2026-07-25,16,110.6975,1771.16,loyal,37,3,Champions,336.48
442,2025-12-28,2,34.815,69.63,low_value,246,4,Low Value,4.14
443,2026-08-08,14,103.22857142857143,1445.2,loyal,23,3,Champions,296.76
444,2026-07-26,17,104.78705882352942,1781.38,loyal,36,3,Champions,340.31
445,2025-10-30,5,35.544,177.72,low_value,305,2,At Risk,7.62
446,2026-05-30,4,45.7525,183.01,low_value,93,2,At Risk,25.47
447,2026-07-22,6,72.53500000000001,435.21000000000004,new,40,1,Potential Loyalists,81.31
448,2026-08-28,27,178.9748148148148,4832.32,champion,3,3,Champions,1108.9
449,2026-07-17,3,80.62333333333333,241.87,new,45,1,Potential Loyalists,43.95
450,2026-08-20,22,175.89409090909092,3869.67,champion,11,3,Champions,849.4
451,2025-12-12,4,47.13,188.52,low_value,262,2,At Risk,10.26
452,2025-11-23,2,34.400000000000006,68.80000000000001,low_value,281,4,Low Value,3.37
453,2026-08-30,14,110.06357142857144,1540.89,loyal,1,3,Champions,357.55
454,2026-07-10,10,106.75,1067.5,loyal,52,0,Loyal,186.59
455,2026-07-20,11,107.4709090909091,1182.18,loyal,42,3,Champions,218.44
456,2025-07-23,2,39.205,78.41,low_value,404,4,Low Value,1.94
457,2026-07-11,6,51.94833333333333,311.69,new,51,1,Potential Loyalists,54.78
458,2026-06-03,5,28.49,142.45,low_value,89,2,At Risk,20.27
459,2026-08-20,9,80.04,720.36,new,11,1,Potential Loyalists,158.12
460,2026-07-18,6,58.69666666666666,352.17999999999995,new,44,1,Potential Loyalists,64.35
461,2026-06-12,14,104.30642857142857,1460.29,loyal,80,0,Loyal,218.47
462,2025-07-31,1,61.64,61.64,low_value,396,4,Low Value,1.59
463,2026-01-26,6,115.165,690.99,at_risk,217,0,Loyal,48.29
464,2026-06-25,6,65.45166666666667,392.71,new,67,1,Potential Loyalists,63.15
465,2026-04-05,3,31.286666666666665,93.86,low_value,148,4,Low Value,9.62
466,2026-05-04,6,71.82833333333333,430.96999999999997,new,119,0,Loyal,51.92
467,2025-08-03,3,48.949999999999996,146.85,low_value,393,4,Low Value,3.86
468,2026-05-27,8,109.22125,873.77,loyal,96,0,Loyal,119.61
469,2026-07-08,5,79.338,396.69,new,54,1,Potential Loyalists,68.57
470,2026-06-18,5,81.974,409.87,at_risk,74,1,Potential Loyalists,63.4
471,2026-05-09,6,66.22666666666667,397.36,new,114,2,At Risk,49.22
472,2026-07-01,8,105.28875,842.31,loyal,61,0,Loyal,140.05
473,2026-07-02,14,105.30285714285715,1474.24,loyal,60,3,Champions,246.48
474,2026-06-28,18,112.80055555555556,2030.41,loyal,64,3,Champions,332.01
475,2026-05-23,7,72.74,509.18,at_risk,100,0,Loyal,68.17
476,2026-05-26,8,92.7875,742.3,at_risk,97,0,Loyal,101.05
477,2026-04-02,4,80.405,321.62,new,151,2,At Risk,32.43
478,2026-06-15,10,59.150999999999996,591.51,new,77,0,Loyal,89.98
479,2026-04-08,4,105.1625,420.65,at_risk,145,0,Loyal,43.86
480,2026-07-02,12,105.7,1268.4,at_risk,60,0,Loyal,212.06
481,2026-06-26,13,115.9423076923077,1507.25,loyal,66,0,Loyal,243.74
482,2026-08-01,5,63.95399999999999,319.77,new,30,1,Potential Loyalists,63.16
483,2026-02-27,8,81.54875,652.39,at_risk,185,0,Loyal,54.47
484,2026-08-07,19,177.1378947368421,3365.62,champion,24,3,Champions,687.28
485,2026-06-03,6,82.205,493.23,at_risk,89,0,Loyal,70.19
486,2026-05-24,6,69.36166666666666,416.17,new,99,0,Loyal,56.03
487,2026-07-10,4,110.97749999999999,443.90999999999997,loyal,52,1,Potential Loyalists,77.59
488,2026-04-25,7,75.55999999999999,528.92,new,128,0,Loyal,60.61
489,2026-08-02,6,75.39166666666667,452.35,new,29,1,Potential Loyalists,89.84
490,2026-06-14,3,45.48333333333333,136.45,low_value,78,2,At Risk,20.64
491,2026-06-28,5,81.188,405.94,new,64,1,Potential Loyalists,66.38
492,2025-11-09,2,49.57,99.14,low_value,295,4,Low Value,4.49
493,2026-07-26,11,94.31636363636363,1037.48,at_risk,36,3,Champions,198.2
494,2026-06-15,10,43.275999999999996,432.76,low_value,77,2,At Risk,65.83
495,2026-04-26,9,45.288888888888884,407.59999999999997,new,127,2,At Risk,46.97
496,2026-03-25,12,96.05333333333334,1152.64,at_risk,159,0,Loyal,111.18
497,2026-06-17,5,66.18199999999999,330.90999999999997,new,75,1,Potential Loyalists,50.9
498,2026-03-20,13,84.88307692307693,1103.48,at_risk,164,0,Loyal,103.53
499,2026-07-30,7,71.48571428571428,500.4,new,32,1,Potential Loyalists,97.74
500,2026-04-05,5,42.05200000000001,210.26000000000002,low_value,148,2,At Risk,21.56
501,2026-07-20,5,44.624,223.12,low_value,42,1,Potential Loyalists,41.23
502,2026-04-06,6,37.346666666666664,224.07999999999998,low_value,147,2,At Risk,23.11
503,2026-07-16,10,73.839,738.39,new,46,1,Potential Loyalists,133.44
504,2026-07-24,6,80.31333333333333,481.88,new,38,1,Potential Loyalists,91.04
505,2026-04-28,5,47.12,235.6,low_value,125,2,At Risk,27.45
506,2026-06-05,5,88.20599999999999,441.03,at_risk,87,0,Loyal,63.47
507,2025-09-14,4,55.6625,222.65,low_value,351,2,At Risk,7.39
508,2026-07-02,6,62.748333333333335,376.49,new,60,1,Potential Loyalists,62.95
509,2026-07-19,13,117.95769230769231,1533.45,loyal,43,3,Champions,281.77
510,2026-08-05,19,194.73526315789474,3699.97,champion,26,3,Champions,747.21
511,2025-10-04,4,45.4425,181.77,low_value,331,2,At Risk,6.74
512,2026-08-17,26,186.78384615384616,4856.38,champion,14,3,Champions,1048.36
513,2026-08-04,12,118.9925,1427.91,loyal,27,3,Champions,286.77
514,2026-07-09,6,84.51,507.06,at_risk,53,1,Potential Loyalists,88.14
515,2026-06-06,11,100.46454545454544,1105.11,loyal,86,0,Loyal,159.91
516,2026-07-28,7,89.99142857142856,629.9399999999999,at_risk,34,1,Potential Loyalists,121.69
517,2026-02-22,2,27.235,54.47,low_value,190,4,Low Value,4.42
518,2026-06-03,15,165.46133333333333,2481.92,champion,89,3,Champions,353.21
519,2026-02-20,1,44.03,44.03,low_value,192,4,Low Value,3.54
520,2025-12-26,5,46.852,234.26,low_value,248,2,At Risk,13.78
521,2025-05-09,2,71.425,142.85,at_risk,479,4,Low Value,2.33
522,2026-07-07,13,103.43076923076923,1344.6,loyal,55,3,Champions,231.14
523,2026-03-19,5,52.738,263.69,new,165,2,At Risk,24.6
524,2026-08-20,9,109.13555555555556,982.22,loyal,11,3,Champions,215.6
525,2026-01-16,6,94.48666666666666,566.92,at_risk,227,0,Loyal,37.48
526,2026-01-23,3,39.20333333333333,117.61,low_value,220,4,Low Value,8.08
527,2025-09-24,3,66.89,200.67000000000002,low_value,341,4,Low Value,7.04
528,2026-05-17,5,39.303999999999995,196.51999999999998,low_value,106,2,At Risk,25.45
529,2026-01-04,7,91.28285714285714,638.98,at_risk,239,0,Loyal,39.52
530,2026-01-27,2,38.99,77.98,low_value,216,4,Low Value,5.48
531,2026-03-21,1,47.0,47.0,low_value,163,4,Low Value,4.43
532,2026-02-17,6,77.79,466.74,at_risk,195,0,Loyal,36.86
533,2026-05-25,6,51.87166666666667,311.23,new,98,2,At Risk,42.13
534,2026-05-11,17,173.95647058823528,2957.2599999999998,champion,112,3,Champions,370.37
535,2026-08-14,10,110.12899999999999,1101.29,loyal,17,3,Champions,233.81
536,2026-07-13,9,59.42555555555556,534.83,new,49,1,Potential Loyalists,95.05
537,2026-07-20,6,111.91000000000001,671.46,loyal,42,1,Potential Loyalists,124.07
538,2026-07-19,16,117.0975,1873.56,loyal,43,3,Champions,344.27
539,2026-04-10,4,43.205,172.82,low_value,143,2,At Risk,18.22
540,2026-03-08,1,81.84,81.84,low_value,176,4,Low Value,7.18
541,2026-08-17,6,75.31666666666666,451.9,new,14,1,Potential Loyalists,97.55
542,2025-12-09,3,52.68666666666667,158.06,low_value,265,4,Low Value,8.46
543,2025-10-03,5,60.848,304.24,low_value,332,2,At Risk,11.22
544,2026-06-19,15,112.05933333333333,1680.8899999999999,loyal,73,0,Loyal,261.45
545,2026-05-02,5,93.59200000000001,467.96000000000004,at_risk,121,0,Loyal,55.75
546,2026-04-19,10,75.826,758.26,at_risk,134,0,Loyal,84.04
547,2026-08-21,7,109.81428571428572,768.7,loyal,10,1,Potential Loyalists,169.67
548,2026-02-23,3,28.546666666666667,85.64,low_value,189,4,Low Value,6.99
549,2026-04-01,15,94.04199999999999,1410.6299999999999,at_risk,152,0,Loyal,141.47
550,2026-08-03,6,52.11833333333333,312.71,new,28,1,Potential Loyalists,62.45
551,2026-07-30,12,106.41250000000001,1276.95,loyal,32,3,Champions,249.43
552,2026-06-30,19,107.41473684210527,2040.88,loyal,62,3,Champions,337.45
553,2025-12-19,2,31.005,62.01,low_value,255,4,Low Value,3.51
554,2026-07-25,29,172.61206896551724,5005.75,champion,37,3,Champions,950.99
555,2026-07-17,10,101.065,1010.65,loyal,45,0,Loyal,183.66
556,2026-06-03,13,111.11769230769231,1444.53,loyal,89,0,Loyal,205.57
557,2026-05-03,7,68.82285714285715,481.76,new,120,0,Loyal,57.71
558,2026-07-22,9,75.71555555555557,681.44,new,40,1,Potential Loyalists,127.32
559,2026-05-31,6,86.56666666666666,519.4,new,92,0,Loyal,72.7
560,2026-08-07,16,104.458125,1671.33,loyal,24,3,Champions,341.3
561,2026-03-26,9,115.52111111111111,1039.69,loyal,158,0,Loyal,100.85
562,2026-01-07,2,49.105000000000004,98.21000000000001,low_value,236,4,Low Value,6.18
563,2026-01-30,5,68.29400000000001,341.47,new,213,2,At Risk,24.4
564,2026-06-30,11,68.3809090909091,752.19,new,62,0,Loyal,124.37
565,2026-03-14,3,26.99,80.97,low_value,170,4,Low Value,7.35
566,2026-07-14,5,27.894,139.47,low_value,48,2,At Risk,24.93
567,2026-07-27,19,187.21684210526314,3557.12,champion,35,3,Champions,683.33
568,2026-05-26,5,104.78800000000001,523.94,at_risk,97,0,Loyal,71.32
569,2026-01-08,6,69.20666666666666,415.24,new,235,2,At Risk,26.26
570,2026-07-14,8,83.35375,666.83,at_risk,48,1,Potential Loyalists,119.17
571,2025-08-18,2,47.82,95.64,low_value,378,4,Low Value,2.73
572,2026-02-08,7,84.81857142857143,593.73,new,204,0,Loyal,44.6
573,2026-01-20,7,51.76857142857143,362.38,low_value,223,2,At Risk,24.5
574,2026-01-11,2,38.175,76.35,low_value,232,4,Low Value,4.91
575,2026-08-22,9,59.36222222222222,534.26,new,9,1,Potential Loyalists,118.58
576,2026-01-26,6,36.589999999999996,219.54,low_value,217,2,At Risk,15.34
577,2026-05-04,3,85.07666666666667,255.23000000000002,new,119,2,At Risk,30.75
578,2026-01-23,7,39.96714285714285,279.77,low_value,220,2,At Risk,19.23
579,2026-07-16,7,90.95428571428572,636.6800000000001,at_risk,46,1,Potential Loyalists,115.06
580,2026-01-10,6,72.39166666666667,434.34999999999997,new,233,2,At Risk,27.77
581,2026-06-22,6,70.06,420.36,new,70,1,Potential Loyalists,66.48
582,2026-07-04,16,113.598125,1817.57,loyal,58,3,Champions,307.28
583,2026-07-01,7,101.13857142857144,707.97,at_risk,61,0,Loyal,117.71
584,2026-02-25,7,41.701428571428565,291.90999999999997,low_value,187,2,At Risk,24.1
585,2026-06-29,4,83.45750000000001,333.83000000000004,new,63,1,Potential Loyalists,54.89
586,2026-06-06,15,99.22933333333334,1488.44,loyal,86,0,Loyal,215.38
587,2026-07-09,5,71.518,357.59000000000003,at_risk,53,1,Potential Loyalists,62.16
588,2026-07-22,10,116.299,1162.99,loyal,40,3,Champions,217.29
589,2026-08-17,19,171.61368421052632,3260.66,champion,14,3,Champions,703.89
590,2026-02-16,2,37.725,75.45,low_value,196,4,Low Value,5.93
591,2026-03-24,3,96.66333333333334,289.99,at_risk,160,0,Loyal,27.82
592,2026-06-27,11,94.59181818181818,1040.51,at_risk,65,0,Loyal,169.2
593,2026-06-04,7,72.27857142857142,505.95,new,88,0,Loyal,72.4
594,2026-08-07,21,177.4952380952381,3727.4,champion,24,3,Champions,761.16
595,2026-03-12,9,126.53777777777776,1138.84,loyal,172,0,Loyal,102.2
596,2026-04-21,2,48.81,97.62,low_value,132,4,Low Value,10.94
597,2026-01-09,7,82.38285714285715,576.6800000000001,new,234,0,Loyal,36.67
598,2026-07-07,5,42.774,213.87,low_value,55,2,At Risk,36.76
599,2026-05-21,4,96.1825,384.73,new,102,0,Loyal,50.94
600,2026-07-03,10,68.85900000000001,688.59,new,59,1,Potential Loyalists,115.77
601,2026-06-22,4,48.825,195.3,low_value,70,2,At Risk,30.89
602,2026-02-14,4,57.974999999999994,231.89999999999998,low_value,198,2,At Risk,18.01
603,2026-02-15,4,39.977500000000006,159.91000000000003,low_value,197,2,At Risk,12.49
604,2025-12-12,4,43.6175,174.47,low_value,262,2,At Risk,9.5
605,2026-04-07,4,61.08,244.32,low_value,146,2,At Risk,25.33
606,2026-03-18,1,40.02,40.02,low_value,166,4,Low Value,3.71
607,2026-07-15,14,104.60428571428572,1464.46,loyal,47,3,Champions,263.18
608,2026-01-16,5,58.089999999999996,290.45,low_value,227,2,At Risk,19.2
609,2026-03-26,7,111.49142857142859,780.44,at_risk,158,0,Loyal,75.7
610,2025-06-15,1,62.88,62.88,new,442,4,Low Value,1.26
611,2026-03-02,4,50.4525,201.81,low_value,182,2,At Risk,17.13
612,2026-04-01,2,42.565,85.13,low_value,152,4,Low Value,8.54
613,2026-04-22,1,40.82,40.82,low_value,131,4,Low Value,4.6
614,2026-08-08,12,116.71999999999998,1400.6399999999999,loyal,23,3,Champions,287.61
615,2026-06-22,5,47.284000000000006,236.42000000000002,low_value,70,2,At Risk,37.39
616,2026-02-09,3,49.51333333333333,148.54,low_value,203,2,At Risk,11.22
617,2026-03-15,9,90.98111111111112,818.83,at_risk,169,0,Loyal,74.72
618,2026-06-26,13,101.9923076923077,1325.9,loyal,66,0,Loyal,214.41
619,2026-08-17,22,176.7859090909091,3889.29,champion,14,3,Champions,839.59
620,2026-06-14,3,38.093333333333334,114.28,low_value,78,2,At Risk,17.29
621,2026-05-26,5,65.854,329.27,new,97,2,At Risk,44.82
622,2026-05-28,6,40.096666666666664,240.57999999999998,low_value,95,2,At Risk,33.12
623,2025-12-17,6,52.98500000000001,317.91,new,257,2,At Risk,17.79
624,2025-12-22,3,40.86333333333334,122.59,low_value,252,4,Low Value,7.05
625,2026-04-15,3,87.05333333333333,261.15999999999997,at_risk,138,2,At Risk,28.31
626,2026-02-07,2,26.03,52.06,low_value,205,4,Low Value,3.89
627,2026-05-19,8,102.61375,820.91,loyal,104,0,Loyal,107.48
628,2025-12-27,1,31.48,31.48,new,247,4,Low Value,1.86
629,2026-02-10,9,52.486666666666665,472.38,low_value,202,2,At Risk,35.88
630,2026-05-16,3,53.919999999999995,161.76,low_value,107,2,At Risk,20.83
631,2026-02-28,2,49.989999999999995,99.97999999999999,low_value,184,4,Low Value,8.39
632,2026-08-09,18,189.25722222222223,3406.63,champion,22,3,Champions,703.43
633,2026-05-08,3,63.410000000000004,190.23000000000002,at_risk,115,2,At Risk,23.43
634,2026-08-22,20,191.02100000000002,3820.42,champion,9,3,Champions,847.96
635,2026-08-04,9,122.24777777777778,1100.23,loyal,27,3,Champions,220.96
636,2026-02-08,4,30.7925,123.17,low_value,204,2,At Risk,9.25
637,2025-10-13,4,39.0175,156.07,low_value,322,2,At Risk,6.09
638,2026-06-24,2,45.25,90.5,low_value,68,2,At Risk,14.47
639,2026-01-27,3,40.17333333333334,120.52000000000001,low_value,216,4,Low Value,8.47
640,2026-04-05,4,49.17,196.68,low_value,148,2,At Risk,20.17
641,2025-12-14,2,53.455,106.91,low_value,260,4,Low Value,5.88
642,2026-07-25,15,185.35333333333332,2780.2999999999997,champion,37,3,Champions,528.2
643,2026-08-08,16,96.56625,1545.06,loyal,23,3,Champions,317.27
644,2026-06-25,5,76.446,382.23,new,67,1,Potential Loyalists,61.47
645,2026-03-19,2,21.195,42.39,low_value,165,4,Low Value,3.95
646,2026-07-31,19,172.43473684210525,3276.2599999999998,champion,31,3,Champions,643.52
647,2026-07-16,8,73.5475,588.38,new,46,1,Potential Loyalists,106.33
648,2026-04-02,1,21.89,21.89,low_value,151,4,Low Value,2.21
649,2026-08-17,24,180.98958333333334,4343.75,champion,14,3,Champions,937.7
650,2026-04-11,8,77.12,616.96,at_risk,142,0,Loyal,65.41
651,2026-04-22,7,40.18142857142857,281.27,low_value,131,2,At Risk,31.7
652,2026-04-29,3,43.20666666666667,129.62,low_value,124,2,At Risk,15.19
653,2026-07-25,9,118.04333333333332,1062.3899999999999,loyal,37,3,Champions,201.83
654,2025-10-24,2,46.525000000000006,93.05000000000001,low_value,311,4,Low Value,3.86
655,2026-05-19,7,88.47428571428573,619.32,at_risk,104,0,Loyal,81.09
656,2026-01-24,7,60.03857142857144,420.27000000000004,low_value,219,2,At Risk,29.05
657,2026-07-01,10,132.971,1329.71,loyal,61,0,Loyal,221.08
658,2026-04-21,7,82.2057142857143,575.44,new,132,0,Loyal,64.49
659,2026-03-17,6,82.53333333333333,495.2,at_risk,167,0,Loyal,45.69
660,2026-07-03,10,108.431,1084.31,loyal,59,0,Loyal,182.3
661,2025-11-24,2,60.455,120.91,low_value,280,4,Low Value,5.95
662,2026-02-12,4,98.7025,394.81,loyal,200,0,Loyal,30.33
663,2026-08-30,7,109.17999999999999,764.26,loyal,1,3,Champions,177.34
664,2026-06-02,10,95.271,952.71,at_risk,90,0,Loyal,134.83
665,2026-02-26,3,27.929999999999996,83.78999999999999,low_value,186,4,Low Value,6.96
666,2026-01-07,5,29.028,145.14,low_value,236,2,At Risk,9.13
667,2025-12-13,2,41.980000000000004,83.96000000000001,low_value,261,4,Low Value,4.6
668,2026-08-09,10,110.78399999999999,1107.84,loyal,22,3,Champions,228.76
669,2026-08-15,13,95.27846153846153,1238.62,at_risk,16,3,Champions,264.43
670,2026-02-11,9,95.90444444444444,863.14,loyal,201,0,Loyal,65.93
671,2026-06-18,9,77.64,698.76,new,74,0,Loyal,108.08
672,2026-01-21,3,37.50333333333334,112.51,low_value,222,4,Low Value,7.65
673,2026-02-08,7,39.96857142857143,279.78000000000003,low_value,204,2,At Risk,21.02
674,2026-06-26,9,73.15666666666667,658.41,new,66,0,Loyal,106.47
675,2026-03-12,5,79.012,395.06,at_risk,172,0,Loyal,35.45
676,2026-06-05,7,58.0,406.0,low_value,87,2,At Risk,58.42
677,2026-07-28,6,85.51166666666667,513.07,new,34,1,Potential Loyalists,99.11
678,2026-06-23,16,105.98625,1695.78,loyal,69,3,Champions,269.69
679,2026-06-04,13,96.96230769230769,1260.51,at_risk,88,0,Loyal,180.39
680,2026-05-31,22,178.04272727272726,3916.94,champion,92,3,Champions,548.22
681,2026-07-31,7,103.92285714285715,727.46,loyal,31,1,Potential Loyalists,142.89
682,2026-08-19,25,187.55759999999998,4688.94,champion,12,3,Champions,1023.53
683,2026-04-04,5,64.298,321.49,new,149,2,At Risk,32.78
684,2026-05-22,7,53.294285714285714,373.06,new,101,2,At Risk,49.67
685,2026-02-26,8,105.175,841.4,at_risk,186,0,Loyal,69.86
686,2026-05-22,9,90.54333333333334,814.89,at_risk,101,0,Loyal,108.49
687,2026-02-03,4,61.075,244.3,low_value,209,2,At Risk,17.85
688,2025-07-18,1,50.12,50.12,low_value,409,4,Low Value,1.21
689,2026-06-03,5,76.062,380.31,new,89,0,Loyal,54.12
690,2026-06-17,17,93.8664705882353,1595.73,loyal,75,0,Loyal,245.46
691,2025-07-19,1,45.26,45.26,low_value,408,4,Low Value,1.09
692,2026-04-23,10,109.88,1098.8,loyal,130,0,Loyal,124.52
693,2026-05-07,7,105.64999999999999,739.55,at_risk,116,0,Loyal,90.59
694,2026-04-06,4,32.585,130.34,low_value,147,2,At Risk,13.44
695,2026-04-07,7,69.23857142857142,484.66999999999996,new,146,0,Loyal,50.25
696,2026-05-06,3,41.723333333333336,125.17,low_value,117,2,At Risk,15.25
697,2026-05-28,6,61.98,371.88,new,95,2,At Risk,51.19
698,2026-03-03,4,40.61,162.44,low_value,181,2,At Risk,13.87
699,2026-08-08,14,115.21714285714286,1613.04,loyal,23,3,Champions,331.23
700,2026-06-07,9,116.22999999999999,1046.07,loyal,85,0,Loyal,152.21
701,2026-02-17,3,66.20333333333333,198.61,at_risk,195,2,At Risk,15.69
702,2026-08-19,14,108.04642857142858,1512.65,loyal,12,3,Champions,330.19
703,2026-01-29,2,32.575,65.15,low_value,214,4,Low Value,4.63
704,2026-06-07,10,112.492,1124.92,loyal,85,0,Loyal,163.69
705,2026-03-22,8,55.175000000000004,441.40000000000003,new,162,2,At Risk,41.87
706,2026-07-29,5,44.209999999999994,221.04999999999998,low_value,33,1,Potential Loyalists,42.94
707,2026-02-17,6,45.875,275.25,low_value,195,2,At Risk,21.74
708,2025-12-27,5,111.742,558.71,at_risk,247,0,Loyal,33.05
709,2026-03-06,3,78.14333333333333,234.43,new,178,2,At Risk,20.35
710,2026-02-14,6,56.47,338.82,low_value,198,2,At Risk,26.32
711,2026-03-21,5,46.27,231.35000000000002,low_value,163,2,At Risk,21.83
712,2026-04-17,5,35.724000000000004,178.62,low_value,136,2,At Risk,19.58
713,2026-04-28,5,30.82,154.1,low_value,125,2,At Risk,17.96
714,2025-12-08,6,38.175000000000004,229.05,low_value,266,2,At Risk,12.19
715,2026-08-01,10,121.679,1216.79,loyal,30,3,Champions,240.33
716,2026-08-17,5,45.554,227.77,new,14,1,Potential Loyalists,49.17
717,2026-07-19,12,110.12833333333333,1321.54,loyal,43,3,Champions,242.83
718,2025-04-07,1,43.43,43.43,low_value,511,4,Low Value,0.59
719,2026-06-05,1,17.67,17.67,low_value,87,4,Low Value,2.54
720,2026-04-15,6,87.695,526.17,new,138,0,Loyal,57.04
721,2026-03-31,6,110.04666666666667,660.28,at_risk,153,0,Loyal,65.85
722,2026-06-23,16,167.44,2679.04,champion,69,3,Champions,426.07
723,2026-04-22,4,60.225,240.9,low_value,131,2,At Risk,27.15
724,2026-07-15,10,114.21700000000001,1142.17,loyal,47,3,Champions,205.26
725,2026-08-15,24,188.56416666666667,4525.54,champion,16,3,Champions,966.15
726,2026-08-01,12,115.69333333333333,1388.32,loyal,30,3,Champions,274.21
727,2026-08-13,25,190.62400000000002,4765.6,champion,18,3,Champions,1006.16
728,2026-06-14,7,73.55571428571429,514.89,new,78,0,Loyal,77.89
729,2026-07-14,4,55.05,220.2,new,48,1,Potential Loyalists,39.35
730,2026-01-18,6,124.40666666666668,746.44,at_risk,225,0,Loyal,49.9
731,2026-05-23,15,174.47933333333333,2617.19,champion,100,3,Champions,350.38
732,2026-06-28,8,145.10375,1160.83,loyal,64,0,Loyal,189.81
733,2026-01-05,6,85.42333333333333,512.54,at_risk,238,0,Loyal,31.88
734,2026-07-28,30,179.015,5370.45,champion,34,3,Champions,1037.42
735,2025-11-12,3,53.0,159.0,low_value,292,4,Low Value,7.33
736,2026-02-14,9,94.35555555555555,849.2,loyal,198,0,Loyal,65.96
737,2025-11-14,5,86.274,431.37,at_risk,290,0,Loyal,20.1
738,2026-03-08,9,98.24555555555555,884.21,at_risk,176,0,Loyal,77.6
739,2026-06-11,8,96.05875,768.47,at_risk,81,0,Loyal,114.33
740,2026-08-17,17,178.44176470588238,3033.51,champion,14,3,Champions,654.85
741,2026-08-11,19,98.13736842105263,1864.61,loyal,20,3,Champions,389.32
742,2026-06-15,3,32.38666666666666,97.16,low_value,77,2,At Risk,14.78
743,2026-08-16,23,177.74260869565217,4088.08,champion,15,3,Champions,877.62
744,2026-02-17,6,83.53833333333334,501.23,new,195,0,Loyal,39.58
745,2026-06-11,4,89.03999999999999,356.15999999999997,new,81,0,Loyal,52.99
746,2026-04-04,8,106.0975,848.78,at_risk,149,0,Loyal,86.55
747,2026-03-23,4,87.13,348.52,at_risk,161,0,Loyal,33.25
748,2025-09-07,2,62.055,124.11,low_value,358,4,Low Value,3.96
749,2025-08-27,3,64.92,194.76,low_value,369,4,Low Value,5.85
750,2026-05-26,10,101.07000000000001,1010.7,loyal,97,0,Loyal,137.58
751,2026-02-28,4,80.82,323.28,at_risk,184,2,At Risk,27.14
752,2026-08-08,12,116.34250000000002,1396.1100000000001,loyal,23,3,Champions,286.68
753,2026-08-03,7,91.80714285714285,642.65,new,28,1,Potential Loyalists,128.35
754,2025-08-13,3,50.21666666666666,150.64999999999998,low_value,383,4,Low Value,4.19
755,2026-08-03,13,107.44846153846153,1396.83,loyal,28,3,Champions,278.97
756,2026-07-21,12,107.62,1291.44,at_risk,41,3,Champions,239.95
757,2026-01-27,2,21.655,43.31,low_value,216,4,Low Value,3.04
758,2026-08-27,26,178.32692307692307,4636.5,champion,4,3,Champions,1058.07
759,2026-04-22,7,61.82714285714286,432.79,new,131,2,At Risk,48.77
760,2026-01-12,5,42.227999999999994,211.14,low_value,231,2,At Risk,13.65
761,2026-06-17,14,103.88214285714285,1454.35,loyal,75,0,Loyal,223.71
762,2026-08-08,15,180.62666666666667,2709.4,champion,23,3,Champions,556.36
763,2026-07-11,11,111.34,1224.74,loyal,51,3,Champions,215.26
764,2025-05-22,3,40.839999999999996,122.52,low_value,466,4,Low Value,2.15
765,2026-07-25,21,198.5147619047619,4168.81,champion,37,3,Champions,791.99
766,2026-07-24,16,103.405,1654.48,loyal,38,3,Champions,312.57
767,2026-08-10,25,174.5776,4364.44,champion,21,3,Champions,906.23
768,2026-07-24,18,108.89611111111111,1960.13,loyal,38,3,Champions,370.32
769,2026-02-22,8,82.8475,662.78,new,190,0,Loyal,53.82
770,2026-07-28,16,111.798125,1788.77,loyal,34,3,Champions,345.54
771,2026-07-20,7,75.07142857142857,525.5,new,42,1,Potential Loyalists,97.1
772,2026-03-30,5,54.584,272.92,new,154,2,At Risk,27.07
773,2026-02-12,4,55.41,221.64,low_value,200,2,At Risk,17.02
774,2026-08-16,22,183.905,4045.91,champion,15,3,Champions,868.56
775,2025-12-11,5,53.448,267.24,low_value,263,2,At Risk,14.47
776,2026-08-13,13,67.68076923076923,879.85,new,18,1,Potential Loyalists,185.76
777,2026-05-18,14,107.5,1505.0,loyal,105,0,Loyal,195.96
778,2026-05-16,1,68.4,68.4,low_value,107,4,Low Value,8.81
779,2026-04-14,6,41.41166666666667,248.47,low_value,139,2,At Risk,26.78
780,2026-08-16,14,105.22357142857143,1473.13,loyal,15,3,Champions,316.25
781,2025-11-06,4,46.065,184.26,low_value,298,2,At Risk,8.21
782,2026-05-06,7,89.73571428571428,628.15,new,117,0,Loyal,76.52
783,2026-07-21,8,78.6675,629.34,new,41,1,Potential Loyalists,116.93
784,2026-02-15,8,42.99125,343.93,low_value,197,2,At Risk,26.86
785,2025-12-14,5,67.834,339.17,at_risk,260,2,At Risk,18.67
786,2025-10-13,2,51.405,102.81,low_value,322,4,Low Value,4.01
787,2026-05-07,11,90.20181818181818,992.22,at_risk,116,0,Loyal,121.54
788,2025-06-17,2,47.02,94.04,low_value,440,4,Low Value,1.9
789,2025-09-30,2,65.1,130.2,new,335,4,Low Value,4.72
790,2026-07-15,15,109.66866666666667,1645.03,loyal,47,3,Champions,295.63
791,2026-01-27,7,116.78857142857143,817.52,at_risk,216,0,Loyal,57.45
792,2026-07-24,15,105.36533333333334,1580.48,at_risk,38,3,Champions,298.59
793,2026-08-16,19,172.84052631578948,3283.97,champion,15,3,Champions,704.99
794,2026-08-24,24,175.53291666666667,4212.79,champion,7,3,Champions,945.49
795,2026-06-27,12,93.21499999999999,1118.58,at_risk,65,0,Loyal,181.89
796,2026-08-02,17,186.1370588235294,3164.33,champion,29,3,Champions,628.48
797,2026-08-06,12,110.93666666666667,1331.24,loyal,25,3,Champions,270.34
798,2026-03-16,6,49.24,295.44,low_value,168,2,At Risk,27.11
799,2025-10-21,3,32.57,97.71000000000001,low_value,314,4,Low Value,3.98
800,2026-01-04,3,23.05666666666667,69.17,low_value,239,4,Low Value,4.28
801,2026-05-29,5,78.44000000000001,392.20000000000005,at_risk,94,0,Loyal,54.29
802,2026-03-08,4,24.59,98.36,low_value,176,2,At Risk,8.63
803,2026-08-07,3,62.72333333333333,188.17,new,24,1,Potential Loyalists,38.43
804,2026-07-25,14,111.91928571428572,1566.8700000000001,loyal,37,3,Champions,297.67
805,2026-05-01,15,115.71666666666667,1735.75,loyal,122,0,Loyal,205.64
806,2026-08-13,8,49.49125,395.93,low_value,18,1,Potential Loyalists,83.59
807,2026-06-29,16,127.600625,2041.61,loyal,63,3,Champions,335.7
808,2026-06-23,9,62.632222222222225,563.69,new,69,1,Potential Loyalists,89.65
809,2025-10-21,4,42.295,169.18,low_value,314,2,At Risk,6.9
810,2026-03-02,13,189.30153846153846,2460.92,champion,182,0,Loyal,208.91
811,2026-06-29,16,181.513125,2904.21,champion,63,3,Champions,477.53
812,2025-10-01,3,36.86666666666667,110.6,low_value,334,4,Low Value,4.04
813,2026-05-25,7,75.38285714285713,527.68,new,98,0,Loyal,71.43
814,2026-08-16,12,108.94583333333333,1307.35,loyal,15,3,Champions,280.66
815,2025-07-18,3,59.01333333333333,177.04,low_value,409,4,Low Value,4.26
816,2026-03-03,8,38.80625,310.45,low_value,181,2,At Risk,26.5
817,2026-06-17,7,63.66571428571428,445.65999999999997,new,75,1,Potential Loyalists,68.55
818,2026-08-19,6,60.28833333333333,361.72999999999996,new,12,1,Potential Loyalists,78.96
819,2026-07-01,11,128.8190909090909,1417.01,loyal,61,0,Loyal,235.6
820,2026-08-11,18,184.16055555555556,3314.89,champion,20,3,Champions,692.14
821,2026-06-23,4,97.4575,389.83,new,69,1,Potential Loyalists,62.0
822,2026-07-18,21,109.78476190476191,2305.48,loyal,44,3,Champions,421.29
823,2026-03-10,7,51.68142857142857,361.77,low_value,174,2,At Risk,32.11
824,2025-09-24,2,54.225,108.45,low_value,341,4,Low Value,3.81
825,2026-08-16,21,172.81571428571428,3629.13,champion,15,3,Champions,779.09
826,2025-06-25,1,108.39,108.39,new,432,4,Low Value,2.29
827,2026-08-02,18,97.9161111111111,1762.49,loyal,29,3,Champions,350.05
828,2026-06-27,5,48.724000000000004,243.62,low_value,65,2,At Risk,39.62
829,2026-07-27,11,118.33363636363637,1301.67,loyal,35,3,Champions,250.05
830,2026-08-04,7,67.61142857142856,473.28,new,27,1,Potential Loyalists,95.05
831,2025-10-11,5,77.416,387.08,new,324,2,At Risk,14.93
832,2026-07-05,7,88.58857142857143,620.12,at_risk,57,1,Potential Loyalists,105.42
833,2025-08-25,3,52.68000000000001,158.04000000000002,low_value,371,4,Low Value,4.69
834,2026-06-15,8,42.42125,339.37,low_value,77,2,At Risk,51.63
835,2026-06-29,6,77.81333333333333,466.88,new,63,1,Potential Loyalists,76.77
836,2026-03-03,3,36.76333333333333,110.28999999999999,low_value,181,4,Low Value,9.41
837,2025-08-17,2,49.005,98.01,low_value,379,4,Low Value,2.78
838,2026-06-16,10,96.305,963.0500000000001,at_risk,76,0,Loyal,147.32
839,2026-04-24,4,94.1675,376.67,new,129,0,Loyal,42.92
840,2026-08-26,14,197.57285714285715,2766.02,champion,5,3,Champions,627.72
841,2025-11-04,3,45.0,135.0,low_value,300,4,Low Value,5.95
842,2026-07-27,3,51.67666666666667,155.03,new,35,1,Potential Loyalists,29.78
843,2026-07-27,5,92.15,460.75,at_risk,35,1,Potential Loyalists,88.51
844,2026-08-11,11,121.13000000000001,1332.43,loyal,20,3,Champions,278.21
845,2026-01-29,3,51.01333333333333,153.04,low_value,214,2,At Risk,10.88
846,2026-04-09,7,96.39142857142858,674.74,at_risk,144,0,Loyal,70.74
847,2025-09-17,3,75.64999999999999,226.95,low_value,348,4,Low Value,7.66
848,2026-07-15,7,115.98,811.86,loyal,47,0,Loyal,145.9
849,2026-04-20,8,53.73625,429.89,low_value,133,2,At Risk,47.91
850,2026-08-02,7,106.25142857142858,743.76,loyal,29,1,Potential Loyalists,147.72
851,2026-08-04,14,116.905,1636.67,loyal,27,3,Champions,328.7
852,2025-09-29,2,45.754999999999995,91.50999999999999,low_value,336,4,Low Value,3.3
853,2026-01-30,3,34.70666666666667,104.12,low_value,213,4,Low Value,7.44
854,2026-06-08,15,114.86933333333333,1723.04,loyal,84,0,Loyal,252.12
855,2026-04-12,4,75.88499999999999,303.53999999999996,new,141,2,At Risk,32.36
856,2026-04-15,3,37.483333333333334,112.45,low_value,138,2,At Risk,12.19
857,2026-04-22,4,53.0775,212.31,low_value,131,2,At Risk,23.93
858,2025-10-19,3,131.16666666666666,393.5,at_risk,316,0,Loyal,15.87
859,2026-05-21,8,55.3275,442.62,new,102,2,At Risk,58.6
860,2025-12-11,2,49.495000000000005,98.99000000000001,low_value,263,4,Low Value,5.36
861,2026-06-06,3,30.153333333333336,90.46000000000001,low_value,86,2,At Risk,13.09
862,2026-01-05,4,58.019999999999996,232.07999999999998,low_value,238,2,At Risk,14.43
863,2026-08-23,3,69.72,209.16,new,8,1,Potential Loyalists,46.68
864,2026-06-03,6,110.83,664.98,loyal,89,0,Loyal,94.63
865,2026-05-06,3,39.75333333333333,119.25999999999999,low_value,117,2,At Risk,14.53
866,2026-04-13,3,35.75333333333333,107.25999999999999,low_value,140,2,At Risk,11.5
867,2026-01-21,4,63.0025,252.01,low_value,222,2,At Risk,17.13
868,2026-07-08,20,115.2085,2304.17,loyal,54,3,Champions,398.29
869,2026-05-30,10,111.126,1111.26,loyal,93,0,Loyal,154.67
870,2026-02-11,7,59.5,416.5,low_value,201,2,At Risk,31.81
871,2026-08-18,21,182.3204761904762,3828.73,champion,13,3,Champions,831.12
872,2025-09-20,3,45.473333333333336,136.42000000000002,low_value,345,4,Low Value,4.68
873,2026-06-05,11,93.54272727272728,1028.97,at_risk,87,0,Loyal,148.07
874,2026-05-06,4,37.355000000000004,149.42000000000002,low_value,117,2,At Risk,18.2
875,2026-01-27,4,49.67,198.68,low_value,216,2,At Risk,13.96
876,2026-06-17,9,114.44666666666666,1030.02,at_risk,75,0,Loyal,158.44
877,2026-07-26,9,108.29444444444444,974.65,at_risk,36,3,Champions,186.19
878,2026-08-06,6,71.545,429.27,new,25,1,Potential Loyalists,87.17
879,2025-11-13,4,86.0775,344.31,new,291,2,At Risk,15.95
880,2026-03-27,6,79.90666666666667,479.44,at_risk,157,0,Loyal,46.76
881,2026-05-31,7,69.57714285714286,487.04,new,92,0,Loyal,68.17
882,2026-03-19,8,42.075,336.6,low_value,165,2,At Risk,31.4
883,2026-06-25,5,82.834,414.17,new,67,1,Potential Loyalists,66.6
884,2026-07-20,14,119.25,1669.5,loyal,42,3,Champions,308.48
885,2026-04-08,9,95.83,862.47,at_risk,145,0,Loyal,89.92
886,2026-03-13,4,112.5175,450.07,at_risk,171,0,Loyal,40.61
887,2026-06-07,10,118.197,1181.97,loyal,85,0,Loyal,171.99
888,2026-08-15,8,130.29125,1042.33,loyal,16,3,Champions,222.52
889,2026-01-16,4,54.08,216.32,low_value,227,2,At Risk,14.3
890,2026-07-16,6,89.90833333333335,539.45,at_risk,46,1,Potential Loyalists,97.49
891,2025-07-11,4,32.865,131.46,low_value,416,4,Low Value,3.04
892,2026-04-06,11,109.76363636363637,1207.4,loyal,147,0,Loyal,124.5
893,2026-08-01,7,122.86999999999999,860.0899999999999,loyal,30,1,Potential Loyalists,169.88
894,2026-06-17,6,39.85666666666666,239.14,low_value,75,2,At Risk,36.79
895,2026-06-16,4,61.5225,246.09,low_value,76,2,At Risk,37.64
896,2026-07-03,12,117.75416666666666,1413.05,loyal,59,3,Champions,237.56
897,2026-07-23,11,103.87090909090908,1142.58,loyal,39,3,Champions,214.67
898,2026-07-18,11,112.29454545454546,1235.24,loyal,44,3,Champions,225.72
899,2026-08-09,4,72.5675,290.27,new,22,1,Potential Loyalists,59.94
900,2026-04-16,7,59.61,417.27,new,137,2,At Risk,45.48
901,2026-08-07,14,102.02714285714286,1428.38,loyal,24,3,Champions,291.69
902,2026-05-02,19,178.8657894736842,3398.45,champion,121,3,Champions,404.87
903,2026-06-25,5,73.69800000000001,368.49,new,67,1,Potential Loyalists,59.26
904,2025-08-29,2,54.80500000000001,109.61000000000001,low_value,367,4,Low Value,3.33
905,2025-12-18,3,53.38666666666666,160.16,low_value,256,4,Low Value,9.01
906,2026-02-26,4,57.2625,229.05,new,186,2,At Risk,19.02
907,2026-07-13,13,117.6046153846154,1528.8600000000001,loyal,49,3,Champions,271.72
908,2026-08-10,15,118.40333333333334,1776.05,loyal,21,3,Champions,368.78
909,2026-07-03,14,115.64,1618.96,loyal,59,3,Champions,272.18
910,2025-12-30,3,93.39,280.17,low_value,244,2,At Risk,16.85
911,2026-05-03,3,47.903333333333336,143.71,low_value,120,2,At Risk,17.22
912,2026-01-08,2,52.38,104.76,low_value,235,4,Low Value,6.62
913,2026-05-30,8,38.64,309.12,low_value,93,2,At Risk,43.02
914,2026-05-15,2,29.525,59.05,low_value,108,4,Low Value,7.56
915,2026-01-31,6,43.47333333333333,260.84,low_value,212,2,At Risk,18.74
916,2026-08-13,21,180.58095238095237,3792.2,champion,18,3,Champions,800.64
917,2026-06-16,14,116.125,1625.75,loyal,76,0,Loyal,248.69
918,2026-06-24,6,120.41333333333334,722.48,at_risk,68,0,Loyal,115.54
919,2026-07-31,8,82.9825,663.86,new,31,1,Potential Loyalists,130.39
920,2026-08-16,13,123.30076923076923,1602.91,loyal,15,3,Champions,344.11
921,2025-11-21,1,27.45,27.45,low_value,283,4,Low Value,1.33
922,2026-08-12,3,73.26333333333334,219.79,new,19,1,Potential Loyalists,46.15
923,2025-11-12,4,55.01,220.04,new,292,2,At Risk,10.14
924,2026-08-20,11,94.02454545454545,1034.27,loyal,11,3,Champions,227.02
925,2026-06-26,16,104.408125,1670.53,loyal,66,3,Champions,270.14
926,2026-07-06,10,114.104,1141.04,loyal,56,0,Loyal,195.06
927,2025-11-21,1,52.17,52.17,low_value,283,4,Low Value,2.53
928,2026-04-15,4,71.64750000000001,286.59000000000003,new,138,2,At Risk,31.07
929,2026-03-09,6,55.635,333.81,low_value,175,2,At Risk,29.46
930,2026-05-25,12,105.4875,1265.85,loyal,98,0,Loyal,171.36
931,2026-01-13,5,77.172,385.86,at_risk,230,2,At Risk,25.09
932,2026-06-22,4,79.705,318.82,at_risk,70,1,Potential Loyalists,50.42
933,2025-07-05,1,58.1,58.1,low_value,422,4,Low Value,1.3
934,2026-02-13,5,34.513999999999996,172.57,low_value,199,2,At Risk,13.33
935,2026-07-27,8,116.1975,929.58,loyal,35,1,Potential Loyalists,178.57
936,2026-01-27,3,51.916666666666664,155.75,low_value,216,2,At Risk,10.95
937,2026-08-07,16,107.8075,1724.92,loyal,24,3,Champions,352.24
938,2026-08-02,4,41.05,164.2,low_value,29,1,Potential Loyalists,32.61
939,2026-08-04,10,109.86800000000001,1098.68,loyal,27,3,Champions,220.65
940,2026-05-21,8,111.31875,890.55,loyal,102,0,Loyal,117.91
941,2026-04-12,1,87.43,87.43,low_value,141,4,Low Value,9.32
942,2026-05-21,11,106.31363636363636,1169.45,loyal,102,0,Loyal,154.83
943,2026-04-03,6,62.50333333333333,375.02,at_risk,150,2,At Risk,38.03
944,2026-03-27,4,90.4675,361.87,at_risk,157,0,Loyal,35.3
945,2026-08-07,11,102.40181818181819,1126.42,loyal,24,3,Champions,230.02
946,2026-07-22,5,44.608,223.04,low_value,40,1,Potential Loyalists,41.67
947,2026-04-03,6,37.47,224.82,low_value,150,2,At Risk,22.8
948,2026-06-03,3,70.83666666666666,212.51,low_value,89,2,At Risk,30.24
949,2026-05-18,9,90.98222222222222,818.84,at_risk,105,0,Loyal,106.62
950,2026-04-12,7,68.22,477.53999999999996,new,141,0,Loyal,50.91
951,2026-07-05,14,101.01928571428572,1414.27,loyal,57,3,Champions,240.43
952,2026-07-23,13,110.60692307692308,1437.89,loyal,39,3,Champions,270.15
953,2026-05-09,6,121.73666666666668,730.4200000000001,loyal,114,0,Loyal,90.47
954,2026-04-07,3,38.18666666666667,114.56,low_value,146,2,At Risk,11.88
955,2026-07-22,1,26.5,26.5,low_value,40,4,Low Value,4.95
956,2026-03-01,2,36.61,73.22,low_value,183,4,Low Value,6.18
957,2026-07-06,5,66.924,334.62,new,56,1,Potential Loyalists,57.2
958,2026-06-26,1,71.78,71.78,new,66,4,Low Value,11.61
959,2025-12-29,7,68.33714285714287,478.36,new,245,2,At Risk,28.62
960,2025-09-21,6,63.27166666666667,379.63,new,344,2,At Risk,13.1
961,2026-04-15,10,93.997,939.97,at_risk,138,0,Loyal,101.89
962,2026-06-05,12,129.04583333333332,1548.55,loyal,87,0,Loyal,222.84
963,2026-04-27,12,105.36,1264.32,loyal,126,0,Loyal,146.5
964,2026-04-22,2,66.255,132.51,low_value,131,4,Low Value,14.93
965,2026-08-21,6,77.045,462.27,new,10,1,Potential Loyalists,102.03
966,2026-04-23,5,46.94,234.7,low_value,130,2,At Risk,26.6
967,2026-07-22,6,118.79166666666667,712.75,loyal,40,1,Potential Loyalists,133.17
968,2026-08-06,7,63.76857142857143,446.38,new,25,1,Potential Loyalists,90.65
969,2026-06-25,10,104.083,1040.83,loyal,67,0,Loyal,167.38
970,2026-07-31,11,110.05363636363636,1210.59,loyal,31,3,Champions,237.78
971,2026-08-02,20,177.3125,3546.25,champion,29,3,Champions,704.33
972,2026-08-10,11,106.16272727272727,1167.79,loyal,21,3,Champions,242.48
973,2026-03-08,4,47.1575,188.63,low_value,176,2,At Risk,16.56
974,2026-05-08,9,102.26444444444445,920.38,at_risk,115,0,Loyal,113.36
975,2026-07-23,8,64.9975,519.98,new,39,1,Potential Loyalists,97.69
976,2026-08-09,6,60.81166666666667,364.87,new,22,1,Potential Loyalists,75.34
977,2026-08-10,7,86.81428571428572,607.7,at_risk,21,1,Potential Loyalists,126.18
978,2026-07-28,7,76.61714285714285,536.3199999999999,new,34,1,Potential Loyalists,103.6
979,2026-06-16,12,110.17666666666668,1322.1200000000001,loyal,76,0,Loyal,202.25
980,2026-05-17,5,40.806,204.03,low_value,106,2,At Risk,26.42
981,2025-07-19,1,68.63,68.63,low_value,408,4,Low Value,1.66
982,2026-03-10,4,51.055,204.22,low_value,174,2,At Risk,18.12
983,2026-07-24,3,52.24333333333334,156.73000000000002,new,38,1,Potential Loyalists,29.61
984,2026-08-19,7,119.44142857142856,836.0899999999999,loyal,12,3,Champions,182.51
985,2026-02-24,2,47.795,95.59,low_value,188,4,Low Value,7.85
986,2026-05-20,5,90.13,450.65,at_risk,103,0,Loyal,59.33
987,2026-07-23,18,186.91055555555556,3364.39,champion,39,3,Champions,632.1
988,2026-07-12,13,92.63076923076923,1204.2,at_risk,50,3,Champions,212.83
989,2025-11-11,3,41.23666666666667,123.71000000000001,low_value,293,4,Low Value,5.67
990,2026-06-02,7,68.34142857142857,478.39,new,90,0,Loyal,67.7
991,2026-04-10,7,40.797142857142866,285.58000000000004,low_value,143,2,At Risk,30.11
992,2026-02-08,1,71.65,71.65,low_value,204,4,Low Value,5.38
993,2026-04-28,7,111.00571428571428,777.04,loyal,125,0,Loyal,90.54
994,2026-02-11,1,73.52,73.52,low_value,201,4,Low Value,5.62
995,2026-04-17,9,111.22999999999999,1001.0699999999999,at_risk,136,0,Loyal,109.73
996,2026-07-30,7,75.82714285714285,530.79,new,32,1,Potential Loyalists,103.68
997,2026-07-21,19,189.15526315789472,3593.95,champion,41,3,Champions,667.77
998,2025-07-01,3,31.47666666666667,94.43,low_value,426,4,Low Value,2.07
999,2026-07-06,10,116.221,1162.21,loyal,56,0,Loyal,198.68
1000,2026-08-04,21,195.67285714285714,4109.13,champion,27,3,Champions,825.24
1001,2026-07-30,7,77.74428571428572,544.21,new,32,1,Potential Loyalists,106.3
1002,2026-05-17,12,116.61500000000001,1399.38,loyal,106,0,Loyal,181.2
1003,2026-08-27,11,115.9209090909091,1275.13,loyal,4,3,Champions,290.99
1004,2026-08-09,6,70.95166666666667,425.71,new,22,1,Potential Loyalists,87.9
1005,2026-06-22,10,93.507,935.07,at_risk,70,0,Loyal,147.89
1006,2026-02-11,4,37.3,149.2,low_value,201,2,At Risk,11.4
1007,2026-06-09,8,87.74625,701.97,at_risk,83,0,Loyal,103.29
1008,2025-09-05,3,32.1,96.30000000000001,low_value,360,4,Low Value,3.04
1009,2026-06-20,7,60.63714285714286,424.46000000000004,new,72,1,Potential Loyalists,66.39
1010,2026-07-30,3,42.303333333333335,126.91,low_value,32,1,Potential Loyalists,24.79
1011,2026-04-29,5,75.852,379.26,new,124,0,Loyal,44.44
1012,2026-07-28,4,76.9625,307.85,new,34,1,Potential Loyalists,59.47
1013,2026-02-24,3,34.806666666666665,104.42,low_value,188,4,Low Value,8.57
1014,2026-03-14,8,90.115,720.92,at_risk,170,0,Loyal,65.42
1015,2026-08-07,18,128.8422222222222,2319.16,loyal,24,3,Champions,473.59
1016,2026-03-30,3,56.56333333333333,169.69,low_value,154,2,At Risk,16.83
1017,2025-11-10,3,37.473333333333336,112.42,low_value,294,4,Low Value,5.12
1018,2026-08-13,20,187.3905,3747.81,champion,18,3,Champions,791.27
1019,2026-04-16,9,95.72555555555556,861.53,at_risk,137,0,Loyal,93.91
1020,2025-08-09,2,51.695,103.39,low_value,387,4,Low Value,2.81
1021,2026-03-08,4,38.925,155.7,low_value,176,2,At Risk,13.67
1022,2025-06-17,2,51.364999999999995,102.72999999999999,low_value,440,4,Low Value,2.08
1023,2026-07-11,8,86.4125,691.3,new,51,1,Potential Loyalists,121.5
1024,2026-01-20,5,54.446000000000005,272.23,low_value,223,2,At Risk,18.4
1025,2026-03-15,3,70.07,210.20999999999998,at_risk,169,2,At Risk,19.18
1026,2026-07-08,3,70.05666666666667,210.17000000000002,low_value,54,1,Potential Loyalists,36.33
1027,2026-04-26,6,90.79333333333334,544.76,at_risk,127,0,Loyal,62.77
1028,2026-03-02,3,26.463333333333335,79.39,low_value,182,4,Low Value,6.74
1029,2026-05-02,11,98.92363636363638,1088.16,at_risk,121,0,Loyal,129.64
1030,2026-07-07,8,70.73625,565.89,new,55,1,Potential Loyalists,97.28
1031,2025-10-15,1,53.12,53.12,low_value,320,4,Low Value,2.09
1032,2026-07-20,5,85.724,428.62,new,42,1,Potential Loyalists,79.2
1033,2026-01-12,3,46.56,139.68,low_value,231,4,Low Value,9.03
1034,2026-05-11,5,83.25,416.25,at_risk,112,0,Loyal,52.13
1035,2026-06-05,4,86.94,347.76,new,87,0,Loyal,50.04
1036,2026-04-23,10,101.558,1015.58,at_risk,130,0,Loyal,115.09
1037,2026-05-03,6,79.89833333333333,479.39,at_risk,120,0,Loyal,57.43
1038,2026-05-25,7,117.02285714285713,819.16,at_risk,98,0,Loyal,110.89
1039,2026-05-28,11,107.08636363636364,1177.95,loyal,95,0,Loyal,162.14
1040,2026-08-12,8,123.625,989.0,loyal,19,3,Champions,207.65
1041,2025-10-13,2,60.55500000000001,121.11000000000001,low_value,322,4,Low Value,4.72
1042,2025-12-03,1,67.54,67.54,low_value,271,4,Low Value,3.5
1043,2025-10-16,3,52.586666666666666,157.76,low_value,319,4,Low Value,6.26
1044,2026-07-09,20,171.6615,3433.23,champion,53,3,Champions,596.77
1045,2026-04-09,4,115.1075,460.43,at_risk,144,0,Loyal,48.27
1046,2026-07-11,8,123.46375,987.71,loyal,51,0,Loyal,173.6
1047,2025-04-26,2,51.455,102.91,low_value,492,4,Low Value,1.56
1048,2025-06-29,2,29.745,59.49,low_value,428,4,Low Value,1.29
1049,2026-08-07,9,115.82666666666667,1042.44,loyal,24,3,Champions,212.87
1050,2026-03-24,5,40.184000000000005,200.92000000000002,low_value,160,2,At Risk,19.27
1051,2026-08-15,12,111.00166666666667,1332.02,loyal,16,3,Champions,284.37
1052,2026-08-08,21,112.9095238095238,2371.1,loyal,23,3,Champions,486.89
1053,2026-06-25,13,107.91076923076922,1402.84,loyal,67,0,Loyal,225.6
1054,2026-05-23,14,118.93642857142858,1665.1100000000001,loyal,100,0,Loyal,222.92
1055,2026-03-15,2,61.114999999999995,122.22999999999999,low_value,169,4,Low Value,11.15
1056,2026-04-01,3,56.473333333333336,169.42000000000002,low_value,152,2,At Risk,16.99
1057,2026-06-18,7,102.8442857142857,719.91,loyal,74,0,Loyal,111.36
1058,2026-07-10,9,57.97666666666666,521.79,new,52,1,Potential Loyalists,91.2
1059,2026-01-24,4,30.6475,122.59,low_value,219,2,At Risk,8.47
1060,2026-02-06,4,45.447500000000005,181.79000000000002,low_value,206,2,At Risk,13.51
1061,2026-06-16,5,54.3,271.5,new,76,2,At Risk,41.53
1062,2026-07-10,14,113.56857142857143,1589.96,loyal,52,3,Champions,277.91
1063,2026-07-24,5,76.954,384.77,new,38,1,Potential Loyalists,72.69
1064,2026-02-07,8,97.105,776.84,at_risk,205,0,Loyal,58.04
1065,2026-03-21,3,30.709999999999997,92.13,low_value,163,4,Low Value,8.69
1066,2026-06-11,5,80.792,403.96,at_risk,81,0,Loyal,60.1
1067,2026-04-05,6,48.845,293.07,low_value,148,2,At Risk,30.05
1068,2026-07-26,22,195.46136363636361,4300.15,champion,36,3,Champions,821.49
1069,2026-03-23,10,101.074,1010.74,at_risk,161,0,Loyal,96.42
1070,2026-02-06,8,37.23,297.84,low_value,206,2,At Risk,22.13
1071,2026-05-26,4,66.005,264.02,new,97,2,At Risk,35.94
1072,2026-04-10,6,80.57166666666667,483.43,at_risk,143,0,Loyal,50.97
1073,2025-10-25,3,46.48,139.44,low_value,310,4,Low Value,5.81
1074,2026-01-27,3,27.896666666666665,83.69,low_value,216,4,Low Value,5.88
1075,2026-01-13,9,101.52888888888889,913.76,at_risk,230,0,Loyal,59.41
1076,2026-06-13,4,52.5775,210.31,new,79,2,At Risk,31.64
1077,2026-08-11,6,68.15833333333333,408.95,new,20,1,Potential Loyalists,85.39
1078,2026-05-23,5,65.762,328.81,new,100,2,At Risk,44.02
1079,2026-08-22,5,78.814,394.07,at_risk,9,1,Potential Loyalists,87.47
1080,2026-08-02,9,105.02555555555556,945.23,loyal,29,3,Champions,187.73
1081,2026-02-17,3,40.95333333333333,122.86,low_value,195,4,Low Value,9.7
1082,2026-05-31,7,41.54,290.78,low_value,92,2,At Risk,40.7
1083,2026-03-06,6,32.34166666666667,194.05,low_value,178,2,At Risk,16.84
1084,2025-12-26,1,60.58,60.58,low_value,248,4,Low Value,3.56
1085,2026-07-13,3,44.870000000000005,134.61,low_value,49,2,At Risk,23.92
1086,2025-12-12,4,45.6675,182.67,low_value,262,2,At Risk,9.94
1087,2026-01-31,6,41.928333333333335,251.57,low_value,212,2,At Risk,18.08
1088,2026-03-05,4,78.16749999999999,312.66999999999996,new,179,2,At Risk,26.99
1089,2026-04-01,5,75.64,378.2,new,152,2,At Risk,37.93
1090,2026-08-18,15,100.07266666666666,1501.09,loyal,13,3,Champions,325.85
1091,2026-03-21,7,70.45428571428572,493.18,new,163,0,Loyal,46.53
1092,2026-07-02,15,125.55666666666666,1883.35,loyal,60,3,Champions,314.88
1093,2026-07-16,14,115.77428571428571,1620.84,loyal,46,3,Champions,292.91
1094,2026-01-22,5,79.316,396.58,new,221,2,At Risk,27.11
1095,2025-10-21,4,88.6275,354.51,at_risk,314,2,At Risk,14.45
1096,2026-05-09,11,126.1690909090909,1387.86,loyal,114,0,Loyal,171.9
1097,2026-01-29,5,28.284,141.42,low_value,214,2,At Risk,10.05
1098,2025-07-05,1,68.59,68.59,low_value,422,4,Low Value,1.53
1099,2026-07-06,16,109.78375,1756.54,loyal,56,3,Champions,300.28
1100,2026-08-10,29,180.348275862069,5230.1,champion,21,3,Champions,1085.97
1101,2026-07-24,15,86.236,1293.54,at_risk,38,3,Champions,244.38
1102,2025-10-21,3,57.643333333333324,172.92999999999998,low_value,314,4,Low Value,7.05
1103,2026-05-12,7,57.28000000000001,400.96000000000004,low_value,111,2,At Risk,50.5
1104,2026-06-26,10,117.99300000000001,1179.93,loyal,66,0,Loyal,190.81
1105,2026-06-13,7,39.68571428571429,277.8,low_value,79,2,At Risk,41.79
1106,2026-01-04,8,91.45,731.6,loyal,239,0,Loyal,45.25
1107,2026-04-05,8,105.05625,840.45,at_risk,148,0,Loyal,86.18
1108,2026-01-27,5,32.836,164.18,low_value,216,2,At Risk,11.54
1109,2026-07-15,8,109.2975,874.38,loyal,47,0,Loyal,157.14
1110,2026-05-27,19,108.95315789473685,2070.11,loyal,96,0,Loyal,283.37
1111,2026-02-28,6,110.515,663.09,at_risk,184,0,Loyal,55.67
1112,2026-07-17,2,52.765,105.53,new,45,1,Potential Loyalists,19.18
1113,2025-08-16,1,16.7,16.7,low_value,380,4,Low Value,0.47
1114,2026-02-09,8,44.69625,357.57,low_value,203,2,At Risk,27.01
1115,2026-08-25,19,164.7342105263158,3129.95,champion,6,3,Champions,706.38
1116,2026-08-09,14,109.77714285714286,1536.88,loyal,22,3,Champions,317.35
1117,2026-04-30,3,60.38666666666666,181.16,low_value,123,2,At Risk,21.34
1118,2026-07-06,14,109.46142857142857,1532.46,loyal,56,3,Champions,261.97
1119,2026-01-18,6,40.788333333333334,244.73,low_value,225,2,At Risk,16.36
1120,2025-09-07,4,44.647499999999994,178.58999999999997,low_value,358,2,At Risk,5.7
1121,2026-05-30,10,112.144,1121.44,loyal,93,0,Loyal,156.09
1122,2026-01-10,4,54.1575,216.63,low_value,233,2,At Risk,13.85
1123,2026-08-02,17,110.95117647058824,1886.17,loyal,29,3,Champions,374.62
1124,2026-03-18,9,91.57777777777778,824.2,at_risk,166,0,Loyal,76.47
1125,2026-07-10,4,52.5575,210.23,new,52,1,Potential Loyalists,36.75
1126,2026-03-04,1,95.62,95.62,new,180,4,Low Value,8.21
1127,2026-04-30,3,33.38666666666666,100.16,low_value,123,2,At Risk,11.8
1128,2026-07-12,1,48.84,48.84,low_value,50,4,Low Value,8.63
1129,2026-03-27,5,43.346,216.73,low_value,157,2,At Risk,21.14
1130,2026-03-17,5,66.426,332.13,low_value,167,2,At Risk,30.64
1131,2026-06-21,9,61.97333333333333,557.76,new,71,1,Potential Loyalists,87.72
1132,2026-06-27,10,110.3,1103.0,loyal,65,0,Loyal,179.36
1133,2026-02-22,5,43.946000000000005,219.73000000000002,low_value,190,2,At Risk,17.84
1134,2026-04-29,6,44.14166666666667,264.85,low_value,124,2,At Risk,31.03
1135,2026-07-23,9,105.65666666666667,950.91,at_risk,39,1,Potential Loyalists,178.66
1136,2026-07-02,7,68.10857142857142,476.76,new,60,1,Potential Loyalists,79.71
1137,2026-04-28,8,96.12875,769.03,at_risk,125,0,Loyal,89.6
1138,2026-08-21,15,175.694,2635.41,champion,10,3,Champions,581.7
1139,2026-04-02,2,28.049999999999997,56.099999999999994,low_value,151,4,Low Value,5.66
1140,2026-06-24,3,105.38666666666666,316.15999999999997,at_risk,68,1,Potential Loyalists,50.56
1141,2026-01-23,5,36.263999999999996,181.32,low_value,220,2,At Risk,12.46
1142,2026-03-19,4,41.935,167.74,low_value,165,2,At Risk,15.65
1143,2025-09-28,2,55.88,111.76,low_value,337,4,Low Value,4.01
1144,2026-06-16,8,93.2025,745.62,at_risk,76,0,Loyal,114.06
1145,2025-12-10,7,100.75142857142858,705.26,at_risk,264,0,Loyal,37.96
1146,2026-03-28,3,49.21333333333333,147.64,low_value,156,2,At Risk,14.48
1147,2026-07-11,5,45.156,225.78,low_value,51,1,Potential Loyalists,39.68
1148,2026-02-25,6,78.195,469.16999999999996,new,187,0,Loyal,38.74
1149,2026-08-09,4,33.5775,134.31,low_value,22,1,Potential Loyalists,27.73
1150,2026-07-27,14,101.02785714285713,1414.3899999999999,loyal,35,3,Champions,271.71
1151,2026-06-12,6,51.001666666666665,306.01,low_value,80,2,At Risk,45.78
1152,2026-06-23,17,102.08529411764707,1735.45,loyal,69,3,Champions,276.0
1153,2026-05-27,9,101.22777777777777,911.05,loyal,96,0,Loyal,124.71
1154,2026-07-24,4,52.504999999999995,210.01999999999998,new,38,1,Potential Loyalists,39.68
1155,2026-08-24,28,186.02392857142857,5208.67,champion,7,3,Champions,1169.0
1156,2026-04-18,20,182.7185,3654.37,champion,135,3,Champions,402.78
1157,2026-08-21,25,171.7272,4293.18,champion,10,3,Champions,947.61
1158,2026-04-04,9,90.50444444444445,814.54,at_risk,149,0,Loyal,83.06
1159,2025-10-19,3,65.23,195.69,low_value,316,4,Low Value,7.89
1160,2026-08-11,27,186.7974074074074,5043.53,champion,20,3,Champions,1053.07
1161,2026-03-20,3,38.77,116.31,low_value,164,2,At Risk,10.91
1162,2026-03-06,6,38.58833333333333,231.53,low_value,178,2,At Risk,20.1
1163,2025-11-18,5,93.564,467.82,loyal,286,0,Loyal,22.28
1164,2026-05-12,12,123.00083333333333,1476.01,loyal,111,0,Loyal,185.89
1165,2026-04-02,6,47.58833333333333,285.53,low_value,151,2,At Risk,28.79
1166,2026-03-29,5,51.443999999999996,257.21999999999997,low_value,155,2,At Risk,25.37
1167,2026-04-05,6,67.79666666666667,406.78,new,148,2,At Risk,41.71
1168,2026-02-23,3,45.76333333333333,137.29,low_value,189,2,At Risk,11.21
1169,2026-07-27,12,103.40583333333335,1240.8700000000001,loyal,35,3,Champions,238.37
1170,2026-03-26,6,75.09333333333333,450.56,at_risk,158,0,Loyal,43.7
1171,2025-09-27,4,63.0375,252.15,low_value,338,2,At Risk,9.0
1172,2026-07-22,15,109.16533333333334,1637.48,loyal,40,3,Champions,305.94
1173,2026-04-14,5,41.403999999999996,207.01999999999998,low_value,139,2,At Risk,22.32
1174,2025-11-13,1,40.6,40.6,new,291,4,Low Value,1.88
1175,2026-03-08,9,44.02777777777778,396.25,low_value,176,2,At Risk,34.78
1176,2026-07-24,11,63.96363636363637,703.6,new,38,1,Potential Loyalists,132.93
1177,2026-04-26,4,89.1825,356.73,at_risk,127,0,Loyal,41.11
1178,2026-07-22,13,124.14076923076922,1613.83,loyal,40,3,Champions,301.53
1179,2026-07-07,11,113.65363636363637,1250.19,loyal,55,0,Loyal,214.91
1180,2026-06-01,10,43.61,436.1,low_value,91,2,At Risk,61.38
1181,2026-07-17,13,107.54461538461538,1398.08,loyal,45,3,Champions,254.06
1182,2026-07-22,11,106.94272727272728,1176.3700000000001,loyal,40,3,Champions,219.79
1183,2026-06-16,13,112.81384615384614,1466.58,loyal,76,0,Loyal,224.34
1184,2026-05-19,11,97.06545454545454,1067.72,loyal,104,0,Loyal,139.8
1185,2026-05-12,5,55.462,277.31,low_value,111,2,At Risk,34.92
1186,2026-07-26,9,90.38,813.42,at_risk,36,1,Potential Loyalists,155.39
1187,2025-11-11,3,52.01,156.03,low_value,293,4,Low Value,7.15
1188,2026-07-18,6,108.84166666666665,653.05,loyal,44,1,Potential Loyalists,119.33
1189,2026-06-24,2,42.035,84.07,low_value,68,2,At Risk,13.44
1190,2026-05-18,10,87.114,871.14,at_risk,105,0,Loyal,113.43
1191,2026-02-15,5,76.658,383.29,at_risk,197,2,At Risk,29.94
1192,2025-06-30,1,71.97,71.97,low_value,427,4,Low Value,1.57
1193,2025-12-18,5,39.775999999999996,198.88,low_value,256,2,At Risk,11.19
1194,2025-10-30,3,70.90333333333332,212.70999999999998,low_value,305,4,Low Value,9.12
1195,2026-06-29,10,101.283,1012.83,loyal,63,0,Loyal,166.54
1196,2026-06-01,13,100.40615384615384,1305.28,loyal,91,0,Loyal,183.7
1197,2026-02-12,2,48.355000000000004,96.71000000000001,low_value,200,4,Low Value,7.43
1198,2026-07-21,19,116.06947368421054,2205.32,loyal,41,3,Champions,409.76
1199,2026-01-16,8,32.19375,257.55,low_value,227,2,At Risk,17.03
1200,2026-03-23,5,80.424,402.12,new,161,0,Loyal,38.36
1201,2026-03-14,7,64.42428571428572,450.97,new,170,2,At Risk,40.92
1202,2026-01-30,3,34.67333333333333,104.02,low_value,213,4,Low Value,7.43
1203,2025-09-21,3,54.166666666666664,162.5,low_value,344,4,Low Value,5.61
1204,2026-08-16,25,184.3152,4607.88,champion,15,3,Champions,989.21
1205,2026-08-07,19,194.70105263157896,3699.32,champion,24,3,Champions,755.43
1206,2025-11-21,3,55.580000000000005,166.74,new,283,4,Low Value,8.08
1207,2025-11-10,4,48.9475,195.79,new,294,2,At Risk,8.92
1208,2026-08-14,10,109.186,1091.8600000000001,loyal,17,3,Champions,231.81
1209,2026-05-09,11,101.55,1117.05,at_risk,114,0,Loyal,138.36
1210,2026-01-05,3,31.546666666666667,94.64,low_value,238,4,Low Value,5.89
1211,2025-10-31,1,52.85,52.85,low_value,304,4,Low Value,2.28
1212,2026-01-22,3,70.02,210.06,new,221,2,At Risk,14.36
1213,2026-05-02,7,106.09142857142857,742.64,at_risk,121,0,Loyal,88.47
1214,2026-08-09,13,112.89692307692309,1467.66,loyal,22,3,Champions,303.06
1215,2026-07-28,7,79.14285714285714,554.0,new,34,1,Potential Loyalists,107.02
1216,2026-08-05,8,96.71875,773.75,at_risk,26,1,Potential Loyalists,156.26
1217,2026-04-05,4,61.9,247.6,new,148,2,At Risk,25.39
1218,2026-04-11,3,45.89333333333334,137.68,low_value,142,2,At Risk,14.6
1219,2026-08-14,25,191.0516,4776.29,champion,17,3,Champions,1014.03
1220,2026-08-25,21,179.56619047619046,3770.89,champion,6,3,Champions,851.03
1221,2026-05-04,13,107.31461538461538,1395.09,loyal,119,0,Loyal,168.06
1222,2026-04-10,5,45.852000000000004,229.26000000000002,low_value,143,2,At Risk,24.17
1223,2026-07-01,7,79.44571428571429,556.12,new,61,1,Potential Loyalists,92.46
1224,2026-07-20,18,110.10666666666667,1981.92,loyal,42,3,Champions,366.21
1225,2026-07-08,6,50.94833333333333,305.69,low_value,54,1,Potential Loyalists,52.84
1226,2025-11-21,3,89.58666666666666,268.76,new,283,2,At Risk,13.02
1227,2026-08-06,5,59.834,299.17,new,25,1,Potential Loyalists,60.75
1228,2026-02-27,2,52.72,105.44,low_value,185,4,Low Value,8.8
1229,2026-08-23,20,182.7945,3655.89,champion,8,3,Champions,815.96
1230,2026-06-28,11,124.36454545454545,1368.01,loyal,64,0,Loyal,223.69
1231,2026-07-06,4,63.86,255.44,new,56,1,Potential Loyalists,43.67
1232,2026-06-03,11,103.34363636363636,1136.78,loyal,89,0,Loyal,161.78
1233,2026-04-02,4,55.572500000000005,222.29000000000002,low_value,151,2,At Risk,22.42
1234,2026-08-04,11,104.5809090909091,1150.39,loyal,27,3,Champions,231.03
1235,2026-08-10,13,109.94999999999999,1429.35,loyal,21,3,Champions,296.79
1236,2026-08-06,12,107.14833333333333,1285.78,loyal,25,3,Champions,261.11
1237,2026-02-13,11,95.98909090909092,1055.88,at_risk,199,0,Loyal,81.56
1238,2026-06-17,16,128.8325,2061.32,loyal,75,3,Champions,317.08
1239,2026-07-15,14,112.98214285714286,1581.75,loyal,47,3,Champions,284.26
1240,2025-06-08,2,68.36500000000001,136.73000000000002,low_value,449,4,Low Value,2.63
1241,2025-09-16,6,74.29,445.74,at_risk,349,2,At Risk,14.96
1242,2026-03-05,10,115.096,1150.96,at_risk,179,0,Loyal,99.35
1243,2026-07-28,26,169.90346153846153,4417.49,champion,34,3,Champions,853.33
1244,2026-04-14,5,114.75,573.75,at_risk,139,0,Loyal,61.85
1245,2026-06-29,11,105.21727272727271,1157.3899999999999,loyal,63,0,Loyal,190.31
1246,2026-05-14,8,76.62875,613.03,new,109,0,Loyal,78.07
1247,2026-08-23,17,102.49058823529411,1742.34,loyal,8,3,Champions,388.87
1248,2025-11-19,2,31.275,62.55,low_value,285,4,Low Value,3.0
1249,2026-06-02,5,33.31,166.55,low_value,90,2,At Risk,23.57
1250,2026-01-30,13,115.54461538461538,1502.08,loyal,213,0,Loyal,107.34
1251,2026-07-02,8,114.89874999999999,919.1899999999999,loyal,60,0,Loyal,153.68
1252,2026-08-08,8,111.16,889.28,loyal,23,1,Potential Loyalists,182.61
1253,2026-06-05,6,89.57666666666667,537.46,new,87,0,Loyal,77.34
1254,2026-07-15,17,110.82411764705883,1884.01,loyal,47,3,Champions,338.58
1255,2025-11-11,2,31.905,63.81,low_value,293,4,Low Value,2.92
1256,2026-04-13,3,56.873333333333335,170.62,low_value,140,2,At Risk,18.29
1257,2026-06-26,3,53.48333333333333,160.45,low_value,66,2,At Risk,25.95
1258,2026-04-23,3,93.92,281.76,new,130,0,Loyal,31.93
1259,2025-09-11,2,47.61,95.22,low_value,354,4,Low Value,3.11
1260,2026-07-25,25,191.9844,4799.61,champion,37,3,Champions,911.82
1261,2026-07-15,17,103.76764705882353,1764.05,at_risk,47,3,Champions,317.02
1262,2026-07-08,6,98.39666666666666,590.38,at_risk,54,1,Potential Loyalists,102.05
1263,2026-02-03,5,45.856,229.28,low_value,209,2,At Risk,16.75
1264,2026-08-05,8,63.085,504.68,new,26,1,Potential Loyalists,101.92
1265,2026-03-09,4,47.8,191.2,low_value,175,2,At Risk,16.87
1266,2026-08-16,16,111.515625,1784.25,loyal,15,3,Champions,383.04
1267,2026-04-06,5,50.668,253.34,low_value,147,2,At Risk,26.12
1268,2026-06-06,6,71.96,431.76,new,86,0,Loyal,62.48
1269,2026-04-23,6,59.73499999999999,358.40999999999997,new,130,2,At Risk,40.62
1270,2025-08-12,1,29.23,29.23,low_value,384,4,Low Value,0.81
1271,2026-01-27,7,91.98,643.86,at_risk,216,0,Loyal,45.25
1272,2026-06-13,9,99.69666666666666,897.27,at_risk,79,0,Loyal,134.99
1273,2026-04-08,3,84.20666666666666,252.62,new,145,2,At Risk,26.34
1274,2026-04-23,11,109.0290909090909,1199.32,loyal,130,0,Loyal,135.91
1275,2026-05-17,6,84.72666666666667,508.36,at_risk,106,0,Loyal,65.83
1276,2026-07-22,14,106.0,1484.0,loyal,40,3,Champions,277.27
1277,2026-08-09,12,99.51916666666666,1194.23,loyal,22,3,Champions,246.6
1278,2026-04-18,2,33.26,66.52,low_value,135,4,Low Value,7.33
1279,2026-06-03,3,56.89333333333334,170.68,new,89,2,At Risk,24.29
1280,2026-05-01,8,110.86125,886.89,at_risk,122,0,Loyal,105.07
1281,2026-03-25,3,52.74333333333333,158.23,at_risk,159,2,At Risk,15.26
1282,2026-01-07,5,117.696,588.48,at_risk,236,0,Loyal,37.01
1283,2026-06-07,6,77.10666666666667,462.64,new,85,0,Loyal,67.32
1284,2026-07-09,5,41.94799999999999,209.73999999999998,low_value,53,2,At Risk,36.46
1285,2026-04-16,6,59.155,354.93,low_value,137,2,At Risk,38.69
1286,2026-05-05,9,110.73444444444445,996.61,at_risk,118,0,Loyal,120.73
1287,2026-07-11,6,108.22833333333334,649.37,at_risk,51,1,Potential Loyalists,114.14
1288,2026-08-13,6,87.07,522.42,new,18,1,Potential Loyalists,110.3
1289,2025-03-13,1,58.94,58.94,new,536,4,Low Value,0.7
1290,2026-05-22,7,51.67857142857143,361.75,new,101,2,At Risk,48.16
1291,2026-03-28,5,48.47,242.35,low_value,156,2,At Risk,23.77
1292,2026-06-25,5,77.248,386.24,new,67,1,Potential Loyalists,62.11
1293,2026-06-27,10,87.043,870.4300000000001,at_risk,65,0,Loyal,141.54
1294,2026-06-21,7,104.69857142857143,732.89,at_risk,71,0,Loyal,115.27
1295,2026-07-22,5,123.482,617.41,at_risk,40,1,Potential Loyalists,115.36
1296,2026-06-17,7,100.33857142857143,702.37,loyal,75,0,Loyal,108.04
1297,2026-07-26,19,107.51,2042.69,loyal,36,3,Champions,390.23
1298,2026-03-28,3,48.98333333333333,146.95,low_value,156,2,At Risk,14.41
1299,2026-01-16,8,99.3675,794.94,at_risk,227,0,Loyal,52.56
1300,2026-05-28,13,112.44999999999999,1461.85,loyal,95,0,Loyal,201.22
1301,2026-06-19,8,65.15125,521.21,new,73,1,Potential Loyalists,81.07
1302,2026-02-21,4,39.730000000000004,158.92000000000002,low_value,191,2,At Risk,12.83
1303,2026-08-03,12,111.315,1335.78,loyal,28,3,Champions,266.78
1304,2026-04-16,3,59.01,177.03,low_value,137,2,At Risk,19.3
1305,2026-03-03,4,41.7325,166.93,low_value,181,2,At Risk,14.25
1306,2026-04-13,5,93.196,465.98,new,140,0,Loyal,49.95
1307,2026-03-28,5,52.327999999999996,261.64,low_value,156,2,At Risk,25.66
1308,2026-08-03,28,191.8957142857143,5373.08,champion,28,3,Champions,1073.11
1309,2026-05-28,1,71.75,71.75,low_value,95,4,Low Value,9.88
1310,2026-07-01,7,105.11285714285714,735.79,at_risk,61,0,Loyal,122.34
1311,2025-07-25,4,43.985,175.94,low_value,402,4,Low Value,4.4
1312,2026-08-07,10,72.72999999999999,727.3,new,24,1,Potential Loyalists,148.52
1313,2026-07-11,21,176.94619047619048,3715.87,champion,51,3,Champions,653.11
1314,2026-08-10,24,187.70166666666668,4504.84,champion,21,3,Champions,935.38
1315,2026-01-30,2,44.735,89.47,low_value,213,4,Low Value,6.39
1316,2026-07-31,3,43.00666666666667,129.02,new,31,1,Potential Loyalists,25.34
1317,2026-08-14,24,179.75833333333333,4314.2,champion,17,3,Champions,915.93
1318,2025-12-05,1,10.0,10.0,low_value,269,4,Low Value,0.52
1319,2026-05-16,1,66.6,66.6,low_value,107,4,Low Value,8.58
1320,2026-08-21,4,53.3,213.2,new,10,1,Potential Loyalists,47.06
1321,2026-06-07,8,81.66625,653.33,new,85,0,Loyal,95.07
1322,2026-08-29,22,182.685,4019.07,champion,2,3,Champions,927.42
1323,2025-11-12,1,15.79,15.79,low_value,292,4,Low Value,0.73
1324,2026-02-22,4,95.5275,382.11,at_risk,190,0,Loyal,31.03
1325,2026-06-11,6,40.38833333333333,242.32999999999998,low_value,81,2,At Risk,36.05
1326,2026-04-27,8,81.38000000000001,651.0400000000001,at_risk,126,0,Loyal,75.44
1327,2026-04-16,8,60.6325,485.06,new,137,2,At Risk,52.87
1328,2026-07-31,17,103.38529411764705,1757.55,loyal,31,3,Champions,345.21
1329,2026-08-14,12,102.67166666666667,1232.06,loyal,17,3,Champions,261.57
1330,2026-01-17,6,46.19833333333333,277.19,low_value,226,2,At Risk,18.43
1331,2026-08-07,4,54.230000000000004,216.92000000000002,new,24,1,Potential Loyalists,44.3
1332,2026-03-18,4,68.525,274.1,new,166,2,At Risk,25.43
1333,2025-09-26,1,52.82,52.82,low_value,339,4,Low Value,1.87
1334,2026-05-20,4,32.71,130.84,low_value,103,2,At Risk,17.23
1335,2025-06-30,1,38.25,38.25,low_value,427,4,Low Value,0.83
1336,2026-07-19,18,105.88388888888889,1905.91,loyal,43,3,Champions,350.21
1337,2026-07-27,5,70.228,351.14,new,35,1,Potential Loyalists,67.45
1338,2025-09-22,3,62.71,188.13,low_value,343,4,Low Value,6.53
1339,2026-05-27,9,82.47222222222223,742.25,at_risk,96,0,Loyal,101.6
1340,2026-08-06,7,107.08857142857143,749.62,loyal,25,1,Potential Loyalists,152.23
1341,2026-03-11,5,60.662,303.31,low_value,173,2,At Risk,27.07
1342,2026-06-04,5,40.686,203.43,new,88,2,At Risk,29.11
1343,2026-06-28,8,73.2375,585.9,new,64,1,Potential Loyalists,95.8
1344,2026-01-26,3,47.46666666666666,142.39999999999998,low_value,217,4,Low Value,9.95
1345,2026-01-17,5,75.014,375.07,new,226,2,At Risk,24.93
1346,2026-04-20,7,98.53,689.71,at_risk,133,0,Loyal,76.87
1347,2026-02-24,5,143.03,715.15,at_risk,188,0,Loyal,58.72
1348,2025-12-19,6,99.58166666666666,597.49,at_risk,255,0,Loyal,33.81
1349,2026-06-08,10,100.14099999999999,1001.41,loyal,84,0,Loyal,146.53
1350,2026-04-26,8,43.291250000000005,346.33000000000004,low_value,127,2,At Risk,39.91
1351,2026-04-02,3,45.01,135.03,low_value,151,2,At Risk,13.62
1352,2026-05-29,12,106.01833333333333,1272.22,loyal,94,0,Loyal,176.09
1353,2026-06-28,5,114.77000000000001,573.85,at_risk,64,0,Loyal,93.83
1354,2025-06-10,3,46.4,139.2,low_value,447,4,Low Value,2.71
1355,2026-08-05,25,195.03599999999997,4875.9,champion,26,3,Champions,984.69
1356,2026-08-16,7,78.62,550.34,new,15,1,Potential Loyalists,118.15
1357,2026-05-06,8,78.1625,625.3,new,117,0,Loyal,76.17
1358,2026-02-03,4,46.395,185.58,low_value,209,2,At Risk,13.56
1359,2026-07-10,7,110.45714285714287,773.2,loyal,52,0,Loyal,135.15
1360,2026-02-24,3,37.86333333333334,113.59,low_value,188,4,Low Value,9.33
1361,2026-05-02,13,96.25846153846153,1251.36,at_risk,121,0,Loyal,149.08
1362,2026-06-14,6,68.73333333333333,412.4,new,78,1,Potential Loyalists,62.39
1363,2026-08-22,24,170.64541666666668,4095.4900000000002,champion,9,3,Champions,909.01
1364,2026-05-25,10,67.651,676.51,new,98,0,Loyal,91.58
1365,2026-06-23,5,98.49,492.45,new,69,0,Loyal,78.32
1366,2026-08-19,3,110.95333333333333,332.86,loyal,12,1,Potential Loyalists,72.66
1367,2026-07-22,11,107.71454545454547,1184.8600000000001,loyal,40,3,Champions,221.38
1368,2026-07-27,12,112.47500000000001,1349.7,loyal,35,3,Champions,259.28
1369,2026-05-19,3,60.44,181.32,at_risk,104,2,At Risk,23.74
1370,2026-02-21,10,108.40899999999999,1084.09,loyal,191,0,Loyal,87.54
1371,2026-01-29,6,45.98833333333334,275.93,low_value,214,2,At Risk,19.61
1372,2026-03-16,18,100.02,1800.36,at_risk,168,0,Loyal,165.19
1373,2025-07-20,1,61.39,61.39,low_value,407,4,Low Value,1.49
1374,2025-04-29,2,20.035,40.07,low_value,489,4,Low Value,0.62
1375,2026-07-22,12,118.53750000000001,1422.45,loyal,40,3,Champions,265.77
1376,2026-07-15,2,39.74,79.48,low_value,47,2,At Risk,14.28
1377,2026-05-10,7,43.791428571428575,306.54,low_value,113,2,At Risk,38.18
1378,2026-05-18,7,41.78285714285715,292.48,new,105,2,At Risk,38.08
1379,2026-05-04,9,71.98444444444445,647.86,at_risk,119,0,Loyal,78.04
1380,2026-07-03,9,88.29555555555557,794.6600000000001,at_risk,59,0,Loyal,133.6
1381,2026-08-06,19,181.49315789473684,3448.37,champion,25,3,Champions,700.28
1382,2026-08-09,9,67.87111111111112,610.84,new,22,1,Potential Loyalists,126.13
1383,2026-04-18,7,42.72571428571429,299.08000000000004,low_value,135,2,At Risk,32.96
1384,2026-01-23,5,39.882,199.41,low_value,220,2,At Risk,13.71
1385,2026-07-12,17,174.91764705882352,2973.6,champion,50,3,Champions,525.56
1386,2025-08-02,4,59.515,238.06,low_value,394,2,At Risk,6.22
1387,2026-03-03,8,95.31125,762.49,at_risk,181,0,Loyal,65.09
1388,2025-11-01,3,38.93,116.78999999999999,low_value,303,4,Low Value,5.06
1389,2026-07-02,16,174.39625,2790.34,champion,60,3,Champions,466.52
1390,2026-02-18,4,39.96,159.84,low_value,194,2,At Risk,12.69
1391,2026-03-06,6,49.12,294.71999999999997,low_value,178,2,At Risk,25.58
1392,2026-06-15,8,94.8825,759.06,loyal,77,0,Loyal,115.47
1393,2026-08-19,22,191.62636363636364,4215.78,champion,12,3,Champions,920.24
1394,2026-03-03,5,65.288,326.44,low_value,181,2,At Risk,27.87
1395,2026-05-18,11,104.39454545454545,1148.34,loyal,105,0,Loyal,149.52
1396,2026-08-04,10,67.751,677.51,new,27,1,Potential Loyalists,136.07
1397,2025-12-25,2,43.540000000000006,87.08000000000001,low_value,249,4,Low Value,5.09
1398,2026-07-27,5,83.84,419.20000000000005,new,35,1,Potential Loyalists,80.53
1399,2026-04-22,11,104.01454545454546,1144.16,at_risk,131,0,Loyal,128.94
1400,2026-06-26,8,97.10125,776.81,at_risk,66,0,Loyal,125.62
1401,2026-08-27,23,188.82478260869567,4342.97,champion,4,3,Champions,991.09
1402,2026-03-22,4,34.4975,137.99,low_value,162,2,At Risk,13.09
1403,2026-05-17,12,83.61833333333334,1003.4200000000001,at_risk,106,0,Loyal,129.93
1404,2026-08-04,11,104.65363636363637,1151.19,loyal,27,3,Champions,231.2
1405,2026-08-19,15,122.398,1835.97,loyal,12,3,Champions,400.76
1406,2025-12-13,2,36.35,72.7,low_value,261,4,Low Value,3.98
1407,2026-07-24,23,115.77913043478262,2662.92,loyal,38,3,Champions,503.1
1408,2025-10-06,3,50.173333333333325,150.51999999999998,low_value,329,4,Low Value,5.65
1409,2025-10-19,3,70.43,211.29000000000002,low_value,316,4,Low Value,8.52
1410,2025-10-11,6,48.428333333333335,290.57,low_value,324,2,At Risk,11.21
1411,2026-01-03,1,16.01,16.01,low_value,240,4,Low Value,0.98
1412,2026-06-08,3,67.61,202.83,low_value,84,2,At Risk,29.68
1413,2026-06-07,3,31.383333333333336,94.15,low_value,85,2,At Risk,13.7
1414,2026-04-28,14,99.18714285714286,1388.6200000000001,loyal,125,0,Loyal,161.8
1415,2025-09-09,3,23.183333333333334,69.55,low_value,356,4,Low Value,2.25
1416,2026-07-18,5,75.47200000000001,377.36,new,44,1,Potential Loyalists,68.96
1417,2026-05-28,4,72.405,289.62,new,95,2,At Risk,39.87
1418,2025-10-20,3,50.53,151.59,low_value,315,4,Low Value,6.15
1419,2025-07-13,4,54.8525,219.41,low_value,414,2,At Risk,5.13
1420,2025-04-18,2,52.129999999999995,104.25999999999999,low_value,500,4,Low Value,1.51
1421,2026-08-07,5,70.18199999999999,350.90999999999997,new,24,1,Potential Loyalists,71.66
1422,2026-05-14,5,73.35,366.75,new,109,0,Loyal,46.7
1423,2026-05-12,7,112.32428571428571,786.27,at_risk,111,0,Loyal,99.02
1424,2026-03-28,12,102.47833333333334,1229.74,at_risk,156,0,Loyal,120.62
1425,2026-06-13,8,91.13375,729.07,at_risk,79,0,Loyal,109.68
1426,2026-07-04,13,110.37615384615384,1434.8899999999999,loyal,58,3,Champions,242.58
1427,2026-07-24,19,161.91421052631577,3076.37,champion,38,3,Champions,581.21
1428,2025-10-29,2,51.2,102.4,low_value,306,4,Low Value,4.36
1429,2026-04-06,7,107.63428571428572,753.44,at_risk,147,0,Loyal,77.69
1430,2026-05-31,5,43.406,217.03,low_value,92,2,At Risk,30.38
1431,2025-12-10,2,76.905,153.81,new,264,4,Low Value,8.28
1432,2026-08-10,25,201.9628,5049.07,champion,21,3,Champions,1048.38
1433,2026-07-18,13,115.20923076923077,1497.72,loyal,44,3,Champions,273.68
1434,2026-08-02,10,99.62100000000001,996.21,loyal,29,3,Champions,197.86
1435,2026-01-23,4,53.3375,213.35,low_value,220,2,At Risk,14.66
1436,2026-05-31,13,106.12384615384616,1379.6100000000001,loyal,92,0,Loyal,193.09
1437,2026-05-03,8,70.02125000000001,560.1700000000001,new,120,0,Loyal,67.11
1438,2026-04-05,1,43.15,43.15,low_value,148,4,Low Value,4.42
1439,2025-12-15,2,61.2,122.4,low_value,259,4,Low Value,6.77
1440,2026-07-07,11,108.67272727272729,1195.4,loyal,55,0,Loyal,205.49
1441,2026-06-12,26,186.29923076923075,4843.78,champion,80,3,Champions,724.67
1442,2026-04-16,11,115.12181818181817,1266.34,loyal,137,0,Loyal,138.03
1443,2026-08-27,23,177.02478260869566,4071.57,champion,4,3,Champions,929.15
1444,2026-06-17,15,104.79266666666668,1571.89,loyal,75,0,Loyal,241.79
1445,2026-08-04,5,76.41,382.05,new,27,1,Potential Loyalists,76.73
1446,2026-04-07,3,40.27,120.81,low_value,146,2,At Risk,12.53
1447,2026-06-12,6,66.06666666666666,396.4,new,80,1,Potential Loyalists,59.3
1448,2026-08-09,9,68.16333333333334,613.47,new,22,1,Potential Loyalists,126.67
1449,2026-08-15,14,104.93214285714285,1469.05,loyal,16,3,Champions,313.62
1450,2026-01-29,4,60.3825,241.53,low_value,214,2,At Risk,17.16
1451,2026-07-30,7,65.74142857142857,460.19,new,32,1,Potential Loyalists,89.89
1452,2026-05-12,6,54.28333333333333,325.7,low_value,111,2,At Risk,41.02
1453,2026-02-21,3,53.53333333333333,160.6,low_value,191,2,At Risk,12.97
1454,2026-02-06,4,132.255,529.02,at_risk,206,0,Loyal,39.3
1455,2026-05-31,11,98.2909090909091,1081.2,loyal,92,0,Loyal,151.32
1456,2026-04-08,12,98.17666666666666,1178.12,loyal,145,0,Loyal,122.83
1457,2025-09-07,6,94.425,566.55,at_risk,358,0,Loyal,18.09
1458,2026-03-19,8,51.33125,410.65,low_value,165,2,At Risk,38.31
1459,2026-08-10,11,98.42636363636365,1082.69,at_risk,21,3,Champions,224.81
1460,2025-08-28,1,62.44,62.44,low_value,368,4,Low Value,1.89
1461,2026-08-07,9,65.62111111111112,590.59,new,24,1,Potential Loyalists,120.6
1462,2025-12-15,4,90.03,360.12,loyal,259,0,Loyal,19.93
1463,2026-04-20,6,103.75833333333333,622.55,at_risk,133,0,Loyal,69.38
1464,2026-02-18,5,52.876,264.38,low_value,194,2,At Risk,21.0
1465,2026-01-29,3,62.46666666666667,187.4,low_value,214,2,At Risk,13.32
1466,2026-07-14,4,119.82,479.28,at_risk,48,1,Potential Loyalists,85.66
1467,2026-03-19,6,111.16000000000001,666.96,loyal,165,0,Loyal,62.23
1468,2026-04-27,3,44.576666666666675,133.73000000000002,low_value,126,2,At Risk,15.5
1469,2026-07-09,12,101.52999999999999,1218.36,loyal,53,0,Loyal,211.78
1470,2025-12-18,2,88.25999999999999,176.51999999999998,low_value,256,4,Low Value,9.93
1471,2026-07-25,11,110.62545454545456,1216.88,loyal,37,3,Champions,231.18
1472,2026-07-22,14,117.3292857142857,1642.61,loyal,40,3,Champions,306.9
1473,2026-05-15,8,73.33125,586.65,new,108,0,Loyal,75.12
1474,2026-01-27,6,68.82666666666667,412.96,new,216,2,At Risk,29.02
1475,2026-08-23,6,88.52833333333332,531.17,new,8,1,Potential Loyalists,118.55
1476,2026-04-10,11,78.94909090909091,868.44,at_risk,143,0,Loyal,91.56
1477,2026-02-11,2,55.394999999999996,110.78999999999999,low_value,201,4,Low Value,8.46
1478,2026-03-12,2,65.76,131.52,new,172,4,Low Value,11.8
1479,2026-07-31,6,67.03,402.18,new,31,1,Potential Loyalists,79.0
1480,2026-08-14,9,85.14555555555555,766.31,at_risk,17,1,Potential Loyalists,162.69
1481,2026-08-20,25,182.13639999999998,4553.41,champion,11,3,Champions,999.48
1482,2026-03-18,8,55.64625,445.17,new,166,2,At Risk,41.3
1483,2026-06-29,13,112.57307692307693,1463.45,loyal,63,0,Loyal,240.63
1484,2026-08-17,8,58.15375,465.23,new,14,1,Potential Loyalists,100.43
1485,2026-08-13,29,188.79,5474.91,champion,18,3,Champions,1155.91
1486,2026-03-11,3,54.43333333333334,163.3,low_value,173,2,At Risk,14.57
1487,2026-07-14,7,74.83428571428571,523.84,new,48,1,Potential Loyalists,93.62
1488,2026-06-22,4,42.7625,171.05,low_value,70,2,At Risk,27.05
1489,2026-03-21,9,69.58111111111111,626.23,new,163,0,Loyal,59.08
1490,2026-08-17,27,180.40518518518516,4870.94,champion,14,3,Champions,1051.5
1491,2026-06-01,4,35.4475,141.79,low_value,91,2,At Risk,19.96
1492,2026-03-25,6,75.52666666666667,453.16,new,159,0,Loyal,43.71
1493,2026-04-30,4,33.47,133.88,low_value,123,2,At Risk,15.77
1494,2025-10-06,1,85.43,85.43,at_risk,329,4,Low Value,3.2
1495,2026-08-07,11,68.56454545454545,754.21,new,24,1,Potential Loyalists,154.02
1496,2026-03-03,2,61.165,122.33,low_value,181,4,Low Value,10.44
1497,2026-01-29,4,62.325,249.3,new,214,2,At Risk,17.72
1498,2026-06-27,8,99.1625,793.3,at_risk,65,0,Loyal,129.0
1499,2025-12-24,2,33.865,67.73,low_value,250,4,Low Value,3.94
1500,2026-01-11,2,50.93,101.86,low_value,232,4,Low Value,6.55
1501,2026-01-20,4,42.275,169.1,low_value,223,2,At Risk,11.43
1502,2026-03-31,8,81.0225,648.18,at_risk,153,0,Loyal,64.64
1503,2026-03-19,8,87.92999999999999,703.4399999999999,at_risk,165,0,Loyal,65.63
1504,2026-02-21,4,40.3475,161.39,low_value,191,2,At Risk,13.03
1505,2026-03-18,3,63.74666666666667,191.24,new,166,2,At Risk,17.74
1506,2026-03-29,6,56.968333333333334,341.81,low_value,155,2,At Risk,33.71
1507,2026-07-15,4,74.595,298.38,new,47,1,Potential Loyalists,53.62
1508,2026-06-11,4,107.4725,429.89,loyal,81,0,Loyal,63.96
1509,2026-05-20,1,60.15,60.15,low_value,103,4,Low Value,7.92
1510,2026-03-21,10,106.701,1067.01,loyal,163,0,Loyal,100.66
1511,2026-08-15,16,120.700625,1931.21,loyal,16,3,Champions,412.29
1512,2026-08-06,9,49.08888888888889,441.8,new,25,1,Potential Loyalists,89.72
1513,2026-07-09,4,44.715,178.86,low_value,53,2,At Risk,31.09
1514,2025-08-31,2,39.205,78.41,low_value,365,4,Low Value,2.41
1515,2026-06-21,11,102.43272727272728,1126.76,loyal,71,0,Loyal,177.22
1516,2026-06-26,9,101.57444444444444,914.17,loyal,66,0,Loyal,147.83
1517,2026-04-16,5,47.432,237.16000000000003,low_value,137,2,At Risk,25.85
1518,2026-07-27,13,99.78999999999999,1297.27,loyal,35,3,Champions,249.21
1519,2026-06-20,14,113.06857142857143,1582.96,loyal,72,0,Loyal,247.59
1520,2026-08-18,20,119.3425,2386.85,loyal,13,3,Champions,518.13
1521,2026-06-10,4,68.9525,275.81,new,82,2,At Risk,40.81
1522,2026-02-03,3,44.42666666666667,133.28,low_value,209,4,Low Value,9.74
1523,2026-01-26,4,54.7275,218.91,low_value,217,2,At Risk,15.3
1524,2025-07-29,3,35.53666666666667,106.61,low_value,398,4,Low Value,2.73
1525,2026-07-23,17,104.10000000000001,1769.7,loyal,39,3,Champions,332.49
1526,2026-05-28,5,100.258,501.28999999999996,at_risk,95,0,Loyal,69.0
1527,2026-06-19,5,72.63399999999999,363.16999999999996,new,73,1,Potential Loyalists,56.49
1528,2026-07-04,9,104.33888888888889,939.05,loyal,58,0,Loyal,158.75
1529,2026-06-25,17,120.4135294117647,2047.03,loyal,67,3,Champions,329.19
1530,2026-08-09,10,82.473,824.73,at_risk,22,1,Potential Loyalists,170.3
1531,2026-07-25,12,111.16250000000001,1333.95,loyal,37,3,Champions,253.42
1532,2026-05-05,4,70.505,282.02,new,118,2,At Risk,34.16
1533,2026-03-09,6,50.19833333333333,301.19,low_value,175,2,At Risk,26.58
1534,2026-08-25,23,171.94565217391303,3954.75,champion,6,3,Champions,892.52
1535,2026-07-20,6,67.56833333333333,405.40999999999997,new,42,1,Potential Loyalists,74.91
1536,2026-05-09,7,42.4,296.8,low_value,114,2,At Risk,36.76
1537,2025-12-02,3,25.583333333333332,76.75,low_value,272,4,Low Value,3.95
1538,2026-04-04,4,34.504999999999995,138.01999999999998,low_value,149,2,At Risk,14.07
1539,2025-09-06,7,89.90142857142857,629.31,at_risk,359,0,Loyal,19.98
1540,2026-02-06,5,46.839999999999996,234.2,low_value,206,2,At Risk,17.4
1541,2026-07-14,9,93.73777777777778,843.64,loyal,48,1,Potential Loyalists,150.77
1542,2025-12-21,7,87.52285714285713,612.66,at_risk,253,0,Loyal,35.06
1543,2026-05-10,11,120.33454545454546,1323.68,loyal,113,0,Loyal,164.86
1544,2026-03-15,7,71.84285714285714,502.9,new,169,0,Loyal,45.89
1545,2026-06-17,7,100.49857142857142,703.49,at_risk,75,0,Loyal,108.21
1546,2026-07-17,17,97.95,1665.15,loyal,45,3,Champions,302.59
1547,2026-04-08,1,25.07,25.07,low_value,145,4,Low Value,2.61
1548,2026-06-06,10,79.62899999999999,796.29,at_risk,86,0,Loyal,115.23
1549,2026-08-03,8,103.605,828.84,loyal,28,1,Potential Loyalists,165.54
1550,2026-06-06,13,115.30230769230769,1498.93,loyal,86,0,Loyal,216.9
1551,2026-03-05,4,101.1175,404.47,at_risk,179,0,Loyal,34.91
1552,2026-04-13,9,108.73777777777778,978.64,at_risk,140,0,Loyal,104.91
1553,2026-03-07,8,86.545,692.36,at_risk,177,0,Loyal,60.43
1554,2026-06-18,15,107.75,1616.25,loyal,74,0,Loyal,250.0
1555,2025-10-17,4,61.5525,246.21,low_value,318,2,At Risk,9.82
1556,2026-07-25,6,49.48666666666667,296.92,low_value,37,1,Potential Loyalists,56.41
1557,2026-08-01,7,77.97714285714287,545.84,new,30,1,Potential Loyalists,107.81
1558,2026-06-13,8,86.6925,693.54,new,79,0,Loyal,104.34
1559,2025-06-15,2,56.535,113.07,low_value,442,4,Low Value,2.26
1560,2026-07-21,3,24.62,73.86,low_value,41,2,At Risk,13.72
1561,2026-04-24,7,65.25714285714285,456.8,new,129,2,At Risk,52.05
1562,2026-02-09,4,56.7775,227.11,low_value,203,2,At Risk,17.16
1563,2026-06-13,5,58.022000000000006,290.11,low_value,79,2,At Risk,43.64
1564,2025-11-07,5,38.45,192.25,low_value,297,2,At Risk,8.62
1565,2026-05-10,7,64.39,450.73,new,113,2,At Risk,56.14
1566,2026-07-20,13,115.62615384615385,1503.14,loyal,42,3,Champions,277.74
1567,2026-07-08,19,173.84947368421052,3303.14,champion,54,3,Champions,570.97
1568,2026-05-01,5,64.556,322.78,new,122,2,At Risk,38.24
1569,2026-08-19,2,72.215,144.43,new,12,1,Potential Loyalists,31.53
1570,2026-04-04,5,85.306,426.53,at_risk,149,0,Loyal,43.49
1571,2026-07-30,2,70.855,141.71,new,32,1,Potential Loyalists,27.68
1572,2026-05-16,4,85.64,342.56,new,107,0,Loyal,44.11
1573,2026-05-13,3,22.89,68.67,low_value,110,4,Low Value,8.7
1574,2026-07-21,10,127.875,1278.75,loyal,41,3,Champions,237.6
1575,2026-07-14,23,103.12782608695652,2371.94,loyal,48,3,Champions,423.91
1576,2026-06-20,5,30.292,151.46,low_value,72,2,At Risk,23.69
1577,2026-02-08,7,50.221428571428575,351.55,low_value,204,2,At Risk,26.41
1578,2026-05-09,1,50.07,50.07,low_value,114,4,Low Value,6.2
1579,2026-03-24,3,58.696666666666665,176.09,low_value,160,2,At Risk,16.89
1580,2026-02-25,3,52.54,157.62,low_value,187,2,At Risk,13.01
1581,2026-03-12,7,77.89571428571428,545.27,at_risk,172,0,Loyal,48.93
1582,2026-03-14,5,80.744,403.71999999999997,at_risk,170,0,Loyal,36.63
1583,2026-07-19,18,123.51555555555554,2223.2799999999997,loyal,43,3,Champions,408.53
1584,2026-04-15,3,73.75,221.25,new,138,2,At Risk,23.98
1585,2026-03-02,2,60.53,121.06,low_value,182,4,Low Value,10.28
1586,2026-03-06,9,124.59666666666665,1121.37,at_risk,178,0,Loyal,97.33
1587,2026-04-04,10,73.556,735.56,new,149,0,Loyal,75.01
1588,2026-07-09,13,99.52076923076923,1293.77,loyal,53,3,Champions,224.88
1589,2026-05-27,11,91.60181818181819,1007.62,loyal,96,0,Loyal,137.93
1590,2026-06-26,9,102.18777777777777,919.6899999999999,loyal,66,0,Loyal,148.72
1591,2026-08-14,20,167.998,3359.96,champion,17,3,Champions,713.34
1592,2026-04-16,2,44.345,88.69,low_value,137,4,Low Value,9.67
1593,2026-03-24,5,114.702,573.51,at_risk,160,0,Loyal,55.01
1594,2026-05-15,9,49.91555555555556,449.24,low_value,108,2,At Risk,57.53
1595,2026-02-01,1,37.9,37.9,low_value,211,4,Low Value,2.74
1596,2026-04-13,9,95.82222222222222,862.4,loyal,140,0,Loyal,92.45
1597,2026-08-01,9,130.29222222222222,1172.63,loyal,30,3,Champions,231.61
1598,2025-09-25,1,17.95,17.95,low_value,340,4,Low Value,0.63
1599,2026-07-26,10,115.814,1158.1399999999999,loyal,36,3,Champions,221.25
1600,2026-03-08,1,59.75,59.75,low_value,176,4,Low Value,5.24
1601,2026-05-03,8,123.50375,988.03,loyal,120,0,Loyal,118.36
1602,2026-02-19,4,47.505,190.02,low_value,193,2,At Risk,15.17
1603,2025-11-27,3,37.82333333333333,113.47,low_value,277,4,Low Value,5.68
1604,2026-08-02,7,100.58857142857143,704.12,loyal,29,1,Potential Loyalists,139.85
1605,2026-08-01,19,104.67947368421052,1988.9099999999999,loyal,30,3,Champions,392.83
1606,2026-03-23,3,32.44,97.32,low_value,161,4,Low Value,9.28
1607,2026-04-20,11,96.45454545454545,1061.0,loyal,133,0,Loyal,118.25
1608,2025-11-11,7,86.96857142857142,608.78,at_risk,293,0,Loyal,27.89
1609,2026-06-03,6,90.31,541.86,at_risk,89,0,Loyal,77.11
1610,2026-08-05,18,94.33166666666666,1697.97,loyal,26,3,Champions,342.91
1611,2025-09-04,4,45.87,183.48,low_value,361,2,At Risk,5.76
1612,2025-08-09,1,20.38,20.38,low_value,387,4,Low Value,0.55
1613,2026-06-18,7,91.86857142857143,643.08,at_risk,74,0,Loyal,99.47
1614,2026-06-09,5,60.14,300.7,low_value,83,2,At Risk,44.24
1615,2026-05-05,13,127.40307692307692,1656.24,loyal,118,0,Loyal,200.63
1616,2026-07-31,28,182.96607142857144,5123.05,champion,31,3,Champions,1006.26
1617,2026-07-10,5,88.15,440.75,new,52,1,Potential Loyalists,77.04
1618,2026-06-16,3,38.04666666666666,114.13999999999999,low_value,76,2,At Risk,17.46
1619,2026-08-29,14,206.11357142857145,2885.59,champion,2,3,Champions,665.86
1620,2026-07-05,14,106.15214285714286,1486.13,loyal,57,3,Champions,252.64
1621,2026-06-23,6,82.91666666666667,497.5,new,69,1,Potential Loyalists,79.12
1622,2026-02-02,8,43.9725,351.78,low_value,210,2,At Risk,25.56
1623,2026-08-02,15,118.878,1783.17,loyal,29,3,Champions,354.16
1624,2026-05-13,8,88.3075,706.46,at_risk,110,0,Loyal,89.47
1625,2026-01-19,5,41.989999999999995,209.95,low_value,224,2,At Risk,14.11
1626,2026-07-26,6,108.24666666666667,649.48,at_risk,36,1,Potential Loyalists,124.07
1627,2026-06-02,12,109.22333333333334,1310.68,loyal,90,0,Loyal,185.49
1628,2026-03-18,13,111.38307692307693,1447.98,loyal,166,0,Loyal,134.35
1629,2026-03-29,11,109.88272727272728,1208.71,at_risk,155,0,Loyal,119.21
1630,2026-07-12,5,94.862,474.31,new,50,1,Potential Loyalists,83.83
1631,2025-10-27,2,19.44,38.88,low_value,308,4,Low Value,1.64
1632,2026-07-31,14,78.52499999999999,1099.35,new,31,3,Champions,215.93
1633,2025-03-24,1,25.72,25.72,low_value,525,4,Low Value,0.32
1634,2026-04-03,2,57.11,114.22,low_value,150,4,Low Value,11.58
1635,2026-03-17,4,107.9925,431.97,at_risk,167,0,Loyal,39.86
1636,2026-03-27,5,111.7,558.5,at_risk,157,0,Loyal,54.48
1637,2026-02-26,1,62.79,62.79,low_value,186,4,Low Value,5.21
1638,2026-06-17,12,109.10333333333334,1309.24,loyal,75,0,Loyal,201.39
1639,2026-04-27,5,43.804,219.02,low_value,126,2,At Risk,25.38
1640,2026-08-12,4,51.1425,204.57,low_value,19,1,Potential Loyalists,42.95
1641,2026-08-09,9,115.92,1043.28,loyal,22,3,Champions,215.43
1642,2026-05-18,2,44.535,89.07,new,105,4,Low Value,11.6
1643,2026-08-18,11,114.49000000000001,1259.39,loyal,13,3,Champions,273.38
1644,2026-07-28,9,121.79444444444445,1096.15,loyal,34,3,Champions,211.75
1645,2026-02-16,9,77.38444444444445,696.46,new,196,0,Loyal,54.7
1646,2026-06-24,7,99.63714285714286,697.46,loyal,68,0,Loyal,111.54
1647,2026-05-07,5,29.55,147.75,low_value,116,2,At Risk,18.1
1648,2026-05-10,4,40.8425,163.37,low_value,113,2,At Risk,20.35
1649,2025-11-12,5,41.517999999999994,207.58999999999997,low_value,292,2,At Risk,9.56
1650,2026-04-11,12,107.70583333333333,1292.47,loyal,142,0,Loyal,137.02
1651,2026-06-05,14,109.26928571428572,1529.77,loyal,87,0,Loyal,220.14
1652,2026-06-24,13,114.04461538461538,1482.58,loyal,68,0,Loyal,237.1
1653,2026-06-03,15,104.27533333333334,1564.13,loyal,89,0,Loyal,222.59
1654,2026-08-05,5,33.124,165.62,low_value,26,1,Potential Loyalists,33.45
1655,2026-02-07,6,82.215,493.29,at_risk,205,0,Loyal,36.85
1656,2026-07-28,14,104.755,1466.57,loyal,34,3,Champions,283.3
1657,2025-09-05,2,60.22,120.44,low_value,360,4,Low Value,3.8
1658,2025-11-08,2,82.63,165.26,at_risk,296,4,Low Value,7.45
1659,2026-06-30,18,189.3322222222222,3407.98,champion,62,3,Champions,563.49
1660,2026-02-14,14,112.52428571428571,1575.34,loyal,198,0,Loyal,122.36
1661,2026-05-29,3,92.51333333333334,277.54,new,94,0,Loyal,38.42
1662,2025-09-12,6,57.955000000000005,347.73,low_value,353,2,At Risk,11.42
1663,2026-06-11,9,106.62111111111112,959.59,loyal,81,0,Loyal,142.77
1664,2025-11-10,3,30.96666666666667,92.9,low_value,294,4,Low Value,4.23
1665,2026-05-05,5,44.044,220.22,low_value,118,2,At Risk,26.68
1666,2025-10-20,2,38.295,76.59,low_value,315,4,Low Value,3.11
1667,2026-05-11,5,114.292,571.46,loyal,112,0,Loyal,71.57
1668,2026-08-13,22,182.60363636363638,4017.28,champion,18,3,Champions,848.16
1669,2025-12-20,3,51.70666666666667,155.12,low_value,254,4,Low Value,8.83
1670,2026-06-21,5,127.43800000000002,637.19,at_risk,71,0,Loyal,100.22
1671,2026-07-20,4,65.50999999999999,262.03999999999996,new,42,1,Potential Loyalists,48.42
1672,2025-12-09,4,61.6725,246.69,low_value,265,2,At Risk,13.21
1673,2026-07-12,13,99.3423076923077,1291.45,loyal,50,3,Champions,228.25
1674,2026-02-02,1,43.0,43.0,low_value,210,4,Low Value,3.12
1675,2026-03-11,2,40.985,81.97,low_value,173,4,Low Value,7.32
1676,2026-01-08,5,33.432,167.16,low_value,235,2,At Risk,10.57
1677,2026-06-01,8,105.005,840.04,at_risk,91,0,Loyal,118.23
1678,2025-12-13,1,41.93,41.93,low_value,261,4,Low Value,2.29
1679,2025-12-07,3,91.37666666666667,274.13,new,267,2,At Risk,14.51
1680,2026-03-08,4,37.5425,150.17,low_value,176,2,At Risk,13.18
1681,2025-04-26,1,23.76,23.76,low_value,492,4,Low Value,0.36
1682,2026-04-14,1,44.39,44.39,low_value,139,4,Low Value,4.79
1683,2026-04-28,13,106.33,1382.29,loyal,125,0,Loyal,161.06
1684,2026-07-26,11,114.36181818181818,1257.98,loyal,36,3,Champions,240.32
1685,2026-07-23,9,106.35444444444445,957.19,loyal,39,1,Potential Loyalists,179.84
1686,2026-05-30,4,57.1975,228.79,new,93,2,At Risk,31.84
1687,2025-12-03,6,71.39833333333333,428.39,new,271,2,At Risk,22.18
1688,2026-07-20,4,83.85249999999999,335.40999999999997,new,42,1,Potential Loyalists,61.98
1689,2026-04-04,8,83.3575,666.86,at_risk,149,0,Loyal,68.0
1690,2025-06-07,1,65.37,65.37,low_value,450,4,Low Value,1.25
1691,2026-07-24,3,54.31,162.93,low_value,38,1,Potential Loyalists,30.78
1692,2026-03-01,9,108.60555555555555,977.45,loyal,183,0,Loyal,82.52
1693,2026-03-21,4,61.545,246.18,low_value,163,2,At Risk,23.22
1694,2026-06-08,2,44.825,89.65,low_value,84,4,Low Value,13.12
1695,2026-04-29,6,72.05,432.3,new,124,0,Loyal,50.65
1696,2026-05-22,11,115.61,1271.71,loyal,101,0,Loyal,169.31
1697,2026-02-09,5,36.166,180.82999999999998,low_value,203,2,At Risk,13.66
1698,2026-01-07,1,10.0,10.0,low_value,236,4,Low Value,0.63
1699,2025-11-11,1,50.49,50.49,low_value,293,4,Low Value,2.31
1700,2026-05-11,6,40.56166666666667,243.37,low_value,112,2,At Risk,30.48
1701,2026-06-29,6,47.06,282.36,low_value,63,2,At Risk,46.43
1702,2026-04-13,8,98.37125,786.97,at_risk,140,0,Loyal,84.36
1703,2026-07-12,9,71.12777777777778,640.15,new,50,1,Potential Loyalists,113.14
1704,2026-05-10,6,77.33166666666666,463.99,new,113,0,Loyal,57.79
1705,2026-01-23,4,46.545,186.18,low_value,220,2,At Risk,12.8
1706,2026-07-19,13,102.15076923076923,1327.96,loyal,43,3,Champions,244.01
1707,2026-06-16,7,102.03571428571429,714.25,at_risk,76,0,Loyal,109.26
1708,2026-01-17,2,48.685,97.37,low_value,226,4,Low Value,6.47
1709,2026-05-09,8,106.48625,851.89,loyal,114,0,Loyal,105.51
1710,2026-03-29,6,42.21,253.26,low_value,155,2,At Risk,24.98
1711,2026-05-01,5,87.276,436.38,at_risk,122,0,Loyal,51.7
1712,2025-12-08,3,51.98333333333333,155.95,low_value,266,4,Low Value,8.3
1713,2025-12-14,5,46.614,233.07,low_value,260,2,At Risk,12.83
1714,2026-03-01,5,92.048,460.24,at_risk,183,0,Loyal,38.85
1715,2026-01-10,2,30.82,61.64,low_value,233,4,Low Value,3.94
1716,2026-04-21,10,93.71799999999999,937.18,at_risk,132,0,Loyal,105.03
1717,2025-08-15,3,68.58666666666666,205.76,new,381,4,Low Value,5.78
1718,2026-03-30,1,46.05,46.05,low_value,154,4,Low Value,4.57
1719,2025-12-30,3,48.72666666666667,146.18,low_value,244,4,Low Value,8.79
1720,2026-08-07,24,194.24166666666667,4661.8,champion,24,3,Champions,951.97
1721,2026-04-08,7,123.22,862.54,loyal,145,0,Loyal,89.93
1722,2026-03-22,2,42.72,85.44,low_value,162,4,Low Value,8.11
1723,2026-08-07,3,82.38333333333334,247.15,new,24,1,Potential Loyalists,50.47
1724,2026-08-01,9,60.19111111111111,541.72,new,30,1,Potential Loyalists,107.0
1725,2026-08-15,17,190.26823529411763,3234.56,champion,16,3,Champions,690.54
1726,2026-06-21,7,96.62714285714286,676.39,at_risk,71,0,Loyal,106.38
1727,2026-04-28,6,42.00666666666667,252.04,low_value,125,2,At Risk,29.37
1728,2026-08-24,19,173.89631578947368,3304.0299999999997,champion,7,3,Champions,741.53
1729,2026-01-21,7,91.15714285714286,638.1,at_risk,222,0,Loyal,43.37
1730,2026-06-05,7,35.89714285714286,251.28,low_value,87,2,At Risk,36.16
1731,2026-08-16,18,177.37833333333333,3192.81,champion,15,3,Champions,685.42
1732,2026-07-04,6,44.68166666666667,268.09000000000003,low_value,58,2,At Risk,45.32
1733,2026-08-21,14,95.73785714285714,1340.33,loyal,10,3,Champions,295.84
1734,2025-05-08,1,79.93,79.93,low_value,480,4,Low Value,1.3
1735,2026-01-03,3,46.27666666666667,138.83,low_value,240,4,Low Value,8.54
1736,2026-02-03,3,38.193333333333335,114.58,low_value,209,4,Low Value,8.37
1737,2026-08-10,8,114.31375,914.51,loyal,21,3,Champions,189.89
1738,2026-04-03,7,79.72285714285715,558.0600000000001,new,150,0,Loyal,56.59
1739,2026-03-07,4,43.9575,175.83,low_value,177,2,At Risk,15.35
1740,2026-08-22,13,120.21230769230769,1562.76,loyal,9,3,Champions,346.86
1741,2026-07-30,13,110.41846153846154,1435.44,loyal,32,3,Champions,280.38
1742,2026-08-07,19,172.5936842105263,3279.2799999999997,champion,24,3,Champions,669.65
1743,2026-05-16,3,45.92666666666667,137.78,low_value,107,2,At Risk,17.74
1744,2026-04-04,6,50.675000000000004,304.05,low_value,149,2,At Risk,31.0
1745,2026-06-08,5,62.09400000000001,310.47,new,84,2,At Risk,45.43
1746,2026-04-10,7,48.701428571428565,340.90999999999997,low_value,143,2,At Risk,35.94
1747,2025-12-08,6,65.46666666666667,392.8,new,266,2,At Risk,20.91
1748,2026-06-17,6,81.09833333333333,486.59,new,75,0,Loyal,74.85
1749,2026-06-30,10,105.549,1055.49,at_risk,62,0,Loyal,174.52
1750,2026-03-11,11,59.92,659.12,new,173,0,Loyal,58.82
1751,2026-07-22,10,105.22,1052.2,loyal,40,3,Champions,196.59
1752,2026-02-07,2,42.65,85.3,low_value,205,4,Low Value,6.37
1753,2026-04-01,5,23.898,119.49,low_value,152,2,At Risk,11.98
1754,2026-03-28,5,68.126,340.63,at_risk,156,2,At Risk,33.41
1755,2026-08-14,11,59.42090909090909,653.63,new,17,1,Potential Loyalists,138.77
1756,2026-07-08,12,109.315,1311.78,loyal,54,3,Champions,226.75
1757,2026-01-08,3,53.833333333333336,161.5,low_value,235,4,Low Value,10.21
1758,2025-12-24,5,43.812,219.06,low_value,250,2,At Risk,12.75
1759,2025-12-28,3,40.4,121.2,low_value,246,4,Low Value,7.21
1760,2026-03-29,7,99.7242857142857,698.0699999999999,at_risk,155,0,Loyal,68.85
1761,2026-06-30,17,111.96764705882353,1903.45,loyal,62,3,Champions,314.72
1762,2026-07-09,10,104.34400000000001,1043.44,loyal,53,0,Loyal,181.37
1763,2026-07-19,12,95.62666666666667,1147.52,loyal,43,3,Champions,210.86
1764,2026-06-15,12,92.53333333333335,1110.4,loyal,77,0,Loyal,168.92
1765,2026-08-19,24,179.68541666666667,4312.45,champion,12,3,Champions,941.34
1766,2026-04-17,5,47.584,237.92000000000002,low_value,136,2,At Risk,26.08
1767,2026-07-14,17,185.0311764705882,3145.5299999999997,champion,48,3,Champions,562.16
1768,2026-05-30,7,114.81714285714285,803.72,loyal,93,0,Loyal,111.87
1769,2026-06-12,3,61.123333333333335,183.37,low_value,80,2,At Risk,27.43
1770,2026-07-08,4,90.885,363.54,new,54,1,Potential Loyalists,62.84
1771,2026-01-09,4,53.73,214.92,low_value,234,2,At Risk,13.67
1772,2026-05-22,5,65.452,327.26,new,101,2,At Risk,43.57
1773,2026-03-23,4,49.400000000000006,197.60000000000002,low_value,161,2,At Risk,18.85
1774,2026-07-02,4,95.4575,381.83,new,60,1,Potential Loyalists,63.84
1775,2026-01-19,2,62.805,125.61,new,224,4,Low Value,8.44
1776,2025-10-31,3,58.23,174.69,low_value,304,4,Low Value,7.53
1777,2026-02-19,4,100.475,401.9,at_risk,193,0,Loyal,32.09
1778,2026-04-09,6,135.13,810.78,at_risk,144,0,Loyal,85.0
1779,2026-06-30,12,73.13916666666667,877.67,new,62,0,Loyal,145.12
1780,2025-12-06,3,110.39333333333333,331.18,loyal,268,0,Loyal,17.44
1781,2025-05-21,2,73.695,147.39,low_value,467,4,Low Value,2.57
1782,2026-08-02,12,105.685,1268.22,loyal,29,3,Champions,251.88
1783,2026-06-07,11,106.00818181818181,1166.09,loyal,85,0,Loyal,169.68
1784,2026-06-27,7,105.87714285714286,741.14,loyal,65,0,Loyal,120.52
1785,2025-08-08,4,48.7525,195.01,low_value,388,2,At Risk,5.27
1786,2026-08-04,8,80.27875,642.23,at_risk,27,1,Potential Loyalists,128.98
1787,2026-04-12,3,46.833333333333336,140.5,low_value,141,2,At Risk,14.98
1788,2025-08-08,1,46.38,46.38,low_value,388,4,Low Value,1.25
1789,2026-08-10,17,192.6929411764706,3275.78,champion,21,3,Champions,680.18
1790,2026-01-10,2,54.05,108.1,low_value,233,4,Low Value,6.91
1791,2026-07-18,6,73.55166666666666,441.31,at_risk,44,1,Potential Loyalists,80.64
1792,2026-05-26,10,127.779,1277.79,loyal,97,0,Loyal,173.94
1793,2025-06-26,1,82.97,82.97,low_value,431,4,Low Value,1.77
1794,2025-11-27,3,59.06999999999999,177.20999999999998,low_value,277,4,Low Value,8.87
1795,2026-06-28,17,114.41764705882352,1945.1,loyal,64,3,Champions,318.06
1796,2026-06-25,6,69.755,418.53,new,67,1,Potential Loyalists,67.31
1797,2026-05-09,12,116.38333333333333,1396.6,loyal,114,0,Loyal,172.98
1798,2026-06-26,6,60.843333333333334,365.06,new,66,1,Potential Loyalists,59.03
1799,2025-11-21,1,85.28,85.28,new,283,4,Low Value,4.13
1800,2026-07-16,5,51.696000000000005,258.48,new,46,1,Potential Loyalists,46.71
1801,2026-07-14,3,76.52,229.56,new,48,1,Potential Loyalists,41.03
1802,2026-07-28,13,112.0276923076923,1456.36,loyal,34,3,Champions,281.33
1803,2026-02-21,1,73.86,73.86,low_value,191,4,Low Value,5.96
1804,2026-02-02,5,31.474,157.37,low_value,210,2,At Risk,11.43
1805,2025-10-30,2,33.42,66.84,low_value,305,4,Low Value,2.87
1806,2026-08-17,21,185.67761904761906,3899.23,champion,14,3,Champions,841.74
1807,2026-05-10,14,112.01642857142858,1568.23,at_risk,113,0,Loyal,195.32
1808,2026-03-23,6,89.05166666666666,534.31,at_risk,161,0,Loyal,50.97
1809,2026-07-21,24,110.93083333333334,2662.34,loyal,41,3,Champions,494.67
1810,2026-05-23,13,109.77384615384615,1427.06,loyal,100,0,Loyal,191.05
1811,2026-02-12,7,112.91857142857144,790.4300000000001,at_risk,200,0,Loyal,60.71
1812,2026-08-12,4,40.94,163.76,low_value,19,1,Potential Loyalists,34.38
1813,2026-08-02,8,115.87625,927.01,loyal,29,3,Champions,184.12
1814,2026-01-03,5,34.856,174.28,low_value,240,2,At Risk,10.72
1815,2026-07-07,4,83.455,333.82,new,55,1,Potential Loyalists,57.38
1816,2026-06-07,6,33.525,201.15,low_value,85,2,At Risk,29.27
1817,2026-06-28,3,92.93333333333334,278.8,new,64,1,Potential Loyalists,45.59
1818,2026-07-13,4,67.0275,268.11,new,49,1,Potential Loyalists,47.65
1819,2025-12-29,4,57.42,229.68,new,245,2,At Risk,13.74
1820,2026-03-12,5,43.356,216.78,low_value,172,2,At Risk,19.45
1821,2026-06-27,4,79.45750000000001,317.83000000000004,new,65,1,Potential Loyalists,51.68
1822,2026-07-29,5,84.4,422.0,new,33,1,Potential Loyalists,81.97
1823,2026-08-09,5,60.992,304.96,new,22,1,Potential Loyalists,62.97
1824,2026-03-05,4,48.2075,192.83,low_value,179,2,At Risk,16.64
1825,2026-07-09,13,171.68846153846152,2231.95,champion,53,3,Champions,387.96
1826,2026-05-25,4,71.84,287.36,new,98,2,At Risk,38.9
1827,2026-08-02,8,48.948750000000004,391.59000000000003,new,29,1,Potential Loyalists,77.77
1828,2026-07-13,1,27.17,27.17,low_value,49,4,Low Value,4.83
1829,2026-08-07,4,73.445,293.78,new,24,1,Potential Loyalists,59.99
1830,2026-02-12,6,83.89166666666667,503.35,new,200,0,Loyal,38.66
1831,2026-03-22,5,46.094,230.47,low_value,162,2,At Risk,21.86
1832,2026-07-29,10,75.382,753.82,new,33,1,Potential Loyalists,146.43
1833,2026-05-04,17,115.99764705882353,1971.96,loyal,119,0,Loyal,237.55
1834,2026-05-25,12,109.76583333333333,1317.19,loyal,98,0,Loyal,178.31
1835,2026-05-30,9,117.75666666666666,1059.81,loyal,93,0,Loyal,147.51
1836,2026-07-14,19,168.14210526315787,3194.7,champion,48,3,Champions,570.95
1837,2026-03-27,10,62.63099999999999,626.31,at_risk,157,0,Loyal,61.09
1838,2026-02-23,3,62.596666666666664,187.79,low_value,189,2,At Risk,15.33
1839,2026-03-18,3,35.623333333333335,106.87,low_value,166,4,Low Value,9.92
1840,2026-07-05,17,188.58,3205.86,champion,57,3,Champions,545.0
1841,2025-12-07,6,80.21166666666667,481.27000000000004,new,267,0,Loyal,25.48
1842,2026-06-23,11,117.27636363636363,1290.04,loyal,69,0,Loyal,205.16
1843,2025-08-15,4,44.585,178.34,low_value,381,2,At Risk,5.01
1844,2026-04-09,15,118.84266666666667,1782.64,loyal,144,0,Loyal,186.9
1845,2026-07-09,7,68.73,481.11,new,53,1,Potential Loyalists,83.63
1846,2026-04-25,4,105.795,423.18,at_risk,128,0,Loyal,48.49
1847,2026-08-03,11,75.61454545454545,831.76,new,28,1,Potential Loyalists,166.12
1848,2026-04-24,7,81.40285714285714,569.82,at_risk,129,0,Loyal,64.93
1849,2025-06-02,1,49.63,49.63,low_value,455,4,Low Value,0.92
1850,2026-05-15,10,108.554,1085.54,loyal,108,0,Loyal,139.01
1851,2026-03-25,3,60.663333333333334,181.99,low_value,159,2,At Risk,17.55
1852,2026-03-05,2,42.905,85.81,new,179,4,Low Value,7.41
1853,2026-02-22,8,64.41375000000001,515.3100000000001,low_value,190,2,At Risk,41.84
1854,2026-03-31,3,48.080000000000005,144.24,low_value,153,2,At Risk,14.39
1855,2026-01-03,3,37.07333333333333,111.22,low_value,240,4,Low Value,6.84
1856,2026-06-28,14,99.95857142857143,1399.42,loyal,64,0,Loyal,228.83
1857,2026-07-07,15,108.61066666666666,1629.1599999999999,loyal,55,3,Champions,280.05
1858,2026-08-18,15,109.97266666666668,1649.5900000000001,loyal,13,3,Champions,358.09
1859,2026-05-20,11,109.32454545454544,1202.57,loyal,103,0,Loyal,158.33
1860,2026-07-19,3,56.843333333333334,170.53,new,43,1,Potential Loyalists,31.33
1861,2026-02-09,5,27.951999999999998,139.76,low_value,203,2,At Risk,10.56
1862,2025-07-24,1,15.33,15.33,low_value,403,4,Low Value,0.38
1863,2025-05-13,1,69.51,69.51,new,475,4,Low Value,1.16
1864,2026-07-22,9,64.74,582.66,new,40,1,Potential Loyalists,108.86
1865,2026-03-06,6,51.723333333333336,310.34000000000003,low_value,178,2,At Risk,26.94
1866,2026-04-01,5,32.78,163.9,low_value,152,2,At Risk,16.44
1867,2026-06-08,10,94.012,940.12,loyal,84,0,Loyal,137.56
1868,2026-08-04,8,60.198750000000004,481.59000000000003,new,27,1,Potential Loyalists,96.72
1869,2026-06-17,6,48.73666666666667,292.42,low_value,75,2,At Risk,44.98
1870,2026-06-07,7,104.52428571428571,731.67,at_risk,85,0,Loyal,106.47
1871,2026-06-10,9,109.66333333333334,986.97,at_risk,82,0,Loyal,146.03
1872,2025-06-11,2,53.28,106.56,low_value,446,4,Low Value,2.09
1873,2025-12-31,4,37.6275,150.51,low_value,243,2,At Risk,9.1
1874,2026-05-04,5,35.902,179.51,low_value,119,2,At Risk,21.62
1875,2026-03-30,5,52.604,263.02,low_value,154,2,At Risk,26.09
1876,2026-07-26,8,115.64375,925.15,loyal,36,1,Potential Loyalists,176.74
1877,2026-04-22,9,115.66222222222223,1040.96,at_risk,131,0,Loyal,117.31
1878,2026-04-19,6,57.254999999999995,343.53,new,134,2,At Risk,38.07
1879,2026-06-23,9,74.35333333333334,669.1800000000001,new,69,0,Loyal,106.42
1880,2026-05-08,5,67.738,338.69,new,115,2,At Risk,41.72
1881,2026-07-01,7,56.25428571428572,393.78000000000003,new,61,1,Potential Loyalists,65.47
1882,2026-04-06,8,119.58500000000001,956.6800000000001,at_risk,147,0,Loyal,98.64
1883,2025-11-17,4,41.0275,164.11,low_value,287,2,At Risk,7.77
1884,2026-02-17,5,104.886,524.43,at_risk,195,0,Loyal,41.42
1885,2026-04-03,10,103.707,1037.07,at_risk,150,0,Loyal,105.17
1886,2026-07-02,13,115.98461538461538,1507.8,loyal,60,3,Champions,252.09
1887,2026-06-07,6,111.56,669.36,loyal,85,0,Loyal,97.4
1888,2025-11-19,4,49.582499999999996,198.32999999999998,low_value,285,2,At Risk,9.5
1889,2026-01-31,5,94.578,472.89,at_risk,212,0,Loyal,33.98
1890,2026-07-23,14,118.53142857142858,1659.44,loyal,39,3,Champions,311.77
1891,2025-06-30,1,85.68,85.68,low_value,427,4,Low Value,1.86
1892,2026-05-21,7,85.5,598.5,new,102,0,Loyal,79.24
1893,2026-07-19,15,193.11,2896.65,champion,43,3,Champions,532.26
1894,2026-01-21,4,107.16499999999999,428.65999999999997,at_risk,222,0,Loyal,29.14
1895,2026-07-10,10,107.223,1072.23,loyal,52,0,Loyal,187.41
1896,2025-08-08,3,41.93333333333333,125.8,low_value,388,4,Low Value,3.4
1897,2026-06-30,8,90.4025,723.22,loyal,62,0,Loyal,119.58
1898,2026-07-10,22,179.20909090909092,3942.6,champion,52,3,Champions,689.12
1899,2026-08-19,20,167.475,3349.5,champion,12,3,Champions,731.15
1900,2026-07-07,6,74.59666666666666,447.58,new,55,1,Potential Loyalists,76.94
1901,2026-08-24,21,177.0504761904762,3718.06,champion,7,3,Champions,834.46
1902,2025-10-15,5,36.768,183.84,low_value,320,2,At Risk,7.25
1903,2026-08-11,14,109.38785714285714,1531.43,loyal,20,3,Champions,319.76
1904,2026-02-19,3,53.29,159.87,new,193,2,At Risk,12.77
1905,2026-07-05,9,94.3288888888889,848.96,at_risk,57,0,Loyal,144.32
1906,2026-05-27,6,74.09666666666666,444.58,at_risk,96,0,Loyal,60.86
1907,2026-08-24,29,185.6396551724138,5383.55,champion,7,3,Champions,1208.25
1908,2026-04-03,6,65.41166666666668,392.47,low_value,150,2,At Risk,39.8
1909,2026-04-03,6,51.305,307.83,low_value,150,2,At Risk,31.22
1910,2026-08-10,29,173.65241379310345,5035.92,champion,21,3,Champions,1045.65
1911,2026-03-09,8,126.72625000000001,1013.8100000000001,loyal,175,0,Loyal,89.48
1912,2026-03-01,4,35.99,143.96,low_value,183,2,At Risk,12.15
1913,2026-06-27,7,73.3157142857143,513.21,new,65,1,Potential Loyalists,83.45
1914,2026-07-21,13,114.22,1484.86,loyal,41,3,Champions,275.89
1915,2026-08-22,14,98.095,1373.33,loyal,9,3,Champions,304.82
1916,2025-12-17,2,59.86,119.72,low_value,257,4,Low Value,6.7
1917,2026-02-10,3,49.343333333333334,148.03,low_value,202,2,At Risk,11.24
1918,2026-07-31,6,81.61166666666666,489.66999999999996,new,31,1,Potential Loyalists,96.18
1919,2025-11-12,3,51.913333333333334,155.74,low_value,292,4,Low Value,7.18
1920,2026-06-25,11,65.81272727272727,723.9399999999999,new,67,0,Loyal,116.42
1921,2026-05-02,13,96.73153846153846,1257.51,at_risk,121,0,Loyal,149.81
1922,2026-05-19,10,73.83,738.3,new,104,0,Loyal,96.67
1923,2025-11-17,7,83.48714285714286,584.41,at_risk,287,0,Loyal,27.68
1924,2026-05-16,10,112.6,1126.0,loyal,107,0,Loyal,144.99
1925,2026-07-08,21,166.27714285714288,3491.82,champion,54,3,Champions,603.59
1926,2026-06-08,4,86.2125,344.85,at_risk,84,0,Loyal,50.46
1927,2026-04-06,1,38.25,38.25,low_value,147,4,Low Value,3.94
1928,2026-07-10,20,180.3585,3607.17,champion,52,3,Champions,630.49
1929,2025-12-10,3,133.40666666666667,400.22,at_risk,264,0,Loyal,21.54
1930,2026-04-18,7,93.77,656.39,new,135,0,Loyal,72.35
1931,2026-02-06,2,62.125,124.25,new,206,4,Low Value,9.23
1932,2025-07-19,1,14.66,14.66,low_value,408,4,Low Value,0.35
1933,2025-11-06,3,46.63666666666666,139.91,low_value,298,4,Low Value,6.23
1934,2026-03-17,5,52.492,262.46,low_value,167,2,At Risk,24.22
1935,2026-07-01,7,118.41142857142857,828.88,loyal,61,0,Loyal,137.81
1936,2026-07-30,7,87.3,611.1,new,32,1,Potential Loyalists,119.37
1937,2025-12-31,4,76.325,305.3,new,243,2,At Risk,18.47
1938,2026-07-09,12,123.62666666666667,1483.52,loyal,53,3,Champions,257.87
1939,2026-08-23,19,186.81526315789472,3549.49,champion,8,3,Champions,792.21
1940,2026-07-24,11,103.56181818181818,1139.18,loyal,38,3,Champions,215.22
1941,2026-04-10,6,59.410000000000004,356.46000000000004,new,143,2,At Risk,37.58
1942,2026-07-06,10,97.535,975.35,at_risk,56,0,Loyal,166.73
1943,2026-06-11,7,112.61142857142856,788.28,loyal,81,0,Loyal,117.28
1944,2026-02-06,6,29.534999999999997,177.20999999999998,low_value,206,2,At Risk,13.17
1945,2025-12-09,4,48.2575,193.03,low_value,265,2,At Risk,10.33
1946,2026-07-12,19,123.24736842105263,2341.7,loyal,50,3,Champions,413.88
1947,2026-03-03,4,54.325,217.3,low_value,181,2,At Risk,18.55
1948,2026-07-22,15,175.97,2639.55,champion,40,3,Champions,493.17
1949,2025-03-23,1,55.58,55.58,low_value,526,4,Low Value,0.7
1950,2025-12-11,4,47.2275,188.91,low_value,263,2,At Risk,10.23
1951,2026-07-07,16,190.236875,3043.79,champion,55,3,Champions,523.23
1952,2025-12-30,4,42.7175,170.87,low_value,244,2,At Risk,10.28
1953,2025-10-10,1,40.74,40.74,low_value,325,4,Low Value,1.56
1954,2026-02-13,5,40.634,203.17000000000002,low_value,199,2,At Risk,15.69
1955,2026-06-01,8,36.03,288.24,low_value,91,2,At Risk,40.57
1956,2026-08-11,6,63.73333333333333,382.4,new,20,1,Potential Loyalists,79.84
1957,2026-08-24,11,196.67363636363635,2163.41,champion,7,3,Champions,485.54
1958,2026-01-07,3,50.546666666666674,151.64000000000001,low_value,236,4,Low Value,9.54
1959,2026-07-12,5,62.54600000000001,312.73,new,50,1,Potential Loyalists,55.27
1960,2026-02-05,7,70.84285714285714,495.9,new,207,0,Loyal,36.64
1961,2026-04-23,6,89.705,538.23,at_risk,130,0,Loyal,60.99
1962,2026-05-01,5,85.80600000000001,429.03000000000003,new,122,0,Loyal,50.83
1963,2026-08-04,16,106.57124999999999,1705.1399999999999,loyal,27,3,Champions,342.45
1964,2026-06-09,4,52.815,211.26,low_value,83,2,At Risk,31.08
1965,2026-07-16,16,182.321875,2917.15,champion,46,3,Champions,527.17
1966,2025-11-20,1,35.84,35.84,low_value,284,4,Low Value,1.73
1967,2026-03-18,6,50.550000000000004,303.3,low_value,166,2,At Risk,28.14
1968,2026-07-31,4,83.88250000000001,335.53000000000003,new,31,1,Potential Loyalists,65.9
1969,2026-08-06,7,73.47142857142856,514.3,new,25,1,Potential Loyalists,104.44
1970,2026-06-27,11,90.45181818181818,994.97,at_risk,65,0,Loyal,161.79
1971,2026-01-16,3,55.98,167.94,low_value,227,2,At Risk,11.1
1972,2025-12-03,4,40.620000000000005,162.48000000000002,low_value,271,2,At Risk,8.41
1973,2026-04-01,11,110.81545454545454,1218.97,at_risk,152,0,Loyal,122.25
1974,2026-07-20,11,94.10454545454546,1035.15,loyal,42,3,Champions,191.27
1975,2026-07-17,13,105.28076923076924,1368.65,loyal,45,3,Champions,248.71
1976,2026-07-26,4,45.957499999999996,183.82999999999998,new,36,1,Potential Loyalists,35.12
1977,2026-05-29,5,41.288,206.44,low_value,94,2,At Risk,28.57
1978,2025-11-10,3,45.15,135.45,low_value,294,4,Low Value,6.17
1979,2026-07-09,15,117.46733333333333,1762.01,loyal,53,3,Champions,306.27
1980,2025-10-25,3,44.07333333333333,132.22,low_value,310,4,Low Value,5.51
1981,2025-12-19,9,102.14333333333333,919.29,at_risk,255,0,Loyal,52.02
1982,2026-05-03,3,49.54333333333333,148.63,low_value,120,2,At Risk,17.81
1983,2026-07-20,6,103.89999999999999,623.4,loyal,42,1,Potential Loyalists,115.19
1984,2026-06-27,5,74.532,372.65999999999997,new,65,1,Potential Loyalists,60.6
1985,2026-01-16,3,46.23,138.69,low_value,227,4,Low Value,9.17
1986,2026-08-21,12,116.41916666666667,1397.03,loyal,10,3,Champions,308.36
1987,2026-02-16,6,43.596666666666664,261.58,low_value,196,2,At Risk,20.54
1988,2026-04-22,6,40.945,245.67000000000002,low_value,131,2,At Risk,27.69
1989,2026-04-11,17,104.80941176470589,1781.76,loyal,142,0,Loyal,188.89
1990,2026-02-10,7,113.07000000000001,791.49,loyal,202,0,Loyal,60.12
1991,2026-03-18,5,63.666,318.33,low_value,166,2,At Risk,29.54
1992,2026-06-15,12,107.14916666666666,1285.79,at_risk,77,0,Loyal,195.6
1993,2026-08-20,17,191.85235294117646,3261.49,champion,11,3,Champions,715.9
1994,2026-04-10,3,70.77,212.31,new,143,2,At Risk,22.38
1995,2025-03-19,1,51.67,51.67,low_value,530,4,Low Value,0.63
1996,2026-06-16,10,132.238,1322.38,loyal,76,0,Loyal,202.29
1997,2026-05-02,8,89.21625,713.73,at_risk,121,0,Loyal,85.03
1998,2026-08-19,4,48.425000000000004,193.70000000000002,low_value,12,1,Potential Loyalists,42.28
1999,2026-06-19,8,76.7625,614.1,new,73,0,Loyal,95.52
2000,2026-05-16,3,36.5,109.5,low_value,107,2,At Risk,14.1
2001,2026-04-18,14,83.37571428571428,1167.26,at_risk,135,0,Loyal,128.65
2002,2026-04-03,3,50.830000000000005,152.49,low_value,150,2,At Risk,15.46
2003,2026-05-29,5,44.884,224.42000000000002,low_value,94,2,At Risk,31.06
2004,2026-07-14,9,118.1211111111111,1063.09,loyal,48,0,Loyal,189.99
2005,2025-12-10,4,32.9225,131.69,low_value,264,2,At Risk,7.09
2006,2026-06-12,5,67.498,337.49,new,80,1,Potential Loyalists,50.49
2007,2026-06-17,5,117.82000000000001,589.1,loyal,75,0,Loyal,90.62
2008,2026-05-26,14,107.23214285714286,1501.25,loyal,97,0,Loyal,204.36
2009,2025-08-19,6,52.67666666666667,316.06,low_value,377,2,At Risk,9.08
2010,2026-08-22,23,186.66739130434783,4293.35,champion,9,3,Champions,952.92
2011,2026-07-17,7,119.00142857142858,833.01,loyal,45,1,Potential Loyalists,151.37
2012,2026-06-16,13,105.75076923076924,1374.76,loyal,76,0,Loyal,210.3
2013,2026-03-29,9,82.0411111111111,738.37,at_risk,155,0,Loyal,72.82
2014,2026-05-19,6,86.5,519.0,at_risk,104,0,Loyal,67.95
2015,2026-07-27,11,77.89181818181818,856.81,new,35,1,Potential Loyalists,164.59
2016,2026-07-28,13,119.26615384615386,1550.46,loyal,34,3,Champions,299.5
2017,2026-08-16,20,167.3455,3346.91,champion,15,3,Champions,718.5
2018,2026-03-21,4,65.155,260.62,new,163,2,At Risk,24.59
2019,2026-04-22,7,107.01857142857143,749.13,at_risk,131,0,Loyal,84.42
2020,2026-01-31,2,31.595,63.19,low_value,212,4,Low Value,4.54
2021,2026-06-09,9,114.11666666666666,1027.05,loyal,83,0,Loyal,151.12
2022,2026-08-10,27,171.7296296296296,4636.7,champion,21,3,Champions,962.76
2023,2026-06-19,8,110.71374999999999,885.7099999999999,loyal,73,0,Loyal,137.76
2024,2026-06-14,4,62.8925,251.57,new,78,2,At Risk,38.06
2025,2026-03-17,9,80.35666666666667,723.21,at_risk,167,0,Loyal,66.73
2026,2026-06-29,2,44.235,88.47,low_value,63,2,At Risk,14.55
2027,2026-05-05,7,91.12285714285714,637.86,at_risk,118,0,Loyal,77.27
2028,2026-05-26,4,66.7475,266.99,new,97,2,At Risk,36.34
2029,2025-11-25,2,79.73,159.46,new,279,4,Low Value,7.9
2030,2026-08-08,13,167.0153846153846,2171.2,champion,23,3,Champions,445.84
2031,2026-05-13,5,65.482,327.41,new,110,2,At Risk,41.46
2032,2026-02-21,11,91.01,1001.11,at_risk,191,0,Loyal,80.84
2033,2026-04-29,8,101.66875,813.35,at_risk,124,0,Loyal,95.3
2034,2026-06-08,14,103.76,1452.64,loyal,84,0,Loyal,212.55
2035,2026-04-03,4,57.125,228.5,low_value,150,2,At Risk,23.17
2036,2025-08-20,2,50.925000000000004,101.85000000000001,low_value,376,4,Low Value,2.94
2037,2026-08-07,20,173.3055,3466.11,champion,24,3,Champions,707.8
2038,2026-05-12,9,75.28444444444445,677.5600000000001,new,111,0,Loyal,85.33
2039,2026-05-09,4,46.8975,187.59,low_value,114,2,At Risk,23.23
2040,2026-08-12,14,105.96642857142857,1483.53,loyal,19,3,Champions,311.48
2041,2025-03-12,1,34.7,34.7,low_value,537,4,Low Value,0.41
2042,2026-05-22,5,81.37,406.85,new,101,0,Loyal,54.17
2043,2026-02-28,2,34.425,68.85,low_value,184,4,Low Value,5.78
2044,2025-11-07,2,35.925,71.85,low_value,297,4,Low Value,3.22
2045,2026-07-27,21,176.71952380952382,3711.11,champion,35,3,Champions,712.91
2046,2026-02-10,6,83.03,498.18,at_risk,202,0,Loyal,37.84
2047,2026-03-07,6,59.475,356.85,new,177,2,At Risk,31.15
2048,2026-07-02,4,121.10249999999999,484.40999999999997,loyal,60,0,Loyal,80.99
2049,2026-03-26,6,106.33833333333332,638.03,at_risk,158,0,Loyal,61.89
2050,2026-05-22,5,42.798,213.99,low_value,101,2,At Risk,28.49
2051,2026-06-15,22,173.52409090909092,3817.53,champion,77,3,Champions,580.73
2052,2026-04-10,7,77.20142857142856,540.41,new,143,0,Loyal,56.97
2053,2025-09-19,4,47.5025,190.01,low_value,346,2,At Risk,6.49
2054,2026-02-03,8,99.8075,798.46,at_risk,209,0,Loyal,58.34
2055,2026-07-29,6,68.52833333333334,411.17,new,33,1,Potential Loyalists,79.87
2056,2025-12-20,6,34.67333333333334,208.04000000000002,low_value,254,2,At Risk,11.84
2057,2026-06-07,4,53.16,212.64,new,85,2,At Risk,30.94
2058,2026-06-17,6,87.58166666666666,525.49,loyal,75,0,Loyal,80.83
2059,2026-06-20,13,178.6169230769231,2322.02,champion,72,3,Champions,363.18
2060,2025-12-11,2,44.58,89.16,low_value,263,4,Low Value,4.83
2061,2026-07-06,19,115.30105263157894,2190.72,loyal,56,3,Champions,374.5
2062,2026-05-25,5,69.51599999999999,347.58,new,98,2,At Risk,47.05
2063,2026-08-12,13,101.88692307692307,1324.53,loyal,19,3,Champions,278.1
2064,2026-06-18,8,77.95,623.6,at_risk,74,0,Loyal,96.46
2065,2026-02-21,3,32.14,96.42,low_value,191,4,Low Value,7.79
2066,2026-08-17,4,85.18,340.72,new,14,1,Potential Loyalists,73.55
2067,2025-12-12,7,57.48571428571428,402.4,low_value,262,2,At Risk,21.9
2068,2026-07-10,14,111.72,1564.08,loyal,52,3,Champions,273.38
2069,2026-06-01,6,60.61333333333334,363.68,new,91,2,At Risk,51.18
2070,2026-04-03,6,53.935,323.61,low_value,150,2,At Risk,32.82
2071,2026-04-04,5,76.672,383.36,at_risk,149,0,Loyal,39.09
2072,2026-07-25,15,115.76866666666666,1736.53,loyal,37,3,Champions,329.9
2073,2025-04-15,1,10.0,10.0,low_value,503,4,Low Value,0.14
2074,2026-06-27,7,113.28857142857143,793.02,at_risk,65,0,Loyal,128.95
2075,2026-07-08,6,78.96166666666667,473.77000000000004,new,54,1,Potential Loyalists,81.89
2076,2025-10-13,3,34.53666666666667,103.61,low_value,322,4,Low Value,4.04
2077,2026-06-12,16,96.608125,1545.73,loyal,80,0,Loyal,231.25
2078,2026-07-27,3,107.70666666666666,323.12,at_risk,35,1,Potential Loyalists,62.07
2079,2026-08-23,26,178.3923076923077,4638.2,champion,8,3,Champions,1035.2
2080,2026-07-13,12,101.18416666666667,1214.21,at_risk,49,3,Champions,215.8
2081,2026-08-24,18,106.51388888888889,1917.25,loyal,7,3,Champions,430.3
2082,2026-03-30,4,43.167500000000004,172.67000000000002,low_value,154,2,At Risk,17.13
2083,2026-07-19,16,94.450625,1511.21,loyal,43,3,Champions,277.69
2084,2025-12-02,2,55.445,110.89,low_value,272,4,Low Value,5.71
2085,2026-08-06,12,109.71083333333333,1316.53,loyal,25,3,Champions,267.36
2086,2026-04-06,7,84.15714285714286,589.1,at_risk,147,0,Loyal,60.74
2087,2026-08-02,5,83.05799999999999,415.28999999999996,at_risk,29,1,Potential Loyalists,82.48
2088,2026-03-11,7,58.00428571428572,406.03000000000003,low_value,173,2,At Risk,36.24
2089,2026-04-29,4,69.8825,279.53,new,124,2,At Risk,32.75
2090,2026-05-17,8,107.2875,858.3,at_risk,106,0,Loyal,111.14
2091,2025-04-28,1,42.71,42.71,low_value,490,4,Low Value,0.66
2092,2026-02-09,5,56.384,281.92,new,203,2,At Risk,21.3
2093,2026-08-06,11,122.55,1348.05,loyal,25,3,Champions,273.76
2094,2025-04-02,1,50.11,50.11,low_value,516,4,Low Value,0.67
2095,2026-06-25,6,67.89333333333333,407.36,at_risk,67,1,Potential Loyalists,65.51
2096,2026-07-14,16,188.17875,3010.86,champion,48,3,Champions,538.09
2097,2026-07-11,9,64.85111111111111,583.66,new,51,1,Potential Loyalists,102.59
2098,2026-06-01,16,102.19875,1635.18,loyal,91,0,Loyal,230.13
2099,2026-08-01,19,101.89368421052632,1935.98,loyal,30,3,Champions,382.38
2100,2026-04-27,6,48.673333333333325,292.03999999999996,low_value,126,2,At Risk,33.84
2101,2026-06-30,20,114.77149999999999,2295.43,loyal,62,3,Champions,379.53
2102,2026-05-31,7,48.300000000000004,338.1,low_value,92,2,At Risk,47.32
2103,2026-06-26,2,57.825,115.65,low_value,66,2,At Risk,18.7
2104,2026-07-28,11,75.31363636363636,828.45,new,34,1,Potential Loyalists,160.03
2105,2026-05-16,4,38.0325,152.13,low_value,107,2,At Risk,19.59
2106,2026-04-14,4,39.2975,157.19,low_value,139,2,At Risk,16.94
2107,2025-12-01,7,44.67,312.69,low_value,273,2,At Risk,16.01
2108,2026-05-20,8,95.87625,767.01,at_risk,103,0,Loyal,100.99
2109,2026-08-07,16,116.13375,1858.14,loyal,24,3,Champions,379.45
2110,2026-02-09,2,68.125,136.25,new,203,4,Low Value,10.29
2111,2026-02-10,7,60.784285714285716,425.49,new,202,2,At Risk,32.32
2112,2026-08-17,14,122.13285714285713,1709.86,loyal,14,3,Champions,369.11
2113,2026-03-15,7,80.86142857142856,566.03,new,169,0,Loyal,51.65
2114,2026-06-21,19,181.99473684210525,3457.9,champion,71,3,Champions,543.86
2115,2026-06-01,5,41.682,208.41,low_value,91,2,At Risk,29.33
2116,2026-07-31,15,101.334,1520.01,loyal,31,3,Champions,298.56
2117,2026-07-19,21,187.56190476190477,3938.8,champion,43,3,Champions,723.76
2118,2026-08-22,21,108.74619047619048,2283.67,loyal,9,3,Champions,506.87
2119,2026-07-20,12,106.13416666666666,1273.61,loyal,42,3,Champions,235.33
2120,2026-08-09,11,99.58727272727273,1095.46,loyal,22,3,Champions,226.2
2121,2026-08-16,28,192.59678571428572,5392.71,champion,15,3,Champions,1157.69
2122,2026-05-26,8,90.1675,721.34,loyal,97,0,Loyal,98.19
2123,2026-07-21,11,117.23545454545454,1289.59,loyal,41,3,Champions,239.61
2124,2026-03-23,10,108.93700000000001,1089.3700000000001,at_risk,161,0,Loyal,103.92
2125,2026-08-10,9,85.35222222222222,768.17,at_risk,21,1,Potential Loyalists,159.5
2126,2026-05-17,6,114.53833333333334,687.23,at_risk,106,0,Loyal,88.99
2127,2026-05-01,6,85.28166666666667,511.69,at_risk,122,0,Loyal,60.62
2128,2026-06-13,15,104.31733333333334,1564.76,loyal,79,0,Loyal,235.41
2129,2026-08-07,18,185.66666666666666,3342.0,champion,24,3,Champions,682.46
2130,2026-06-20,6,106.85833333333333,641.15,loyal,72,0,Loyal,100.28
2131,2026-04-03,5,47.198,235.99,low_value,150,2,At Risk,23.93
2132,2026-02-14,3,47.51,142.53,low_value,198,2,At Risk,11.07
2133,2026-04-04,7,34.70285714285715,242.92000000000002,low_value,149,2,At Risk,24.77
2134,2026-06-24,5,61.632000000000005,308.16,new,68,1,Potential Loyalists,49.28
2135,2026-06-19,9,63.36,570.24,new,73,0,Loyal,88.7
2136,2026-04-12,9,100.80777777777777,907.27,at_risk,141,0,Loyal,96.72
2137,2026-01-08,4,38.7175,154.87,low_value,235,2,At Risk,9.79
2138,2026-06-03,2,61.425,122.85,low_value,89,2,At Risk,17.48
2139,2025-04-30,1,76.33,76.33,low_value,488,4,Low Value,1.18
2140,2026-01-06,3,58.26666666666667,174.8,low_value,237,2,At Risk,10.93
2141,2026-03-07,10,95.994,959.94,at_risk,177,0,Loyal,83.78
2142,2026-07-27,1,44.84,44.84,low_value,35,4,Low Value,8.61
2143,2026-07-29,2,23.9,47.8,low_value,33,2,At Risk,9.29
2144,2026-03-11,7,95.48857142857142,668.42,at_risk,173,0,Loyal,59.65
2145,2026-01-23,2,49.85,99.7,low_value,220,4,Low Value,6.85
2146,2026-08-15,10,109.03899999999999,1090.3899999999999,loyal,16,3,Champions,232.78
2147,2025-11-19,3,63.43333333333334,190.3,low_value,285,4,Low Value,9.12
2148,2025-09-30,5,40.96,204.8,low_value,335,2,At Risk,7.43
2149,2026-05-24,8,111.68625,893.49,loyal,99,0,Loyal,120.28
2150,2026-02-10,5,42.92,214.6,low_value,202,2,At Risk,16.3
2151,2026-08-06,25,164.4204,4110.51,champion,25,3,Champions,834.74
2152,2025-11-03,2,43.055,86.11,low_value,301,4,Low Value,3.77
2153,2025-10-28,2,32.81,65.62,low_value,307,4,Low Value,2.78
2154,2026-07-13,7,64.41428571428571,450.9,new,49,1,Potential Loyalists,80.14
2155,2026-05-08,2,31.494999999999997,62.989999999999995,low_value,115,4,Low Value,7.76
2156,2026-08-04,14,113.63214285714285,1590.85,loyal,27,3,Champions,319.49
2157,2026-06-18,15,119.28333333333333,1789.25,loyal,74,0,Loyal,276.76
2158,2026-06-07,5,71.546,357.73,at_risk,85,1,Potential Loyalists,52.05
2159,2026-07-25,15,191.06466666666668,2865.9700000000003,champion,37,3,Champions,544.47
2160,2026-05-22,9,103.14555555555555,928.31,at_risk,101,0,Loyal,123.59
2161,2026-07-07,13,102.98769230769231,1338.8400000000001,loyal,55,3,Champions,230.15
2162,2026-04-10,5,95.83600000000001,479.18000000000006,at_risk,143,0,Loyal,50.52
2163,2026-05-03,6,89.51333333333334,537.08,at_risk,120,0,Loyal,64.34
2164,2025-10-15,2,25.415,50.83,low_value,320,4,Low Value,2.0
2165,2026-07-18,15,98.80866666666667,1482.13,loyal,44,3,Champions,270.83
2166,2026-07-09,2,42.480000000000004,84.96000000000001,low_value,53,2,At Risk,14.77
2167,2026-03-27,8,112.87375,902.99,at_risk,157,0,Loyal,88.08
2168,2026-05-12,13,92.54307692307692,1203.06,at_risk,111,0,Loyal,151.51
2169,2026-07-22,7,66.87428571428572,468.12,new,40,1,Potential Loyalists,87.46
2170,2026-08-02,6,117.13,702.78,at_risk,29,1,Potential Loyalists,139.58
2171,2026-07-18,7,95.86428571428571,671.05,loyal,44,1,Potential Loyalists,122.62
2172,2026-07-11,6,59.105,354.63,new,51,1,Potential Loyalists,62.33
2173,2026-05-11,8,113.35125,906.81,loyal,112,0,Loyal,113.57
2174,2026-07-14,4,97.9325,391.73,at_risk,48,1,Potential Loyalists,70.01
2175,2026-06-16,6,59.90833333333333,359.45,new,76,1,Potential Loyalists,54.99
2176,2026-03-01,9,102.78,925.02,at_risk,183,0,Loyal,78.09
2177,2026-01-12,3,54.196666666666665,162.59,low_value,231,2,At Risk,10.51
2178,2026-07-11,12,106.16250000000001,1273.95,loyal,51,3,Champions,223.91
2179,2026-04-17,6,41.84,251.04000000000002,low_value,136,2,At Risk,27.52
2180,2026-05-19,3,47.54333333333333,142.63,low_value,104,2,At Risk,18.68
2181,2026-03-30,3,39.10666666666667,117.32000000000001,low_value,154,2,At Risk,11.64
2182,2026-05-20,4,42.655,170.62,low_value,103,2,At Risk,22.46
2183,2026-07-12,12,98.71666666666665,1184.6,loyal,50,3,Champions,209.37
2184,2026-03-12,3,92.52,277.56,new,172,2,At Risk,24.91
2185,2026-05-24,15,101.318,1519.77,loyal,99,0,Loyal,204.59
2186,2025-12-12,4,42.72,170.88,low_value,262,2,At Risk,9.3
2187,2026-06-06,5,94.9,474.5,new,86,0,Loyal,68.66
2188,2026-07-28,13,109.74538461538462,1426.69,loyal,34,3,Champions,275.6
2189,2026-03-10,3,41.62333333333333,124.86999999999999,low_value,174,2,At Risk,11.08
2190,2026-05-09,10,98.023,980.23,loyal,114,0,Loyal,121.41
2191,2026-02-06,3,70.75333333333333,212.26,new,206,2,At Risk,15.77
2192,2026-07-14,8,40.77375,326.19,low_value,48,1,Potential Loyalists,58.3
2193,2026-07-27,21,166.49666666666667,3496.43,champion,35,3,Champions,671.67
2194,2026-05-01,8,52.2325,417.86,new,122,2,At Risk,49.51
2195,2026-04-12,3,45.98666666666667,137.96,low_value,141,2,At Risk,14.71
2196,2026-07-25,19,166.42157894736843,3162.01,champion,37,3,Champions,600.71
2197,2025-09-19,5,53.04,265.2,new,346,2,At Risk,9.05
2198,2026-07-06,14,114.31857142857143,1600.46,loyal,56,3,Champions,273.59
2199,2026-05-06,5,59.726,298.63,low_value,117,2,At Risk,36.38
2200,2026-07-14,14,116.37714285714286,1629.28,loyal,48,3,Champions,291.18
2201,2026-03-08,5,46.014,230.07000000000002,low_value,176,2,At Risk,20.19
2202,2025-11-20,3,45.223333333333336,135.67000000000002,low_value,284,4,Low Value,6.53
2203,2026-06-30,15,94.718,1420.77,loyal,62,0,Loyal,234.91
2204,2025-12-19,9,99.20777777777778,892.87,at_risk,255,0,Loyal,50.53
2205,2026-08-23,7,63.17857142857143,442.25,new,8,1,Potential Loyalists,98.71
2206,2025-08-29,2,34.53,69.06,low_value,367,4,Low Value,2.1
2207,2026-07-29,10,78.727,787.27,at_risk,33,1,Potential Loyalists,152.93
2208,2026-06-30,7,98.89428571428572,692.26,loyal,62,0,Loyal,114.46
2209,2026-05-17,12,112.43166666666666,1349.1799999999998,loyal,106,0,Loyal,174.7
2210,2026-02-09,5,41.988,209.94,low_value,203,2,At Risk,15.86
2211,2026-07-04,7,72.94857142857143,510.64,new,58,1,Potential Loyalists,86.33
2212,2026-02-18,3,52.43666666666667,157.31,low_value,194,2,At Risk,12.49
2213,2026-03-27,2,78.175,156.35,new,157,4,Low Value,15.25
2214,2025-10-26,3,32.300000000000004,96.9,low_value,309,4,Low Value,4.06
2215,2026-07-13,13,110.22461538461539,1432.92,loyal,49,3,Champions,254.67
2216,2026-06-17,7,102.42428571428572,716.97,loyal,75,0,Loyal,110.29
2217,2025-07-04,2,50.56,101.12,low_value,423,4,Low Value,2.25
2218,2026-08-08,4,52.2875,209.15,low_value,23,1,Potential Loyalists,42.95
2219,2026-07-26,9,77.08888888888889,693.8,at_risk,36,1,Potential Loyalists,132.54
2220,2025-08-19,5,118.734,593.67,at_risk,377,0,Loyal,17.06
2221,2026-06-27,3,72.35333333333334,217.06,new,65,1,Potential Loyalists,35.3
2222,2026-03-09,6,111.59666666666668,669.58,at_risk,175,0,Loyal,59.09
2223,2026-08-11,18,117.3722222222222,2112.7,loyal,20,3,Champions,441.12
2224,2026-02-13,3,51.60666666666666,154.82,low_value,199,2,At Risk,11.96
2225,2026-07-13,7,111.80714285714285,782.65,loyal,49,0,Loyal,139.1
2226,2026-02-11,4,49.095,196.38,low_value,201,2,At Risk,15.0
2227,2026-08-11,17,181.99529411764706,3093.92,champion,20,3,Champions,646.0
2228,2026-08-27,30,189.667,5690.01,champion,4,3,Champions,1298.49
2229,2026-03-05,4,55.2575,221.03,low_value,179,2,At Risk,19.08
2230,2026-03-12,6,99.97666666666667,599.86,at_risk,172,0,Loyal,53.83
2231,2026-02-17,5,40.392,201.96,low_value,195,2,At Risk,15.95
2232,2026-08-06,11,114.37545454545453,1258.1299999999999,loyal,25,3,Champions,255.5
2233,2026-02-17,4,35.06,140.24,low_value,195,2,At Risk,11.08
2234,2026-03-06,1,14.06,14.06,low_value,178,4,Low Value,1.22
2235,2026-01-18,8,47.911249999999995,383.28999999999996,low_value,225,2,At Risk,25.62
2236,2026-07-04,11,102.65727272727273,1129.23,loyal,58,0,Loyal,190.91
2237,2026-05-25,10,92.56,925.6,at_risk,98,0,Loyal,125.3
2238,2026-07-06,15,99.994,1499.91,at_risk,56,3,Champions,256.41
2239,2026-04-26,11,66.57090909090908,732.28,new,127,0,Loyal,84.38
2240,2026-06-02,4,145.23499999999999,580.9399999999999,loyal,90,0,Loyal,82.22
2241,2026-08-11,19,180.99,3438.81,champion,20,3,Champions,718.01
2242,2026-04-21,7,93.61142857142856,655.28,at_risk,132,0,Loyal,73.44
2243,2026-07-14,16,125.825625,2013.21,loyal,48,3,Champions,359.79
2244,2026-03-12,6,104.455,626.73,at_risk,172,0,Loyal,56.24
2245,2026-07-16,10,104.52000000000001,1045.2,loyal,46,0,Loyal,188.88
2246,2026-07-01,16,111.549375,1784.79,loyal,61,3,Champions,296.75
2247,2026-07-13,2,69.58500000000001,139.17000000000002,new,49,1,Potential Loyalists,24.73
2248,2026-01-20,5,82.522,412.61,at_risk,223,0,Loyal,27.89
2249,2026-01-20,4,122.83500000000001,491.34000000000003,at_risk,223,0,Loyal,33.21
2250,2026-08-06,9,63.50888888888889,571.58,new,25,1,Potential Loyalists,116.07
2251,2026-05-27,8,49.29625,394.37,low_value,96,2,At Risk,53.98
2252,2026-07-06,7,92.45714285714287,647.2,at_risk,56,1,Potential Loyalists,110.64
2253,2026-06-28,9,79.43,714.87,new,64,0,Loyal,116.89
2254,2026-02-07,6,46.81166666666667,280.87,low_value,205,2,At Risk,20.98
2255,2026-07-28,7,78.11142857142856,546.78,new,34,1,Potential Loyalists,105.62
2256,2026-07-08,6,45.34166666666667,272.05,low_value,54,1,Potential Loyalists,47.03
2257,2026-02-10,2,41.019999999999996,82.03999999999999,low_value,202,4,Low Value,6.23
2258,2026-08-05,17,179.01588235294116,3043.27,champion,26,3,Champions,614.59
2259,2026-05-11,9,98.1,882.9,at_risk,112,0,Loyal,110.58
2260,2025-08-26,2,47.480000000000004,94.96000000000001,low_value,370,4,Low Value,2.84
2261,2026-04-16,2,41.405,82.81,low_value,137,4,Low Value,9.03
2262,2026-06-22,9,71.24111111111111,641.17,new,70,0,Loyal,101.4
2263,2026-08-07,16,102.590625,1641.45,loyal,24,3,Champions,335.2
2264,2026-07-14,9,74.06333333333333,666.5699999999999,new,48,1,Potential Loyalists,119.13
2265,2026-07-09,7,113.24857142857142,792.74,loyal,53,0,Loyal,137.79
2266,2026-03-10,1,20.61,20.61,low_value,174,4,Low Value,1.83
2267,2026-03-24,7,60.221428571428575,421.55,new,160,2,At Risk,40.44
2268,2026-04-21,4,54.785000000000004,219.14000000000001,low_value,132,2,At Risk,24.56
2269,2026-02-26,3,32.26,96.78,low_value,186,4,Low Value,8.04
2270,2026-05-26,5,77.596,387.98,new,97,0,Loyal,52.81
2271,2026-02-15,4,76.9025,307.61,new,197,2,At Risk,24.03
2272,2026-01-25,5,39.918,199.59,low_value,218,2,At Risk,13.87
2273,2026-01-13,3,42.74333333333334,128.23000000000002,low_value,230,4,Low Value,8.34
2274,2025-12-01,3,42.17333333333334,126.52000000000001,low_value,273,4,Low Value,6.48
2275,2026-07-30,21,187.33523809523808,3934.04,champion,32,3,Champions,768.44
2276,2026-08-02,5,75.284,376.42,new,29,1,Potential Loyalists,74.76
2277,2026-07-22,11,115.19363636363637,1267.13,loyal,40,3,Champions,236.75
2278,2026-01-30,4,47.3275,189.31,low_value,213,2,At Risk,13.53
2279,2026-06-04,6,76.79666666666667,460.78000000000003,new,88,0,Loyal,65.94
2280,2026-04-30,8,99.67875,797.43,at_risk,123,0,Loyal,93.95
2281,2026-07-31,6,112.08,672.48,loyal,31,1,Potential Loyalists,132.09
2282,2026-06-04,13,102.88000000000001,1337.44,at_risk,88,0,Loyal,191.39
2283,2026-03-29,5,42.263999999999996,211.32,low_value,155,2,At Risk,20.84
2284,2026-08-01,17,113.51764705882353,1929.8,loyal,30,3,Champions,381.16
2285,2026-07-12,18,105.99388888888888,1907.8899999999999,loyal,50,3,Champions,337.2
2286,2025-12-12,4,45.1025,180.41,low_value,262,2,At Risk,9.82
2287,2026-01-24,2,41.205,82.41,low_value,219,4,Low Value,5.7
2288,2026-08-19,10,98.473,984.73,loyal,12,3,Champions,214.95
2289,2026-08-08,15,108.68066666666667,1630.21,loyal,23,3,Champions,334.76
2290,2026-01-26,2,46.665,93.33,low_value,217,4,Low Value,6.52
2291,2026-04-11,2,45.05,90.1,low_value,142,4,Low Value,9.55
2292,2026-06-12,3,82.74,248.22,new,80,1,Potential Loyalists,37.14
2293,2026-03-05,13,79.68615384615386,1035.92,at_risk,179,0,Loyal,89.42
2294,2026-07-23,17,95.77411764705883,1628.16,loyal,39,3,Champions,305.9
2295,2026-08-09,22,170.06545454545454,3741.44,champion,22,3,Champions,772.57
2296,2025-10-29,2,50.785,101.57,low_value,306,4,Low Value,4.33
2297,2026-08-15,22,171.28863636363636,3768.35,champion,16,3,Champions,804.5
2298,2026-08-18,27,170.35407407407408,4599.56,champion,13,3,Champions,998.45
2299,2026-02-08,3,40.13,120.39,low_value,204,4,Low Value,9.04
2300,2025-05-16,1,37.18,37.18,low_value,472,4,Low Value,0.63
2301,2025-11-10,3,41.699999999999996,125.1,low_value,294,4,Low Value,5.7
2302,2026-07-29,4,68.5175,274.07,new,33,1,Potential Loyalists,53.24
2303,2026-07-24,8,65.91875,527.35,new,38,1,Potential Loyalists,99.63
2304,2026-06-30,10,100.95400000000001,1009.5400000000001,at_risk,62,0,Loyal,166.92
2305,2026-06-20,4,100.7575,403.03,at_risk,72,0,Loyal,63.04
2306,2025-03-14,1,38.07,38.07,new,535,4,Low Value,0.45
2307,2026-03-03,9,87.11888888888888,784.0699999999999,at_risk,181,0,Loyal,66.93
2308,2026-05-11,5,70.862,354.31,new,112,2,At Risk,44.37
2309,2026-03-07,3,38.14333333333334,114.43,low_value,177,4,Low Value,9.99
2310,2025-08-26,2,29.205,58.41,low_value,370,4,Low Value,1.74
2311,2026-08-29,22,187.74772727272727,4130.45,champion,2,3,Champions,953.12
2312,2026-05-01,8,66.5025,532.02,at_risk,122,0,Loyal,63.03
2313,2026-08-02,11,109.65818181818182,1206.24,loyal,29,3,Champions,239.57
2314,2026-07-21,6,106.55499999999999,639.3299999999999,at_risk,41,1,Potential Loyalists,118.79
2315,2026-06-30,13,98.30307692307693,1277.94,loyal,62,0,Loyal,211.3
2316,2026-07-24,6,96.86500000000001,581.19,loyal,38,1,Potential Loyalists,109.8
2317,2026-05-24,2,31.96,63.92,low_value,99,4,Low Value,8.61
2318,2026-01-09,6,80.20333333333333,481.22,new,234,0,Loyal,30.6
2319,2026-01-07,6,47.185,283.11,low_value,236,2,At Risk,17.8
2320,2026-08-10,21,177.10666666666668,3719.2400000000002,champion,21,3,Champions,772.26
2321,2026-08-14,23,179.32652173913044,4124.51,champion,17,3,Champions,875.65
2322,2025-12-06,8,109.80875,878.47,at_risk,268,0,Loyal,46.25
2323,2026-06-25,7,93.96285714285715,657.74,loyal,67,0,Loyal,105.77
2324,2026-07-31,16,104.3625,1669.8,loyal,31,3,Champions,327.98
2325,2026-04-18,4,44.64,178.56,low_value,135,2,At Risk,19.68
2326,2026-08-10,14,119.50571428571428,1673.08,loyal,21,3,Champions,347.4
2327,2026-06-19,10,107.51399999999998,1075.1399999999999,loyal,73,0,Loyal,167.23
2328,2026-07-07,3,67.33666666666666,202.01,new,55,1,Potential Loyalists,34.73
2329,2026-02-11,5,69.176,345.88,new,201,2,At Risk,26.42
2330,2026-07-20,6,81.405,488.43,new,42,1,Potential Loyalists,90.25
2331,2026-01-17,8,97.24,777.92,at_risk,226,0,Loyal,51.72
2332,2026-05-30,4,52.905,211.62,low_value,93,2,At Risk,29.45
2333,2026-07-27,6,127.07166666666667,762.4300000000001,loyal,35,1,Potential Loyalists,146.46
2334,2026-07-08,7,95.75142857142858,670.26,at_risk,54,1,Potential Loyalists,115.86
2335,2025-03-31,1,31.87,31.87,low_value,518,4,Low Value,0.42
2336,2025-10-11,2,76.99000000000001,153.98000000000002,low_value,324,4,Low Value,5.94
2337,2026-04-05,12,76.51583333333333,918.19,at_risk,148,0,Loyal,94.15
2338,2026-05-17,3,60.13666666666668,180.41000000000003,new,106,2,At Risk,23.36
2339,2026-08-06,24,173.12041666666667,4154.89,champion,25,3,Champions,843.76
2340,2026-08-12,15,111.74466666666667,1676.17,loyal,19,3,Champions,351.93
2341,2026-08-04,21,182.10333333333332,3824.17,champion,27,3,Champions,768.02
2342,2025-10-27,4,35.36,141.44,low_value,308,2,At Risk,5.96
2343,2026-07-26,12,98.09916666666668,1177.19,loyal,36,3,Champions,224.89
2344,2026-02-02,3,67.62666666666667,202.88,low_value,210,2,At Risk,14.74
2345,2026-07-09,31,181.38225806451615,5622.85,champion,53,3,Champions,977.37
2346,2026-01-05,3,32.60666666666666,97.82,low_value,238,4,Low Value,6.08
2347,2026-01-09,2,25.31,50.62,low_value,234,4,Low Value,3.22
2348,2026-08-08,11,98.78454545454547,1086.63,loyal,23,3,Champions,223.13
2349,2026-06-30,21,190.18857142857144,3993.96,champion,62,3,Champions,660.37
2350,2026-08-17,14,167.87357142857144,2350.23,champion,14,3,Champions,507.35
2351,2026-06-23,5,60.222,301.11,low_value,69,1,Potential Loyalists,47.89
2352,2026-07-16,9,113.8411111111111,1024.57,loyal,46,0,Loyal,185.15
2353,2026-04-26,3,67.13333333333334,201.4,new,127,2,At Risk,23.21
2354,2026-04-08,5,87.47,437.35,at_risk,145,0,Loyal,45.6
2355,2026-04-14,5,41.15,205.75,low_value,139,2,At Risk,22.18
2356,2026-07-31,10,77.14099999999999,771.41,new,31,1,Potential Loyalists,151.52
2357,2026-07-06,1,40.38,40.38,new,56,4,Low Value,6.9
2358,2026-01-06,3,40.153333333333336,120.46000000000001,low_value,237,4,Low Value,7.53
2359,2026-07-25,14,104.145,1458.03,loyal,37,3,Champions,276.99
2360,2026-01-13,6,51.6,309.6,low_value,230,2,At Risk,20.13
2361,2026-07-22,19,173.1221052631579,3289.32,champion,40,3,Champions,614.57
2362,2026-08-06,6,60.60999999999999,363.65999999999997,new,25,1,Potential Loyalists,73.85
2363,2026-04-06,1,35.39,35.39,low_value,147,4,Low Value,3.65
2364,2026-04-02,4,58.585,234.34,low_value,151,2,At Risk,23.63
2365,2025-07-26,2,52.105000000000004,104.21000000000001,low_value,401,4,Low Value,2.62
2366,2026-04-19,10,105.397,1053.97,loyal,134,0,Loyal,116.81
2367,2026-02-20,3,61.836666666666666,185.51,at_risk,192,2,At Risk,14.9
2368,2026-05-26,11,94.48636363636363,1039.35,at_risk,97,0,Loyal,141.48
2369,2026-06-28,5,69.57000000000001,347.85,new,64,1,Potential Loyalists,56.88
2370,2026-06-15,7,73.87,517.09,new,77,0,Loyal,78.66
2371,2026-06-07,9,88.39111111111112,795.52,at_risk,85,0,Loyal,115.76
2372,2026-04-15,6,78.55,471.3,at_risk,138,0,Loyal,51.09
2373,2026-07-17,13,106.33615384615383,1382.37,loyal,45,3,Champions,251.2
2374,2026-02-21,2,84.155,168.31,at_risk,191,4,Low Value,13.59
2375,2026-08-03,12,107.06833333333333,1284.82,loyal,28,3,Champions,256.6
2376,2026-04-18,2,38.915,77.83,low_value,135,4,Low Value,8.58
2377,2026-07-25,10,81.0,810.0,new,37,1,Potential Loyalists,153.88
2378,2026-07-04,9,123.28222222222222,1109.54,loyal,58,0,Loyal,187.58
2379,2025-05-05,1,46.48,46.48,low_value,483,4,Low Value,0.74
2380,2025-11-06,3,51.196666666666665,153.59,low_value,298,4,Low Value,6.84
2381,2026-06-22,9,109.67888888888889,987.11,loyal,70,0,Loyal,156.12
2382,2026-07-24,12,114.82249999999999,1377.87,loyal,38,3,Champions,260.32
2383,2026-07-23,19,158.95000000000002,3020.05,champion,39,3,Champions,567.41
2384,2026-08-14,32,181.4378125,5806.01,champion,17,3,Champions,1232.64
2385,2026-02-20,4,41.325,165.3,low_value,192,2,At Risk,13.27
2386,2025-05-07,1,57.5,57.5,low_value,481,4,Low Value,0.93
2387,2026-07-28,25,157.9228,3948.07,champion,34,3,Champions,762.66
2388,2025-12-26,1,49.43,49.43,low_value,248,4,Low Value,2.91
2389,2026-05-14,14,179.61999999999998,2514.68,champion,109,0,Loyal,320.24
2390,2026-05-05,6,54.99333333333333,329.96,new,118,2,At Risk,39.97
2391,2026-02-09,5,42.184000000000005,210.92000000000002,low_value,203,2,At Risk,15.93
2392,2026-04-30,8,112.11375,896.91,at_risk,123,0,Loyal,105.67
2393,2026-08-19,21,178.49666666666667,3748.4300000000003,champion,12,3,Champions,818.23
2394,2026-05-07,13,74.26692307692308,965.47,new,116,0,Loyal,118.26
2395,2025-11-24,3,49.99666666666667,149.99,low_value,280,4,Low Value,7.39
2396,2026-08-08,15,111.78533333333333,1676.78,loyal,23,3,Champions,344.32
2397,2026-08-07,10,109.91600000000001,1099.16,loyal,24,3,Champions,224.46
2398,2026-07-14,20,112.949,2258.98,loyal,48,3,Champions,403.72
2399,2026-03-12,2,114.69,229.38,new,172,0,Loyal,20.58
2400,2026-04-10,5,81.244,406.22,new,143,0,Loyal,42.83
2401,2026-04-05,3,56.39666666666667,169.19,low_value,148,2,At Risk,17.35
2402,2025-12-05,6,48.005,288.03000000000003,low_value,269,2,At Risk,15.08
2403,2026-04-01,3,49.75666666666666,149.26999999999998,low_value,152,2,At Risk,14.97
2404,2025-11-07,1,36.92,36.92,low_value,297,4,Low Value,1.65
2405,2026-07-30,15,105.708,1585.62,loyal,32,3,Champions,309.72
2406,2026-04-18,4,54.825,219.3,new,135,2,At Risk,24.17
2407,2026-01-26,8,111.7825,894.26,loyal,217,0,Loyal,62.5
2408,2026-01-28,5,116.974,584.87,at_risk,215,0,Loyal,41.33
2409,2026-04-10,4,39.2775,157.11,low_value,143,2,At Risk,16.56
2410,2026-06-01,11,53.00909090909091,583.1,low_value,91,0,Loyal,82.07
2411,2026-04-06,3,32.98666666666667,98.96000000000001,low_value,147,4,Low Value,10.2
2412,2026-08-18,7,75.91428571428571,531.4,at_risk,13,1,Potential Loyalists,115.35
2413,2026-03-19,7,91.32000000000001,639.24,new,165,0,Loyal,59.64
2414,2026-05-28,4,67.7175,270.87,new,95,2,At Risk,37.28
2415,2026-06-14,12,120.105,1441.26,loyal,78,0,Loyal,218.03
2416,2026-06-24,12,105.21166666666666,1262.54,loyal,68,0,Loyal,201.91
2417,2026-08-14,7,73.73714285714286,516.16,new,17,1,Potential Loyalists,109.58
2418,2026-08-02,26,181.6973076923077,4724.13,champion,29,3,Champions,938.27
2419,2026-04-13,2,62.725,125.45,low_value,140,4,Low Value,13.45
2420,2026-06-12,15,114.56,1718.4,loyal,80,0,Loyal,257.09
2421,2026-08-06,8,118.20125,945.61,loyal,25,3,Champions,192.03
2422,2026-03-28,4,32.4275,129.71,low_value,156,2,At Risk,12.72
2423,2026-07-08,8,100.545,804.36,loyal,54,0,Loyal,139.04
2424,2026-02-04,3,51.16,153.48,low_value,208,2,At Risk,11.28
2425,2026-01-06,4,62.3575,249.43,low_value,237,2,At Risk,15.6
2426,2026-06-29,26,172.20192307692307,4477.25,champion,63,3,Champions,736.18
2427,2026-03-30,6,37.95333333333333,227.72,low_value,154,2,At Risk,22.58
2428,2026-05-29,5,81.744,408.72,new,94,0,Loyal,56.57
2429,2026-02-05,4,43.945,175.78,low_value,207,2,At Risk,12.99
2430,2026-04-07,3,38.07333333333333,114.22,low_value,146,2,At Risk,11.84
2431,2026-04-20,2,58.09,116.18,low_value,133,4,Low Value,12.95
2432,2026-06-18,5,73.35,366.75,new,74,1,Potential Loyalists,56.73
2433,2026-07-19,8,68.4975,547.98,at_risk,43,1,Potential Loyalists,100.69
2434,2026-04-07,7,37.37,261.59,low_value,146,2,At Risk,27.12
2435,2026-02-12,2,42.31,84.62,low_value,200,4,Low Value,6.5
2436,2026-06-16,10,76.437,764.37,new,76,0,Loyal,116.93
2437,2026-01-24,5,40.434,202.17,low_value,219,2,At Risk,13.97
2438,2026-04-20,9,91.5411111111111,823.87,at_risk,133,0,Loyal,91.82
2439,2026-02-06,1,47.69,47.69,low_value,206,4,Low Value,3.54
2440,2026-02-09,4,48.25,193.0,low_value,203,2,At Risk,14.58
2441,2026-08-28,15,113.958,1709.37,loyal,3,3,Champions,392.26
2442,2026-08-10,15,114.988,1724.82,loyal,21,3,Champions,358.14
2443,2026-05-15,8,74.72125,597.77,new,108,0,Loyal,76.55
2444,2026-07-21,6,57.55166666666667,345.31,new,41,1,Potential Loyalists,64.16
2445,2026-06-04,7,71.50571428571429,500.54,new,88,0,Loyal,71.63
2446,2026-07-27,25,177.52880000000002,4438.22,champion,35,3,Champions,852.59
2447,2026-08-11,7,102.02142857142857,714.15,at_risk,20,1,Potential Loyalists,149.11
2448,2026-02-27,4,54.1325,216.53,new,185,2,At Risk,18.08
2449,2026-06-27,7,73.94428571428571,517.61,new,65,1,Potential Loyalists,84.17
2450,2026-03-15,2,42.09,84.18,low_value,169,4,Low Value,7.68
2451,2025-12-24,3,25.623333333333335,76.87,low_value,250,4,Low Value,4.47
2452,2026-03-26,9,67.35222222222222,606.17,new,158,0,Loyal,58.8
2453,2025-12-25,3,55.74,167.22,low_value,249,4,Low Value,9.78
2454,2026-08-24,3,62.919999999999995,188.76,new,7,1,Potential Loyalists,42.36
2455,2026-06-19,6,60.75666666666667,364.54,new,73,1,Potential Loyalists,56.7
2456,2026-08-18,6,58.46,350.76,new,13,1,Potential Loyalists,76.14
2457,2026-08-15,12,116.30250000000001,1395.63,loyal,16,3,Champions,297.95
2458,2026-08-04,13,122.13461538461539,1587.75,loyal,27,3,Champions,318.87
2459,2026-06-22,1,86.08,86.08,new,70,4,Low Value,13.61
2460,2025-04-17,1,10.0,10.0,low_value,501,4,Low Value,0.14
2461,2026-05-08,4,44.8825,179.53,low_value,115,2,At Risk,22.11
2462,2026-07-13,12,105.88916666666667,1270.67,loyal,49,3,Champions,225.83
2463,2026-05-25,7,79.7242857142857,558.0699999999999,new,98,0,Loyal,75.55
2464,2026-07-07,10,111.144,1111.44,loyal,55,0,Loyal,191.06
2465,2026-08-10,5,44.828,224.14000000000001,low_value,21,1,Potential Loyalists,46.54
2466,2026-06-01,5,53.053999999999995,265.27,low_value,91,2,At Risk,37.33
2467,2026-07-06,6,70.765,424.59000000000003,new,56,1,Potential Loyalists,72.58
2468,2026-08-25,11,70.06727272727272,770.74,new,6,1,Potential Loyalists,173.94
2469,2026-04-16,6,118.82166666666667,712.9300000000001,at_risk,137,0,Loyal,77.71
2470,2026-07-10,7,96.40714285714286,674.85,at_risk,52,1,Potential Loyalists,117.96
2471,2025-12-31,4,33.3675,133.47,low_value,243,2,At Risk,8.07
2472,2026-07-10,4,39.345,157.38,low_value,52,2,At Risk,27.51
2473,2026-06-25,12,70.33916666666666,844.0699999999999,new,67,0,Loyal,135.74
2474,2026-02-20,9,96.62333333333333,869.61,at_risk,192,0,Loyal,69.83
2475,2026-08-17,22,172.32090909090908,3791.06,champion,14,3,Champions,818.39
2476,2026-08-15,14,114.78428571428572,1606.98,loyal,16,3,Champions,343.07
2477,2026-07-10,20,111.277,2225.54,loyal,52,3,Champions,389.0
2478,2026-01-23,7,55.39714285714285,387.78,at_risk,220,2,At Risk,26.65
2479,2026-03-20,5,34.891999999999996,174.45999999999998,low_value,164,2,At Risk,16.37
2480,2026-05-01,5,59.184000000000005,295.92,new,122,2,At Risk,35.06
2481,2026-08-01,15,116.75933333333333,1751.3899999999999,loyal,30,3,Champions,345.92
2482,2026-02-20,10,110.174,1101.74,loyal,192,0,Loyal,88.47
2483,2025-11-29,6,113.265,679.59,at_risk,275,0,Loyal,34.41
2484,2025-11-04,3,60.78666666666667,182.36,low_value,300,4,Low Value,8.04
2485,2026-07-22,9,100.98777777777778,908.89,at_risk,40,1,Potential Loyalists,169.82
2486,2026-07-09,5,28.407999999999998,142.04,low_value,53,2,At Risk,24.69
2487,2025-11-09,2,45.14,90.28,low_value,295,4,Low Value,4.09
2488,2026-07-20,11,128.03181818181818,1408.35,loyal,42,3,Champions,260.23
2489,2026-06-30,9,74.85444444444445,673.69,new,62,0,Loyal,111.39
2490,2026-04-26,4,48.6125,194.45,low_value,127,2,At Risk,22.41
2491,2025-12-25,6,97.05333333333333,582.3199999999999,at_risk,249,0,Loyal,34.07
2492,2026-07-24,19,182.5357894736842,3468.18,champion,38,3,Champions,655.23
2493,2025-11-26,1,49.21,49.21,low_value,278,4,Low Value,2.45
2494,2026-05-23,2,36.620000000000005,73.24000000000001,low_value,100,4,Low Value,9.81
2495,2026-01-30,3,79.52999999999999,238.58999999999997,new,213,2,At Risk,17.05
2496,2026-08-09,6,69.51666666666667,417.1,new,22,1,Potential Loyalists,86.13
2497,2026-08-16,11,106.78636363636365,1174.65,loyal,15,3,Champions,252.17
2498,2026-02-16,3,56.06333333333333,168.19,low_value,196,2,At Risk,13.21
2499,2026-08-21,7,60.66142857142857,424.63,new,10,1,Potential Loyalists,93.73
