customer_id,archetype_true,order_date,order_value
0,low_value,2025-03-30,61.38
1,at_risk,2026-07-14,70.4
1,at_risk,2026-06-06,67.91
1,at_risk,2026-05-12,79.58
1,at_risk,2026-03-30,141.29
1,at_risk,2026-02-16,118.17
1,at_risk,2026-01-25,95.56
1,at_risk,2025-08-07,78.86
1,at_risk,2025-05-31,79.84
2,low_value,2026-06-30,42.99
2,low_value,2026-05-08,42.71
2,low_value,2026-04-22,47.14
2,low_value,2025-10-01,61.96
2,low_value,2025-06-26,72.55
2,low_value,2025-04-24,44.95
2,low_value,2025-03-31,61.31
3,low_value,2025-10-08,89.21
3,low_value,2025-10-05,42.56
4,loyal,2026-07-29,91.96
4,loyal,2026-07-25,161.2
4,loyal,2026-06-12,116.49
4,loyal,2026-04-09,134.15
4,loyal,2026-04-04,113.71
4,loyal,2026-03-31,92.4
4,loyal,2026-03-28,110.33
4,loyal,2026-02-24,153.08
4,loyal,2025-12-13,126.66
4,loyal,2025-11-16,58.66
4,loyal,2025-10-02,103.54
4,loyal,2025-09-26,163.47
4,loyal,2025-09-25,103.59
4,loyal,2025-08-25,55.99
4,loyal,2025-08-24,166.79
4,loyal,2025-08-17,130.47
4,loyal,2025-07-20,107.9
4,loyal,2025-06-14,98.86
4,loyal,2025-05-15,142.47
4,loyal,2025-03-14,93.74
5,low_value,2026-01-29,57.29
5,low_value,2025-10-28,57.62
5,low_value,2025-07-11,54.6
5,low_value,2025-06-02,53.15
5,low_value,2025-04-19,38.59
6,low_value,2026-06-22,85.41
6,low_value,2026-05-31,10.3
7,low_value,2026-04-25,52.18
7,low_value,2026-03-04,45.92
7,low_value,2026-01-24,71.56
7,low_value,2025-11-24,78.65
7,low_value,2025-10-23,67.67
7,low_value,2025-05-21,26.17
8,loyal,2026-06-30,107.8
8,loyal,2026-06-19,121.44
8,loyal,2026-03-30,85.53
8,loyal,2026-03-06,81.09
8,loyal,2026-02-07,147.99
8,loyal,2026-02-05,151.17
8,loyal,2025-11-21,80.27
8,loyal,2025-10-05,139.04
8,loyal,2025-08-25,107.39
8,loyal,2025-06-03,120.19
8,loyal,2025-03-14,123.81
9,new,2026-06-12,45.18
9,new,2026-05-04,65.09
9,new,2026-04-12,90.68
9,new,2026-04-01,36.73
9,new,2026-02-25,28.3
9,new,2026-01-15,90.59
9,new,2026-01-14,54.93
9,new,2025-11-03,60.19
9,new,2025-10-19,23.58
9,new,2025-08-17,53.03
9,new,2025-07-10,69.81
9,new,2025-05-31,93.26
9,new,2025-04-24,50.72
10,at_risk,2026-05-22,134.91
10,at_risk,2026-04-03,137.26
10,at_risk,2026-04-01,83.48
10,at_risk,2026-02-21,87.51
10,at_risk,2025-12-24,118.25
10,at_risk,2025-12-20,74.52
10,at_risk,2025-11-05,115.6
10,at_risk,2025-10-24,91.92
10,at_risk,2025-04-03,61.07
11,low_value,2025-08-18,23.85
11,low_value,2025-07-19,10.0
11,low_value,2025-05-22,70.73
11,low_value,2025-03-21,28.46
12,new,2026-03-29,61.32
12,new,2026-02-04,34.28
12,new,2025-08-28,59.44
12,new,2025-06-17,72.97
13,low_value,2026-01-25,58.82
13,low_value,2025-07-22,73.72
14,at_risk,2026-04-22,70.85
14,at_risk,2026-04-03,43.01
14,at_risk,2025-10-27,99.94
14,at_risk,2025-07-05,33.52
14,at_risk,2025-05-26,86.61
14,at_risk,2025-05-18,140.04
15,loyal,2026-07-06,121.8
15,loyal,2026-06-22,84.14
15,loyal,2026-01-16,135.72
15,loyal,2025-11-23,76.64
15,loyal,2025-11-15,135.06
15,loyal,2025-11-15,145.58
15,loyal,2025-10-24,116.33
15,loyal,2025-10-24,104.71
15,loyal,2025-08-29,122.01
15,loyal,2025-08-16,24.15
15,loyal,2025-06-25,119.07
15,loyal,2025-05-18,106.6
15,loyal,2025-05-11,108.48
15,loyal,2025-04-29,131.2
16,new,2026-06-22,74.49
16,new,2026-06-16,55.37
16,new,2026-04-17,60.73
16,new,2026-02-27,47.38
16,new,2026-02-08,65.76
16,new,2025-09-13,116.03
17,champion,2026-08-23,161.21
17,champion,2026-07-27,173.33
17,champion,2026-06-26,209.99
17,champion,2026-04-19,195.66
17,champion,2026-04-02,164.25
17,champion,2026-03-05,115.24
17,champion,2026-03-01,184.56
17,champion,2026-02-20,223.16
17,champion,2025-12-30,132.1
17,champion,2025-12-08,205.55
17,champion,2025-11-15,193.26
17,champion,2025-10-26,210.01
17,champion,2025-10-13,214.88
17,champion,2025-10-07,152.22
17,champion,2025-10-06,115.32
17,champion,2025-09-20,158.66
17,champion,2025-08-29,215.57
17,champion,2025-08-02,158.32
17,champion,2025-07-21,152.24
17,champion,2025-07-12,107.15
17,champion,2025-06-27,250.11
17,champion,2025-05-30,213.03
17,champion,2025-03-11,210.8
18,low_value,2026-07-04,24.78
18,low_value,2026-04-22,75.09
18,low_value,2026-01-16,31.78
18,low_value,2025-09-22,55.02
18,low_value,2025-06-26,66.32
19,new,2026-03-28,97.51
19,new,2025-12-18,86.89
19,new,2025-11-10,84.01
19,new,2025-09-05,63.56
19,new,2025-07-16,84.33
19,new,2025-04-11,53.91
20,low_value,2025-12-22,47.17
20,low_value,2025-09-08,79.52
21,at_risk,2026-02-26,80.28
21,at_risk,2026-01-18,76.32
21,at_risk,2025-04-27,95.25
22,low_value,2026-02-06,60.06
23,low_value,2025-10-15,24.38
23,low_value,2025-04-05,45.18
24,low_value,2026-03-12,54.87
24,low_value,2025-12-10,42.85
24,low_value,2025-08-31,56.09
24,low_value,2025-05-10,49.61
24,low_value,2025-03-22,68.93
25,loyal,2026-07-21,91.38
25,loyal,2026-06-03,133.59
25,loyal,2026-01-25,139.28
25,loyal,2026-01-17,105.35
25,loyal,2025-10-25,152.93
25,loyal,2025-10-11,151.05
25,loyal,2025-10-01,117.3
25,loyal,2025-08-14,85.34
25,loyal,2025-05-17,157.26
25,loyal,2025-04-20,108.17
25,loyal,2025-03-27,113.78
26,new,2026-04-30,84.31
26,new,2025-10-25,23.91
26,new,2025-10-18,53.06
26,new,2025-10-09,43.16
26,new,2025-08-05,22.62
26,new,2025-04-25,72.92
27,champion,2026-08-07,176.24
27,champion,2026-06-30,153.47
27,champion,2026-06-14,153.51
27,champion,2026-06-02,131.58
27,champion,2026-05-30,219.15
27,champion,2026-05-28,183.14
27,champion,2026-05-12,145.49
27,champion,2026-05-07,212.34
27,champion,2026-03-22,157.58
27,champion,2026-03-01,123.74
27,champion,2026-02-23,220.85
27,champion,2026-01-10,158.52
27,champion,2025-12-15,163.64
27,champion,2025-11-19,181.65
27,champion,2025-11-08,225.7
27,champion,2025-09-11,180.8
27,champion,2025-09-03,132.04
27,champion,2025-08-21,201.76
27,champion,2025-07-23,160.6
27,champion,2025-07-06,255.52
27,champion,2025-06-26,179.96
27,champion,2025-06-25,90.6
27,champion,2025-05-15,194.29
27,champion,2025-04-25,257.78
27,champion,2025-04-16,243.04
27,champion,2025-04-02,253.24
28,loyal,2026-05-05,136.96
28,loyal,2026-04-12,134.02
28,loyal,2025-10-23,118.3
28,loyal,2025-09-25,69.49
28,loyal,2025-09-22,100.65
28,loyal,2025-06-23,87.62
28,loyal,2025-06-08,136.09
28,loyal,2025-04-16,145.35
28,loyal,2025-04-14,141.69
29,low_value,2025-09-15,77.85
29,low_value,2025-08-15,70.3
29,low_value,2025-06-22,45.49
30,low_value,2026-05-30,10.0
30,low_value,2026-03-21,10.0
30,low_value,2026-02-04,24.64
30,low_value,2025-12-30,55.62
30,low_value,2025-12-12,47.28
30,low_value,2025-10-01,48.69
31,low_value,2026-02-28,73.2
31,low_value,2026-02-17,31.37
31,low_value,2025-12-25,85.63
31,low_value,2025-12-20,44.35
32,at_risk,2026-07-19,144.78
32,at_risk,2026-06-13,102.37
32,at_risk,2025-11-26,150.51
32,at_risk,2025-11-22,102.77
32,at_risk,2025-09-26,143.43
32,at_risk,2025-09-23,117.43
32,at_risk,2025-09-05,151.96
32,at_risk,2025-06-29,92.93
32,at_risk,2025-06-08,178.66
32,at_risk,2025-05-18,78.01
32,at_risk,2025-05-07,68.17
33,at_risk,2026-08-14,132.11
33,at_risk,2026-08-12,85.54
33,at_risk,2026-02-21,120.89
33,at_risk,2025-09-06,177.59
33,at_risk,2025-05-18,82.64
33,at_risk,2025-04-28,80.26
34,new,2026-07-01,48.98
34,new,2026-05-23,76.82
34,new,2026-05-17,67.5
34,new,2026-04-20,84.3
34,new,2026-04-01,39.26
34,new,2026-03-28,78.93
34,new,2026-02-27,97.29
34,new,2026-01-22,82.17
34,new,2025-09-25,73.48
34,new,2025-04-12,67.6
34,new,2025-04-04,49.13
35,loyal,2026-06-05,136.67
35,loyal,2026-06-01,152.71
35,loyal,2026-05-30,139.88
35,loyal,2026-04-03,81.97
35,loyal,2026-04-01,82.89
35,loyal,2026-03-01,107.73
35,loyal,2025-12-15,96.46
35,loyal,2025-09-22,75.85
35,loyal,2025-09-12,96.75
35,loyal,2025-08-31,95.76
35,loyal,2025-07-15,89.84
35,loyal,2025-06-19,100.53
35,loyal,2025-04-23,145.35
35,loyal,2025-03-12,115.98
36,loyal,2026-08-21,133.12
36,loyal,2026-08-11,148.03
36,loyal,2026-08-09,84.28
36,loyal,2026-07-26,109.73
36,loyal,2026-07-23,58.24
36,loyal,2026-05-29,72.24
36,loyal,2026-04-06,141.44
36,loyal,2026-03-20,96.01
36,loyal,2026-02-08,76.74
36,loyal,2026-01-24,116.88
36,loyal,2025-12-22,94.33
36,loyal,2025-10-14,95.88
36,loyal,2025-09-20,132.18
36,loyal,2025-07-08,75.15
36,loyal,2025-06-11,82.84
36,loyal,2025-03-13,114.62
37,new,2026-03-09,120.33
37,new,2025-10-01,84.78
37,new,2025-09-03,44.6
37,new,2025-06-21,56.94
37,new,2025-03-17,89.53
38,loyal,2026-07-17,117.05
38,loyal,2026-05-08,146.46
38,loyal,2026-03-26,158.48
38,loyal,2025-11-26,133.39
38,loyal,2025-11-18,118.62
38,loyal,2025-09-19,132.46
38,loyal,2025-07-12,90.0
38,loyal,2025-06-13,105.4
38,loyal,2025-06-08,85.28
38,loyal,2025-04-12,72.54
39,low_value,2026-03-06,44.15
39,low_value,2025-09-10,53.26
39,low_value,2025-04-09,30.48
40,at_risk,2026-06-13,132.3
40,at_risk,2026-06-06,113.81
40,at_risk,2025-09-16,164.03
40,at_risk,2025-03-20,88.38
41,low_value,2026-02-11,37.04
41,low_value,2025-06-04,52.45
42,low_value,2026-04-14,39.73
42,low_value,2026-03-11,15.86
42,low_value,2026-01-18,31.04
42,low_value,2025-12-05,43.97
42,low_value,2025-11-13,55.93
42,low_value,2025-08-26,56.1
43,at_risk,2026-06-13,125.21
43,at_risk,2026-03-21,101.2
43,at_risk,2026-03-11,116.95
43,at_risk,2025-12-11,108.3
43,at_risk,2025-09-29,60.45
43,at_risk,2025-06-22,42.57
43,at_risk,2025-05-13,70.08
43,at_risk,2025-03-25,114.77
44,low_value,2025-08-12,30.54
45,low_value,2025-10-22,42.68
45,low_value,2025-05-31,66.17
45,low_value,2025-03-27,18.96
46,at_risk,2026-08-10,119.65
46,at_risk,2026-07-07,59.12
46,at_risk,2026-07-03,130.59
46,at_risk,2026-06-02,111.32
46,at_risk,2026-05-17,48.91
46,at_risk,2026-04-01,137.29
46,at_risk,2025-09-25,173.19
46,at_risk,2025-09-19,130.06
46,at_risk,2025-06-05,144.94
47,loyal,2026-07-15,66.42
47,loyal,2026-07-05,96.53
47,loyal,2026-06-16,155.3
47,loyal,2026-05-23,77.74
47,loyal,2026-05-21,136.09
47,loyal,2026-03-21,95.46
47,loyal,2026-02-17,126.37
47,loyal,2026-02-09,142.92
47,loyal,2025-12-15,132.24
47,loyal,2025-12-01,137.27
47,loyal,2025-11-28,75.45
47,loyal,2025-07-31,143.41
47,loyal,2025-05-15,84.42
47,loyal,2025-04-09,117.79
47,loyal,2025-03-11,117.75
48,low_value,2026-04-27,32.05
48,low_value,2026-04-10,77.89
48,low_value,2026-02-03,27.47
48,low_value,2026-01-12,38.25
48,low_value,2025-10-16,47.15
48,low_value,2025-07-19,23.16
48,low_value,2025-04-03,51.61
49,loyal,2026-06-24,100.21
49,loyal,2026-06-06,104.68
49,loyal,2026-05-27,98.68
49,loyal,2026-05-09,52.5
49,loyal,2025-12-24,76.04
49,loyal,2025-11-26,138.83
49,loyal,2025-08-30,46.7
49,loyal,2025-08-16,87.01
49,loyal,2025-06-26,98.01
49,loyal,2025-06-08,162.31
50,loyal,2026-06-05,103.49
50,loyal,2026-05-08,118.32
50,loyal,2026-03-20,95.16
50,loyal,2026-02-27,126.62
50,loyal,2026-02-25,92.51
50,loyal,2026-02-19,128.61
50,loyal,2026-02-11,123.27
50,loyal,2025-10-11,108.17
50,loyal,2025-10-10,96.76
50,loyal,2025-10-05,114.55
50,loyal,2025-08-18,126.51
50,loyal,2025-08-15,171.85
50,loyal,2025-05-21,138.18
50,loyal,2025-05-20,139.28
51,champion,2026-08-08,115.75
51,champion,2026-06-11,167.47
51,champion,2026-06-09,186.62
51,champion,2026-04-18,211.15
51,champion,2026-04-14,216.4
51,champion,2026-04-03,191.36
51,champion,2026-01-25,203.41
51,champion,2026-01-02,182.57
51,champion,2025-11-19,153.05
51,champion,2025-11-05,169.55
51,champion,2025-09-13,180.76
51,champion,2025-08-25,178.61
51,champion,2025-08-18,104.58
51,champion,2025-07-26,164.1
51,champion,2025-05-29,182.25
51,champion,2025-05-22,168.75
51,champion,2025-05-14,170.13
51,champion,2025-04-18,199.52
51,champion,2025-04-12,136.84
51,champion,2025-04-09,114.88
51,champion,2025-03-29,166.07
51,champion,2025-03-24,210.56
52,low_value,2026-07-03,53.41
52,low_value,2026-02-13,61.51
52,low_value,2025-11-13,28.89
52,low_value,2025-08-27,38.1
52,low_value,2025-05-16,10.0
53,low_value,2026-01-14,24.61
54,low_value,2025-08-31,49.31
55,low_value,2025-04-29,45.6
56,new,2026-08-06,63.05
56,new,2026-08-03,75.65
56,new,2026-05-29,78.12
56,new,2026-03-18,116.96
56,new,2025-09-20,53.28
56,new,2025-07-04,68.16
56,new,2025-03-15,80.65
57,new,2026-05-07,90.62
57,new,2026-01-24,52.17
57,new,2025-12-27,96.3
57,new,2025-12-26,32.11
57,new,2025-10-25,38.81
57,new,2025-08-16,87.74
57,new,2025-06-17,111.78
57,new,2025-06-07,82.34
57,new,2025-04-26,68.99
58,loyal,2026-05-22,110.24
58,loyal,2026-03-31,106.54
58,loyal,2026-02-05,141.93
58,loyal,2026-01-21,80.65
58,loyal,2026-01-10,194.43
58,loyal,2025-12-30,121.26
58,loyal,2025-12-29,121.42
58,loyal,2025-10-12,125.75
58,loyal,2025-10-12,166.31
58,loyal,2025-07-31,133.78
58,loyal,2025-07-15,61.85
58,loyal,2025-07-10,152.1
58,loyal,2025-06-11,99.77
58,loyal,2025-05-23,113.21
58,loyal,2025-04-29,71.62
58,loyal,2025-03-26,125.79
59,loyal,2026-06-15,100.13
59,loyal,2026-01-25,97.36
59,loyal,2025-12-30,139.36
59,loyal,2025-11-21,93.85
59,loyal,2025-11-14,108.87
59,loyal,2025-10-06,62.56
59,loyal,2025-09-29,131.13
59,loyal,2025-08-24,168.23
59,loyal,2025-06-22,131.64
59,loyal,2025-05-31,153.85
59,loyal,2025-05-18,84.62
59,loyal,2025-03-15,117.09
60,low_value,2026-01-04,72.25
60,low_value,2025-12-10,10.0
60,low_value,2025-12-05,73.42
60,low_value,2025-09-06,63.73
60,low_value,2025-03-24,14.09
61,new,2026-07-25,76.64
61,new,2026-03-06,72.24
61,new,2026-02-20,64.07
61,new,2025-11-29,39.69
61,new,2025-10-18,46.12
61,new,2025-06-28,62.95
61,new,2025-06-14,76.04
61,new,2025-06-02,106.02
61,new,2025-05-21,68.96
61,new,2025-03-24,95.09
62,new,2026-07-09,35.15
62,new,2026-04-13,54.36
62,new,2026-03-11,96.89
62,new,2026-02-21,78.92
62,new,2026-01-21,62.39
62,new,2025-12-22,81.16
62,new,2025-07-03,68.5
62,new,2025-06-20,70.31
63,low_value,2026-01-28,13.29
63,low_value,2025-09-15,26.59
64,new,2026-04-02,49.65
64,new,2026-03-17,74.43
64,new,2026-03-13,78.8
64,new,2026-02-23,66.15
64,new,2025-11-19,80.11
64,new,2025-09-21,63.34
64,new,2025-07-28,53.77
64,new,2025-03-29,110.14
65,new,2026-04-02,80.24
65,new,2026-03-26,84.53
65,new,2025-11-26,49.34
65,new,2025-11-10,87.94
65,new,2025-09-13,72.83
65,new,2025-06-21,38.6
66,new,2026-07-03,79.08
66,new,2026-05-01,68.19
66,new,2026-03-02,54.79
66,new,2025-07-13,22.55
66,new,2025-05-16,78.49
67,at_risk,2026-02-08,67.01
67,at_risk,2025-10-18,75.85
67,at_risk,2025-09-30,93.26
67,at_risk,2025-07-25,142.16
67,at_risk,2025-05-30,158.03
67,at_risk,2025-05-11,110.68
68,champion,2026-08-27,124.42
68,champion,2026-07-10,238.33
68,champion,2026-07-08,182.81
68,champion,2026-05-28,212.24
68,champion,2026-05-21,114.09
68,champion,2026-02-22,238.72
68,champion,2026-01-12,211.46
68,champion,2025-12-10,178.44
68,champion,2025-10-13,205.8
68,champion,2025-08-03,149.38
68,champion,2025-07-16,156.82
68,champion,2025-03-16,161.46
69,at_risk,2026-02-07,131.82
69,at_risk,2025-12-30,92.76
69,at_risk,2025-11-12,165.77
69,at_risk,2025-08-03,96.62
69,at_risk,2025-05-31,62.59
69,at_risk,2025-05-01,137.94
70,loyal,2026-05-19,117.12
70,loyal,2026-05-10,69.62
70,loyal,2025-12-26,63.32
70,loyal,2025-12-03,159.94
70,loyal,2025-11-13,107.29
70,loyal,2025-10-18,90.58
70,loyal,2025-10-06,101.78
70,loyal,2025-09-11,65.68
70,loyal,2025-08-23,152.69
70,loyal,2025-07-30,98.21
70,loyal,2025-06-15,151.02
70,loyal,2025-06-10,111.55
70,loyal,2025-05-25,152.89
70,loyal,2025-04-13,117.7
71,at_risk,2026-05-01,109.09
71,at_risk,2026-04-07,79.97
71,at_risk,2025-08-05,106.02
71,at_risk,2025-05-22,89.09
71,at_risk,2025-05-14,39.63
72,low_value,2026-06-09,17.78
72,low_value,2026-06-02,84.47
72,low_value,2026-04-24,24.06
72,low_value,2025-04-18,57.22
73,loyal,2026-04-03,188.79
73,loyal,2026-04-03,150.51
73,loyal,2026-02-27,131.55
73,loyal,2026-02-05,107.43
73,loyal,2026-01-19,51.84
73,loyal,2026-01-04,70.33
73,loyal,2025-12-01,148.48
73,loyal,2025-09-11,86.31
73,loyal,2025-08-30,89.02
73,loyal,2025-08-27,105.03
73,loyal,2025-08-26,78.14
73,loyal,2025-08-17,73.2
73,loyal,2025-06-10,108.49
73,loyal,2025-04-10,83.25
73,loyal,2025-03-30,87.77
74,champion,2026-08-16,148.73
74,champion,2026-08-12,145.57
74,champion,2026-08-08,210.77
74,champion,2026-06-28,197.8
74,champion,2026-06-19,198.21
74,champion,2026-06-12,191.23
74,champion,2026-05-31,181.85
74,champion,2026-03-29,207.86
74,champion,2026-01-13,217.4
74,champion,2025-12-04,216.45
74,champion,2025-11-06,175.97
74,champion,2025-10-28,235.48
74,champion,2025-09-14,189.14
74,champion,2025-09-12,205.3
74,champion,2025-09-10,191.28
74,champion,2025-07-06,189.88
74,champion,2025-06-10,150.57
75,loyal,2026-08-15,128.95
75,loyal,2026-07-05,193.99
75,loyal,2026-06-23,99.0
75,loyal,2026-04-08,60.0
75,loyal,2026-03-30,137.0
75,loyal,2026-03-08,88.19
75,loyal,2026-02-14,148.98
75,loyal,2025-11-14,101.54
75,loyal,2025-11-11,91.05
75,loyal,2025-11-09,104.66
75,loyal,2025-11-04,132.73
75,loyal,2025-09-23,103.18
75,loyal,2025-08-07,95.1
75,loyal,2025-06-25,104.04
75,loyal,2025-04-14,71.84
76,loyal,2026-07-01,123.38
76,loyal,2026-04-16,137.83
76,loyal,2026-03-25,132.51
76,loyal,2026-03-17,96.82
76,loyal,2026-03-15,69.68
76,loyal,2026-01-31,122.61
76,loyal,2026-01-18,126.38
76,loyal,2026-01-01,142.71
76,loyal,2025-12-22,81.91
76,loyal,2025-11-20,82.81
76,loyal,2025-11-08,123.8
76,loyal,2025-10-01,107.86
76,loyal,2025-05-29,53.43
76,loyal,2025-04-11,121.25
77,low_value,2026-02-04,38.41
77,low_value,2025-08-15,45.85
78,new,2026-07-13,43.61
78,new,2026-04-09,90.98
78,new,2026-03-11,68.75
78,new,2025-10-12,62.02
78,new,2025-03-24,51.28
78,new,2025-03-17,64.48
79,low_value,2026-03-14,34.46
79,low_value,2026-02-21,40.09
79,low_value,2025-11-11,67.97
79,low_value,2025-07-03,30.36
79,low_value,2025-05-31,43.74
80,low_value,2026-02-24,49.71
80,low_value,2026-01-13,22.5
80,low_value,2026-01-05,25.65
80,low_value,2025-11-08,87.87
80,low_value,2025-10-26,41.44
80,low_value,2025-04-19,29.5
81,at_risk,2026-04-24,190.88
81,at_risk,2026-01-29,125.32
81,at_risk,2026-01-17,66.62
81,at_risk,2025-12-25,115.69
81,at_risk,2025-11-08,69.03
81,at_risk,2025-10-18,47.62
81,at_risk,2025-08-31,82.81
81,at_risk,2025-08-12,98.2
82,low_value,2025-04-25,36.84
83,loyal,2026-08-03,73.64
83,loyal,2026-07-27,71.64
83,loyal,2026-07-22,122.05
83,loyal,2026-07-02,76.3
83,loyal,2026-06-19,119.59
83,loyal,2026-06-19,70.95
83,loyal,2026-06-18,118.89
83,loyal,2026-05-12,95.34
83,loyal,2026-04-03,152.2
83,loyal,2026-03-12,119.71
83,loyal,2026-02-27,147.07
83,loyal,2026-01-28,87.33
83,loyal,2025-11-18,111.68
83,loyal,2025-10-14,80.57
83,loyal,2025-09-04,97.59
83,loyal,2025-08-21,102.14
83,loyal,2025-04-08,88.22
83,loyal,2025-03-16,73.53
83,loyal,2025-03-16,67.59
84,champion,2026-08-22,277.85
84,champion,2026-08-18,116.2
84,champion,2026-07-23,138.09
84,champion,2026-07-13,138.38
84,champion,2026-06-15,120.13
84,champion,2026-04-30,234.1
84,champion,2026-04-21,276.9
84,champion,2026-04-18,160.97
84,champion,2026-03-06,127.18
84,champion,2026-01-12,90.52
84,champion,2025-12-20,170.24
84,champion,2025-12-17,167.35
84,champion,2025-11-09,153.95
84,champion,2025-09-03,188.86
84,champion,2025-08-07,195.81
84,champion,2025-06-04,192.92
84,champion,2025-05-13,167.36
84,champion,2025-03-21,135.94
84,champion,2025-03-16,206.63
84,champion,2025-03-12,180.5
85,loyal,2026-05-17,142.98
85,loyal,2026-05-02,121.89
85,loyal,2026-03-13,116.26
85,loyal,2026-03-08,145.99
85,loyal,2026-01-17,124.09
85,loyal,2026-01-13,112.04
85,loyal,2025-08-07,154.41
85,loyal,2025-08-01,113.46
85,loyal,2025-05-06,100.87
85,loyal,2025-05-02,84.87
85,loyal,2025-03-21,131.09
86,low_value,2025-09-24,36.85
86,low_value,2025-09-08,45.52
86,low_value,2025-07-13,10.0
86,low_value,2025-06-13,29.8
86,low_value,2025-04-08,64.66
87,new,2026-06-22,53.29
87,new,2026-06-13,77.4
87,new,2026-05-06,77.82
87,new,2026-03-28,63.65
87,new,2025-12-29,88.61
87,new,2025-10-17,89.38
87,new,2025-09-09,78.19
87,new,2025-08-20,63.61
87,new,2025-07-28,61.06
87,new,2025-07-01,35.81
88,loyal,2026-06-30,78.98
88,loyal,2026-04-01,100.85
88,loyal,2026-03-22,89.29
88,loyal,2026-03-13,128.06
88,loyal,2026-02-28,89.64
88,loyal,2026-02-10,140.35
88,loyal,2025-12-19,102.63
88,loyal,2025-08-02,90.51
89,new,2026-03-09,76.41
89,new,2026-03-05,87.17
89,new,2025-12-29,113.07
89,new,2025-12-12,74.27
89,new,2025-10-27,67.17
89,new,2025-10-11,107.72
89,new,2025-09-05,94.19
90,loyal,2026-03-14,104.93
90,loyal,2026-02-17,115.89
90,loyal,2026-02-16,73.27
90,loyal,2026-02-06,96.15
90,loyal,2026-01-29,127.62
90,loyal,2025-11-25,127.85
90,loyal,2025-11-06,88.26
90,loyal,2025-10-24,114.85
90,loyal,2025-10-03,175.97
90,loyal,2025-08-08,109.47
90,loyal,2025-07-05,89.2
90,loyal,2025-05-17,104.79
90,loyal,2025-05-16,112.77
90,loyal,2025-04-04,105.46
90,loyal,2025-03-29,109.06
91,low_value,2026-03-06,52.98
91,low_value,2025-10-31,34.17
91,low_value,2025-10-15,56.44
91,low_value,2025-09-26,52.51
91,low_value,2025-09-12,62.32
92,at_risk,2026-04-12,101.35
92,at_risk,2026-03-31,109.53
92,at_risk,2025-12-11,66.16
92,at_risk,2025-08-18,92.38
93,at_risk,2026-03-01,10.0
93,at_risk,2025-11-05,78.17
93,at_risk,2025-05-01,81.15
93,at_risk,2025-03-27,77.15
94,at_risk,2026-04-17,110.27
94,at_risk,2026-04-13,87.31
94,at_risk,2026-03-06,114.77
94,at_risk,2026-02-04,100.98
94,at_risk,2025-11-20,67.77
94,at_risk,2025-10-16,159.76
94,at_risk,2025-09-20,82.69
94,at_risk,2025-08-28,122.15
94,at_risk,2025-07-08,10.35
94,at_risk,2025-04-02,139.68
94,at_risk,2025-03-13,146.41
95,new,2026-04-06,98.17
95,new,2026-02-04,94.37
95,new,2025-08-12,52.34
95,new,2025-07-11,51.66
96,at_risk,2026-03-07,60.8
96,at_risk,2026-02-07,130.6
96,at_risk,2025-12-20,68.17
96,at_risk,2025-10-10,107.24
96,at_risk,2025-05-25,92.5
97,loyal,2026-07-10,106.51
97,loyal,2026-06-04,58.0
97,loyal,2026-05-16,98.12
97,loyal,2026-01-25,153.64
97,loyal,2026-01-18,121.28
97,loyal,2025-12-16,84.83
97,loyal,2025-12-16,89.44
97,loyal,2025-12-08,93.21
97,loyal,2025-12-03,120.84
97,loyal,2025-11-21,150.15
97,loyal,2025-11-11,141.57
97,loyal,2025-11-07,123.68
97,loyal,2025-10-27,70.05
97,loyal,2025-09-21,70.16
97,loyal,2025-09-16,126.0
97,loyal,2025-09-06,69.64
97,loyal,2025-08-10,103.23
97,loyal,2025-07-28,119.12
97,loyal,2025-07-07,75.87
97,loyal,2025-07-02,79.27
97,loyal,2025-06-19,107.18
97,loyal,2025-06-08,125.11
97,loyal,2025-05-18,141.85
97,loyal,2025-03-20,128.21
98,loyal,2026-07-13,146.14
98,loyal,2026-06-17,112.38
98,loyal,2026-04-17,67.49
98,loyal,2026-03-09,180.67
98,loyal,2026-01-09,109.13
98,loyal,2025-11-17,121.53
98,loyal,2025-08-10,121.99
98,loyal,2025-05-23,98.97
98,loyal,2025-05-20,88.17
98,loyal,2025-05-12,173.65
98,loyal,2025-05-02,140.1
98,loyal,2025-04-10,134.66
99,low_value,2025-08-16,28.14
100,low_value,2026-04-12,39.85
100,low_value,2026-02-07,45.18
100,low_value,2026-01-22,62.75
100,low_value,2025-07-28,67.44
100,low_value,2025-03-12,38.13
101,low_value,2025-11-16,79.38
101,low_value,2025-08-29,37.27
101,low_value,2025-06-14,77.46
101,low_value,2025-06-03,55.85
101,low_value,2025-04-09,110.42
102,loyal,2026-07-18,89.95
102,loyal,2026-06-28,137.15
102,loyal,2026-02-15,144.87
102,loyal,2025-10-23,131.14
102,loyal,2025-07-19,81.17
103,low_value,2026-02-14,57.82
103,low_value,2025-08-28,45.62
103,low_value,2025-05-21,28.03
104,low_value,2026-03-25,29.19
104,low_value,2026-01-09,64.62
104,low_value,2025-09-29,10.25
104,low_value,2025-08-23,67.35
104,low_value,2025-07-26,75.22
104,low_value,2025-07-12,37.61
104,low_value,2025-04-23,50.84
105,low_value,2026-05-20,68.16
105,low_value,2026-03-31,41.32
105,low_value,2025-11-22,19.58
105,low_value,2025-07-17,23.35
106,at_risk,2026-02-11,61.45
106,at_risk,2025-11-03,144.3
106,at_risk,2025-06-30,10.0
106,at_risk,2025-03-31,122.93
107,loyal,2026-05-30,62.78
107,loyal,2026-05-17,84.03
107,loyal,2026-04-20,148.44
107,loyal,2026-03-27,112.24
107,loyal,2026-03-19,123.53
107,loyal,2025-11-09,102.16
107,loyal,2025-10-31,90.22
107,loyal,2025-10-08,160.33
107,loyal,2025-07-30,104.35
107,loyal,2025-07-10,96.7
108,loyal,2026-07-10,38.66
108,loyal,2026-05-14,119.79
108,loyal,2026-01-27,111.14
108,loyal,2026-01-27,111.3
108,loyal,2026-01-25,117.38
108,loyal,2025-12-05,109.14
108,loyal,2025-11-26,108.42
108,loyal,2025-10-27,128.39
108,loyal,2025-09-08,93.74
108,loyal,2025-07-14,81.57
108,loyal,2025-05-14,200.71
108,loyal,2025-04-21,88.52
109,low_value,2026-04-04,65.9
109,low_value,2026-03-10,54.44
110,new,2026-08-09,19.03
110,new,2026-06-10,98.04
110,new,2026-04-05,67.97
110,new,2026-03-15,57.88
110,new,2025-12-28,55.99
110,new,2025-09-01,78.96
110,new,2025-05-15,47.66
111,loyal,2026-07-04,96.56
111,loyal,2026-05-13,168.64
111,loyal,2026-03-30,120.57
111,loyal,2026-02-21,120.17
111,loyal,2026-02-08,98.91
111,loyal,2025-12-30,92.11
111,loyal,2025-12-27,44.41
111,loyal,2025-10-06,139.06
111,loyal,2025-09-01,123.45
111,loyal,2025-08-22,104.63
111,loyal,2025-08-18,105.88
111,loyal,2025-08-06,132.08
111,loyal,2025-07-24,63.36
111,loyal,2025-06-07,92.3
112,at_risk,2026-03-25,101.38
112,at_risk,2026-02-08,139.83
112,at_risk,2026-01-07,57.36
112,at_risk,2025-09-28,62.69
112,at_risk,2025-09-25,54.33
112,at_risk,2025-06-27,103.76
112,at_risk,2025-06-18,97.31
112,at_risk,2025-05-13,78.75
112,at_risk,2025-05-06,59.51
112,at_risk,2025-03-12,50.67
112,at_risk,2025-03-11,93.3
113,new,2026-06-09,88.66
113,new,2026-06-05,51.2
113,new,2026-04-11,65.88
113,new,2025-10-07,48.33
113,new,2025-05-13,100.9
113,new,2025-03-24,77.79
114,loyal,2026-07-26,108.41
114,loyal,2026-04-18,60.34
114,loyal,2026-03-05,125.86
114,loyal,2025-11-02,121.34
114,loyal,2025-10-01,167.24
114,loyal,2025-09-16,135.44
114,loyal,2025-09-09,97.31
114,loyal,2025-08-29,134.54
114,loyal,2025-08-25,68.07
114,loyal,2025-08-03,81.13
114,loyal,2025-07-09,119.99
114,loyal,2025-06-03,45.25
114,loyal,2025-05-25,108.89
114,loyal,2025-03-28,79.39
114,loyal,2025-03-14,113.04
115,low_value,2025-10-30,45.13
115,low_value,2025-08-01,29.63
116,low_value,2025-08-22,32.56
116,low_value,2025-07-27,39.64
117,low_value,2025-08-10,55.77
117,low_value,2025-08-02,44.76
117,low_value,2025-07-13,38.7
117,low_value,2025-04-06,93.53
118,at_risk,2025-08-05,121.54
118,at_risk,2025-07-29,108.63
118,at_risk,2025-06-10,102.55
118,at_risk,2025-05-15,93.53
118,at_risk,2025-04-03,110.09
119,new,2026-05-23,78.09
119,new,2026-05-05,35.67
119,new,2026-01-08,58.04
119,new,2025-05-20,16.19
119,new,2025-04-25,76.01
119,new,2025-03-22,57.49
120,new,2026-07-15,63.44
120,new,2026-03-04,65.77
120,new,2025-12-18,101.81
120,new,2025-08-30,51.28
120,new,2025-08-05,72.28
120,new,2025-06-19,93.87
121,new,2026-06-07,64.1
121,new,2026-04-07,74.72
121,new,2026-04-03,52.4
121,new,2026-03-05,105.79
121,new,2026-02-12,92.71
121,new,2025-12-31,77.25
121,new,2025-09-28,114.86
122,loyal,2026-08-11,141.74
122,loyal,2026-04-06,118.17
122,loyal,2026-02-24,54.42
122,loyal,2026-01-10,81.0
122,loyal,2025-12-19,126.94
122,loyal,2025-10-28,110.64
122,loyal,2025-08-24,29.18
122,loyal,2025-03-13,147.28
123,at_risk,2026-03-06,117.55
123,at_risk,2025-11-03,69.31
123,at_risk,2025-10-22,106.15
123,at_risk,2025-08-27,87.04
123,at_risk,2025-08-02,112.54
123,at_risk,2025-05-26,99.13
123,at_risk,2025-04-04,10.0
124,champion,2026-08-14,197.51
124,champion,2026-08-02,221.78
124,champion,2026-03-03,194.5
124,champion,2026-02-26,144.08
124,champion,2026-02-25,82.47
124,champion,2026-02-22,160.92
124,champion,2025-08-09,210.44
124,champion,2025-07-29,165.88
124,champion,2025-07-17,212.05
124,champion,2025-07-09,185.95
124,champion,2025-07-01,231.52
124,champion,2025-05-16,168.19
124,champion,2025-04-12,198.7
124,champion,2025-04-09,200.24
124,champion,2025-03-12,240.06
125,new,2026-05-27,88.93
125,new,2026-01-08,91.72
125,new,2026-01-02,61.01
125,new,2025-12-01,78.26
126,at_risk,2026-04-12,79.88
126,at_risk,2026-01-18,98.42
126,at_risk,2025-08-23,164.68
126,at_risk,2025-06-18,80.21
126,at_risk,2025-06-16,71.69
126,at_risk,2025-03-25,75.72
127,loyal,2026-07-23,112.02
127,loyal,2026-06-10,135.38
127,loyal,2026-05-12,165.19
127,loyal,2026-02-17,121.66
127,loyal,2026-01-31,93.81
127,loyal,2025-08-25,133.61
127,loyal,2025-07-22,89.05
127,loyal,2025-07-17,79.0
127,loyal,2025-05-10,57.2
127,loyal,2025-04-27,63.05
128,loyal,2026-08-07,95.84
128,loyal,2026-05-11,91.84
128,loyal,2026-02-11,155.59
128,loyal,2025-12-10,91.59
128,loyal,2025-11-15,136.43
128,loyal,2025-06-17,109.43
128,loyal,2025-04-20,108.73
129,new,2026-08-22,46.38
129,new,2026-08-21,29.43
129,new,2026-08-16,61.03
129,new,2026-01-25,84.17
129,new,2025-12-30,52.63
129,new,2025-09-14,133.02
129,new,2025-07-01,92.14
129,new,2025-04-06,102.61
130,loyal,2026-08-20,149.63
130,loyal,2026-06-17,121.46
130,loyal,2026-06-17,133.97
130,loyal,2026-04-04,81.81
130,loyal,2026-02-22,77.14
130,loyal,2025-12-29,158.42
130,loyal,2025-12-09,113.03
130,loyal,2025-08-27,91.3
130,loyal,2025-07-20,91.36
130,loyal,2025-06-18,90.53
131,low_value,2026-04-15,59.32
131,low_value,2026-01-13,43.12
131,low_value,2025-11-14,66.58
131,low_value,2025-11-09,45.16
131,low_value,2025-08-18,60.86
131,low_value,2025-05-18,35.2
132,new,2026-06-14,55.41
132,new,2026-05-01,110.91
132,new,2025-10-04,91.71
132,new,2025-06-29,61.05
132,new,2025-06-27,77.18
132,new,2025-05-30,73.87
132,new,2025-04-26,10.0
133,at_risk,2026-07-01,16.58
133,at_risk,2026-05-21,81.41
133,at_risk,2026-05-12,94.87
133,at_risk,2025-12-19,67.66
133,at_risk,2025-08-28,126.49
133,at_risk,2025-07-13,123.46
133,at_risk,2025-06-30,93.33
134,new,2025-09-07,39.24
134,new,2025-07-08,43.73
134,new,2025-05-24,26.29
134,new,2025-04-13,91.66
135,champion,2026-06-06,194.72
135,champion,2026-04-28,140.43
135,champion,2026-04-17,222.39
135,champion,2026-04-16,120.08
135,champion,2026-03-22,244.04
135,champion,2026-03-06,188.0
135,champion,2026-02-12,73.99
135,champion,2026-01-30,166.38
135,champion,2025-11-21,206.16
135,champion,2025-11-20,170.52
135,champion,2025-11-03,208.6
135,champion,2025-10-23,146.0
135,champion,2025-10-18,127.76
135,champion,2025-10-11,177.14
135,champion,2025-10-10,181.26
135,champion,2025-10-08,166.06
135,champion,2025-08-28,229.09
135,champion,2025-08-19,145.99
135,champion,2025-08-13,192.53
135,champion,2025-07-16,182.72
135,champion,2025-06-28,117.73
135,champion,2025-05-09,127.24
135,champion,2025-04-19,180.48
136,low_value,2026-02-08,43.08
136,low_value,2026-01-01,67.83
137,new,2026-05-11,119.42
137,new,2026-04-27,54.88
137,new,2026-02-20,55.79
137,new,2025-12-12,68.35
137,new,2025-10-22,71.68
137,new,2025-09-05,60.33
137,new,2025-05-29,69.56
137,new,2025-05-13,69.01
138,low_value,2026-02-26,35.58
138,low_value,2025-11-26,31.55
138,low_value,2025-05-11,74.39
139,loyal,2026-04-30,77.37
139,loyal,2026-03-30,85.65
139,loyal,2025-12-18,61.57
139,loyal,2025-10-22,87.98
139,loyal,2025-10-14,49.56
139,loyal,2025-10-02,79.46
139,loyal,2025-09-12,146.01
139,loyal,2025-09-11,122.11
139,loyal,2025-08-24,115.62
139,loyal,2025-07-27,79.92
139,loyal,2025-07-05,63.92
139,loyal,2025-06-26,75.83
140,new,2026-08-08,51.56
140,new,2025-10-19,70.61
141,new,2026-04-29,64.42
141,new,2026-03-11,30.1
141,new,2025-07-10,84.88
141,new,2025-06-17,86.66
141,new,2025-04-25,82.71
142,low_value,2026-05-30,17.96
142,low_value,2026-02-02,21.02
142,low_value,2025-12-31,24.18
142,low_value,2025-05-15,36.11
143,new,2026-07-19,75.65
143,new,2025-12-26,109.82
143,new,2025-09-06,65.7
143,new,2025-09-06,99.48
143,new,2025-07-06,83.98
143,new,2025-04-11,33.32
144,new,2026-02-27,89.63
144,new,2026-02-26,45.95
144,new,2025-12-14,57.18
144,new,2025-10-01,67.63
144,new,2025-09-20,50.61
144,new,2025-09-17,82.51
144,new,2025-06-29,78.92
144,new,2025-05-13,42.79
145,loyal,2026-05-28,154.87
145,loyal,2026-05-28,141.7
145,loyal,2026-05-15,130.51
145,loyal,2026-04-22,82.66
145,loyal,2026-04-17,161.94
145,loyal,2026-04-08,126.09
145,loyal,2026-03-02,98.42
145,loyal,2026-01-19,89.95
145,loyal,2026-01-07,117.7
145,loyal,2025-10-29,59.87
145,loyal,2025-10-06,130.99
145,loyal,2025-06-18,81.39
145,loyal,2025-06-07,121.12
145,loyal,2025-03-28,94.35
145,loyal,2025-03-11,102.07
146,at_risk,2026-04-15,97.8
146,at_risk,2026-01-15,20.62
146,at_risk,2025-11-30,116.31
146,at_risk,2025-11-21,63.36
146,at_risk,2025-10-04,71.78
146,at_risk,2025-09-26,116.93
146,at_risk,2025-04-09,103.91
146,at_risk,2025-03-19,77.92
147,new,2026-08-20,98.17
147,new,2026-08-16,52.19
147,new,2025-11-04,84.66
147,new,2025-10-08,74.9
147,new,2025-09-18,27.21
147,new,2025-08-24,117.51
147,new,2025-05-03,34.03
147,new,2025-03-13,80.49
148,at_risk,2026-04-07,84.52
148,at_risk,2025-11-12,70.62
148,at_risk,2025-10-01,110.0
148,at_risk,2025-09-09,103.21
148,at_risk,2025-08-14,39.33
148,at_risk,2025-07-15,37.2
148,at_risk,2025-06-15,109.86
148,at_risk,2025-05-27,66.46
148,at_risk,2025-04-01,105.57
149,champion,2026-08-06,215.34
149,champion,2026-07-29,148.93
149,champion,2026-04-28,223.74
149,champion,2026-04-24,163.97
149,champion,2026-03-03,138.27
149,champion,2026-02-26,162.95
149,champion,2026-02-16,75.03
149,champion,2025-12-15,175.17
149,champion,2025-12-03,173.2
149,champion,2025-11-20,212.99
149,champion,2025-09-29,104.55
149,champion,2025-08-11,226.47
149,champion,2025-06-03,212.82
149,champion,2025-05-26,230.08
149,champion,2025-05-17,177.89
149,champion,2025-03-25,220.56
150,low_value,2025-11-19,10.0
150,low_value,2025-10-11,72.45
150,low_value,2025-07-30,63.08
150,low_value,2025-07-17,24.01
150,low_value,2025-06-16,44.94
151,low_value,2026-02-17,45.62
151,low_value,2025-12-07,44.64
152,loyal,2026-08-23,101.14
152,loyal,2026-08-12,120.74
152,loyal,2026-07-27,46.43
152,loyal,2026-06-19,136.73
152,loyal,2026-04-16,89.69
152,loyal,2026-03-02,146.6
152,loyal,2026-02-24,95.66
152,loyal,2026-02-01,108.53
152,loyal,2025-11-04,167.41
152,loyal,2025-10-15,101.68
152,loyal,2025-08-31,147.17
152,loyal,2025-05-21,111.17
153,new,2026-08-10,87.76
153,new,2026-05-23,102.62
153,new,2025-09-16,45.6
153,new,2025-03-19,51.65
154,loyal,2026-08-09,158.19
154,loyal,2026-07-23,141.27
154,loyal,2026-07-07,105.93
154,loyal,2026-07-06,111.1
154,loyal,2026-07-05,85.5
154,loyal,2026-06-25,136.7
154,loyal,2026-04-21,98.6
154,loyal,2026-03-25,102.2
154,loyal,2026-03-02,128.26
154,loyal,2026-02-25,104.36
154,loyal,2026-02-09,102.95
154,loyal,2026-01-08,110.32
154,loyal,2026-01-01,133.86
154,loyal,2025-12-06,159.39
154,loyal,2025-11-01,127.56
154,loyal,2025-10-24,134.1
154,loyal,2025-10-07,104.0
154,loyal,2025-05-17,88.77
155,low_value,2026-05-09,74.63
155,low_value,2026-01-14,54.6
155,low_value,2025-11-26,72.46
156,loyal,2026-01-03,68.99
156,loyal,2025-10-19,93.81
156,loyal,2025-07-22,100.3
156,loyal,2025-06-24,122.4
156,loyal,2025-05-16,123.84
157,low_value,2026-02-16,76.71
157,low_value,2025-11-30,29.79
157,low_value,2025-05-01,45.04
157,low_value,2025-04-22,18.92
158,low_value,2025-11-05,10.0
158,low_value,2025-08-12,43.94
158,low_value,2025-06-14,15.4
158,low_value,2025-06-04,77.33
158,low_value,2025-03-26,48.54
159,low_value,2025-12-26,43.16
159,low_value,2025-10-16,36.36
159,low_value,2025-08-16,25.87
159,low_value,2025-05-15,86.2
160,loyal,2026-07-27,108.19
160,loyal,2026-06-26,199.89
160,loyal,2026-05-11,77.68
160,loyal,2026-02-12,116.87
160,loyal,2025-11-06,128.5
160,loyal,2025-10-24,109.95
160,loyal,2025-09-24,113.31
160,loyal,2025-07-28,78.66
160,loyal,2025-07-14,113.19
161,low_value,2025-11-26,46.43
161,low_value,2025-09-22,21.56
162,loyal,2026-06-11,81.93
162,loyal,2025-11-16,74.35
162,loyal,2025-04-21,60.46
163,champion,2026-07-31,217.03
163,champion,2026-05-29,100.91
163,champion,2026-04-19,234.15
163,champion,2026-04-14,195.68
163,champion,2026-04-02,220.43
163,champion,2026-03-29,195.49
163,champion,2026-03-27,181.96
163,champion,2026-03-26,168.99
163,champion,2026-02-28,194.69
163,champion,2026-02-23,167.53
163,champion,2026-02-14,214.72
163,champion,2026-01-20,116.54
163,champion,2025-12-29,158.34
163,champion,2025-10-18,261.79
163,champion,2025-10-01,154.96
163,champion,2025-09-04,170.45
163,champion,2025-08-19,144.7
163,champion,2025-08-18,193.43
163,champion,2025-08-12,150.55
163,champion,2025-08-06,172.58
163,champion,2025-07-07,213.95
163,champion,2025-06-09,152.05
163,champion,2025-05-30,211.54
163,champion,2025-05-19,212.89
163,champion,2025-05-16,222.2
164,new,2026-04-10,105.66
164,new,2026-03-19,112.74
164,new,2025-11-20,106.96
164,new,2025-08-26,89.63
165,at_risk,2026-03-23,42.25
165,at_risk,2026-02-14,24.88
165,at_risk,2025-12-05,120.92
165,at_risk,2025-11-26,68.64
165,at_risk,2025-10-06,125.54
165,at_risk,2025-04-13,133.79
166,low_value,2026-03-15,47.47
166,low_value,2026-02-16,35.58
167,low_value,2026-01-05,50.97
167,low_value,2025-09-20,52.59
167,low_value,2025-05-20,26.1
168,at_risk,2026-02-18,69.09
168,at_risk,2026-02-01,93.53
168,at_risk,2025-12-08,116.68
168,at_risk,2025-03-20,108.91
168,at_risk,2025-03-11,68.18
169,low_value,2026-05-08,54.84
169,low_value,2026-02-15,41.45
169,low_value,2025-11-09,44.47
169,low_value,2025-10-26,66.45
169,low_value,2025-07-14,60.18
169,low_value,2025-05-29,71.6
170,loyal,2026-08-20,121.97
170,loyal,2026-08-03,119.11
170,loyal,2026-07-21,160.63
170,loyal,2026-05-23,143.07
170,loyal,2026-05-22,78.2
170,loyal,2026-04-17,133.87
170,loyal,2026-02-18,136.77
170,loyal,2026-01-22,119.45
170,loyal,2025-12-30,143.94
170,loyal,2025-11-24,115.64
170,loyal,2025-11-15,116.01
170,loyal,2025-11-11,113.64
170,loyal,2025-10-22,49.45
170,loyal,2025-09-30,107.59
170,loyal,2025-09-05,89.95
170,loyal,2025-07-29,74.41
170,loyal,2025-07-23,153.02
170,loyal,2025-06-11,125.13
170,loyal,2025-05-05,109.11
170,loyal,2025-04-16,93.06
170,loyal,2025-04-02,118.89
171,new,2026-02-20,68.56
171,new,2026-01-27,59.27
171,new,2025-04-15,66.65
172,loyal,2026-04-15,93.5
172,loyal,2026-03-06,164.44
172,loyal,2025-11-27,110.16
172,loyal,2025-09-21,163.46
172,loyal,2025-09-03,132.51
172,loyal,2025-07-22,119.21
172,loyal,2025-05-10,108.03
172,loyal,2025-04-23,91.28
173,low_value,2026-05-28,69.5
173,low_value,2026-01-24,31.66
173,low_value,2025-12-14,31.63
173,low_value,2025-05-18,52.59
174,loyal,2026-05-19,67.32
174,loyal,2026-05-03,61.43
174,loyal,2026-04-25,85.14
174,loyal,2026-04-19,118.62
174,loyal,2025-12-19,128.62
174,loyal,2025-11-28,123.12
174,loyal,2025-10-15,145.27
174,loyal,2025-09-20,57.11
174,loyal,2025-09-19,145.65
174,loyal,2025-03-20,100.64
175,champion,2026-08-26,217.09
175,champion,2026-08-19,234.44
175,champion,2026-08-05,114.27
175,champion,2026-07-08,204.49
175,champion,2026-05-02,218.34
175,champion,2026-03-20,169.65
175,champion,2026-02-10,131.57
175,champion,2026-01-06,217.72
175,champion,2025-12-27,132.02
175,champion,2025-12-13,172.87
175,champion,2025-11-06,178.4
175,champion,2025-11-05,208.62
175,champion,2025-10-11,154.93
175,champion,2025-10-10,152.62
175,champion,2025-10-07,183.96
175,champion,2025-09-06,220.26
175,champion,2025-07-26,271.5
175,champion,2025-07-21,119.7
175,champion,2025-03-31,192.61
176,at_risk,2026-04-25,93.15
176,at_risk,2025-12-09,135.66
176,at_risk,2025-10-05,70.23
176,at_risk,2025-07-20,38.92
176,at_risk,2025-05-13,93.81
176,at_risk,2025-05-07,140.36
177,low_value,2025-12-14,62.98
177,low_value,2025-12-07,56.16
177,low_value,2025-11-07,41.78
177,low_value,2025-09-28,23.74
177,low_value,2025-09-10,42.2
177,low_value,2025-04-07,25.5
178,low_value,2025-11-30,37.27
178,low_value,2025-10-22,50.38
178,low_value,2025-04-29,23.78
178,low_value,2025-04-23,27.37
179,low_value,2026-01-11,34.35
179,low_value,2025-06-11,45.33
180,low_value,2026-01-03,10.0
180,low_value,2025-12-20,40.85
180,low_value,2025-10-27,34.11
180,low_value,2025-09-14,60.68
181,low_value,2026-01-18,29.63
181,low_value,2025-11-03,35.14
182,new,2026-08-03,39.37
182,new,2025-12-09,74.28
182,new,2025-08-12,80.64
183,at_risk,2026-02-14,118.74
183,at_risk,2026-01-22,117.41
183,at_risk,2025-11-16,66.79
183,at_risk,2025-10-14,124.71
183,at_risk,2025-08-18,89.39
183,at_risk,2025-06-23,45.65
183,at_risk,2025-04-25,110.93
184,low_value,2025-10-23,44.25
185,low_value,2025-08-25,56.29
185,low_value,2025-08-12,20.76
185,low_value,2025-05-17,47.65
185,low_value,2025-03-23,52.42
186,at_risk,2026-04-17,100.75
186,at_risk,2026-03-26,103.62
186,at_risk,2026-02-03,112.28
186,at_risk,2025-08-04,74.73
186,at_risk,2025-06-17,47.99
186,at_risk,2025-06-13,151.87
186,at_risk,2025-05-18,182.12
186,at_risk,2025-03-25,110.66
187,loyal,2026-07-26,143.74
187,loyal,2026-07-16,107.52
187,loyal,2026-07-03,122.16
187,loyal,2026-06-28,95.77
187,loyal,2026-01-12,84.63
187,loyal,2025-12-26,140.79
187,loyal,2025-11-09,121.62
187,loyal,2025-09-03,124.71
187,loyal,2025-07-15,155.06
187,loyal,2025-07-06,78.35
187,loyal,2025-06-20,93.44
187,loyal,2025-06-11,114.74
187,loyal,2025-06-06,93.07
187,loyal,2025-06-03,133.49
187,loyal,2025-04-30,104.38
187,loyal,2025-04-01,80.22
188,low_value,2026-06-10,38.34
188,low_value,2025-10-11,78.8
188,low_value,2025-08-26,71.84
188,low_value,2025-07-12,57.66
188,low_value,2025-05-09,52.57
189,loyal,2026-07-26,89.51
189,loyal,2026-07-12,153.53
189,loyal,2026-06-23,133.13
189,loyal,2026-02-23,98.28
189,loyal,2026-01-26,106.78
189,loyal,2025-11-14,106.92
189,loyal,2025-09-08,110.95
189,loyal,2025-08-19,124.18
189,loyal,2025-06-25,186.05
189,loyal,2025-05-18,115.69
189,loyal,2025-05-01,129.88
190,low_value,2025-08-18,53.05
191,loyal,2026-06-05,39.5
191,loyal,2026-02-21,123.38
191,loyal,2026-02-17,144.53
191,loyal,2025-10-02,120.92
191,loyal,2025-09-17,127.54
191,loyal,2025-07-24,97.65
191,loyal,2025-06-25,54.16
191,loyal,2025-06-18,130.76
191,loyal,2025-06-08,162.49
191,loyal,2025-06-06,143.89
191,loyal,2025-05-16,50.36
191,loyal,2025-04-09,64.55
192,loyal,2025-12-08,93.56
192,loyal,2025-07-11,104.82
192,loyal,2025-06-27,51.51
192,loyal,2025-06-14,100.03
192,loyal,2025-06-12,110.22
192,loyal,2025-06-10,115.06
192,loyal,2025-05-11,121.37
192,loyal,2025-03-25,117.33
192,loyal,2025-03-11,102.07
193,low_value,2026-05-21,34.84
193,low_value,2026-05-16,12.08
193,low_value,2026-01-13,52.66
193,low_value,2025-10-23,49.63
193,low_value,2025-07-03,61.99
193,low_value,2025-06-22,34.37
193,low_value,2025-06-04,82.91
194,loyal,2026-06-20,164.34
194,loyal,2026-05-28,99.45
194,loyal,2026-05-20,101.93
194,loyal,2026-02-08,153.12
194,loyal,2025-12-23,129.77
194,loyal,2025-12-13,176.03
194,loyal,2025-12-10,117.46
194,loyal,2025-12-01,98.09
194,loyal,2025-08-23,91.65
194,loyal,2025-08-05,54.59
194,loyal,2025-05-31,101.64
195,loyal,2026-06-27,136.02
195,loyal,2026-06-03,16.04
195,loyal,2026-03-31,121.49
195,loyal,2026-02-26,187.11
195,loyal,2026-02-03,64.75
195,loyal,2025-12-20,102.76
195,loyal,2025-10-25,109.76
195,loyal,2025-10-01,96.12
195,loyal,2025-09-15,141.09
195,loyal,2025-08-14,124.17
195,loyal,2025-05-08,114.57
195,loyal,2025-04-12,133.92
196,new,2026-02-15,36.61
196,new,2025-10-11,16.06
196,new,2025-08-25,70.81
196,new,2025-03-15,104.27
197,low_value,2026-04-25,10.0
197,low_value,2026-03-22,67.69
198,loyal,2026-05-08,55.44
198,loyal,2026-05-03,64.97
198,loyal,2026-04-28,87.92
198,loyal,2026-03-29,106.11
198,loyal,2026-03-12,121.64
198,loyal,2025-12-05,119.74
198,loyal,2025-07-03,143.51
198,loyal,2025-03-20,144.45
199,at_risk,2026-07-10,162.46
199,at_risk,2025-12-22,82.84
199,at_risk,2025-11-09,99.64
199,at_risk,2025-06-01,77.95
199,at_risk,2025-03-31,152.82
200,low_value,2026-02-28,47.34
200,low_value,2025-09-03,48.41
200,low_value,2025-08-29,71.21
200,low_value,2025-03-26,33.02
201,low_value,2026-03-19,26.76
201,low_value,2026-01-07,30.44
201,low_value,2025-06-28,72.49
201,low_value,2025-05-27,67.53
202,new,2026-08-18,80.26
202,new,2026-04-29,58.25
202,new,2026-04-23,35.15
202,new,2026-04-08,87.53
202,new,2025-11-06,97.95
203,loyal,2026-07-09,123.99
203,loyal,2026-06-29,127.17
203,loyal,2026-05-04,136.5
203,loyal,2026-03-16,133.13
203,loyal,2025-12-02,97.61
203,loyal,2025-11-02,118.18
203,loyal,2025-10-29,101.93
203,loyal,2025-08-25,123.15
204,champion,2026-08-19,164.35
204,champion,2026-07-15,158.45
204,champion,2026-06-04,135.62
204,champion,2026-06-03,188.35
204,champion,2026-04-29,188.09
204,champion,2026-03-15,147.55
204,champion,2026-03-14,173.0
204,champion,2026-03-12,100.85
204,champion,2025-12-04,217.06
204,champion,2025-08-21,149.17
204,champion,2025-05-24,178.61
204,champion,2025-03-27,122.93
204,champion,2025-03-19,156.71
205,loyal,2026-07-31,140.27
205,loyal,2026-06-12,142.19
205,loyal,2026-04-11,129.46
205,loyal,2026-02-25,66.36
205,loyal,2026-02-09,84.76
205,loyal,2026-02-03,101.75
205,loyal,2026-01-21,133.39
205,loyal,2025-11-10,109.36
205,loyal,2025-10-24,144.11
205,loyal,2025-10-02,149.46
205,loyal,2025-09-25,145.98
205,loyal,2025-09-03,146.17
205,loyal,2025-08-28,78.89
205,loyal,2025-06-10,124.48
206,loyal,2026-01-24,170.53
206,loyal,2025-09-04,115.32
206,loyal,2025-06-30,183.43
206,loyal,2025-05-25,115.33
206,loyal,2025-03-20,110.67
207,low_value,2025-12-23,32.06
208,loyal,2026-07-15,102.46
208,loyal,2026-05-12,145.61
208,loyal,2026-04-25,110.77
208,loyal,2026-03-28,103.5
208,loyal,2026-01-31,127.28
208,loyal,2026-01-03,160.22
208,loyal,2025-12-17,123.01
208,loyal,2025-04-19,123.64
209,new,2026-02-01,112.95
209,new,2025-12-22,64.01
209,new,2025-06-11,71.32
210,low_value,2026-05-28,55.56
210,low_value,2026-04-14,51.28
210,low_value,2025-12-29,46.17
210,low_value,2025-04-09,47.76
211,new,2026-07-22,74.3
211,new,2026-06-19,83.22
211,new,2026-03-29,52.7
211,new,2026-03-05,63.9
211,new,2025-10-17,69.5
211,new,2025-04-23,30.39
212,loyal,2026-07-16,26.64
212,loyal,2026-07-09,146.74
212,loyal,2026-06-28,55.3
212,loyal,2025-10-26,135.3
212,loyal,2025-09-08,83.34
212,loyal,2025-08-26,141.47
212,loyal,2025-06-26,206.24
212,loyal,2025-04-10,41.8
213,low_value,2026-08-09,47.6
213,low_value,2025-11-10,26.77
214,low_value,2026-04-09,43.3
214,low_value,2026-03-23,47.42
214,low_value,2025-11-26,75.53
214,low_value,2025-08-22,53.75
214,low_value,2025-08-15,48.53
214,low_value,2025-04-05,41.0
215,low_value,2026-06-20,33.92
215,low_value,2025-11-12,16.96
216,loyal,2026-08-15,35.64
216,loyal,2026-04-11,127.05
216,loyal,2025-11-23,105.16
216,loyal,2025-04-07,95.56
216,loyal,2025-03-26,115.43
217,loyal,2026-05-19,116.72
217,loyal,2026-05-08,158.4
217,loyal,2026-05-04,116.09
217,loyal,2026-05-04,68.52
217,loyal,2026-03-22,116.75
217,loyal,2025-12-23,108.4
217,loyal,2025-09-06,135.92
217,loyal,2025-08-17,128.2
217,loyal,2025-05-18,20.43
217,loyal,2025-04-02,126.36
218,low_value,2026-04-26,27.65
218,low_value,2026-01-19,25.41
218,low_value,2025-11-01,65.52
218,low_value,2025-10-07,14.78
219,at_risk,2026-08-19,72.75
219,at_risk,2026-05-02,84.4
219,at_risk,2026-02-19,114.03
219,at_risk,2026-02-12,66.75
219,at_risk,2026-01-11,121.51
219,at_risk,2025-11-21,169.66
219,at_risk,2025-10-17,92.83
219,at_risk,2025-08-16,47.95
219,at_risk,2025-03-26,47.93
219,at_risk,2025-03-16,122.18
219,at_risk,2025-03-14,92.91
220,at_risk,2026-07-30,117.56
220,at_risk,2025-12-24,76.21
220,at_risk,2025-03-29,58.18
220,at_risk,2025-03-22,86.81
220,at_risk,2025-03-16,133.54
221,new,2025-12-03,72.25
221,new,2025-07-20,82.48
222,low_value,2025-12-28,25.73
222,low_value,2025-08-01,23.32
223,low_value,2025-11-11,10.0
223,low_value,2025-10-13,86.11
224,loyal,2026-04-18,68.82
224,loyal,2025-12-31,133.32
224,loyal,2025-12-28,131.34
224,loyal,2025-12-16,164.36
224,loyal,2025-12-01,89.43
224,loyal,2025-06-13,116.56
224,loyal,2025-06-12,71.32
224,loyal,2025-04-27,99.95
224,loyal,2025-04-01,94.43
224,loyal,2025-03-30,123.93
225,low_value,2026-04-02,33.8
225,low_value,2026-03-28,79.85
225,low_value,2026-03-18,51.15
225,low_value,2025-05-28,48.49
226,champion,2026-08-03,220.07
226,champion,2026-07-29,217.77
226,champion,2026-07-20,169.43
226,champion,2026-07-09,168.55
226,champion,2026-06-28,121.93
226,champion,2026-06-06,211.27
226,champion,2026-05-27,199.64
226,champion,2026-05-21,231.44
226,champion,2026-05-13,171.57
226,champion,2026-04-11,174.33
226,champion,2026-02-04,186.8
226,champion,2025-12-25,215.68
226,champion,2025-12-24,121.19
226,champion,2025-12-23,209.44
226,champion,2025-12-14,179.18
226,champion,2025-12-07,137.65
226,champion,2025-09-06,96.62
226,champion,2025-08-13,174.54
226,champion,2025-08-08,237.91
226,champion,2025-08-04,246.99
226,champion,2025-06-23,194.22
226,champion,2025-06-16,258.48
226,champion,2025-06-03,178.28
226,champion,2025-05-10,218.13
227,new,2026-07-09,122.34
227,new,2026-07-03,28.48
227,new,2026-02-21,61.14
227,new,2025-12-26,44.14
227,new,2025-08-19,94.71
227,new,2025-08-03,77.16
227,new,2025-06-01,54.09
228,new,2026-05-04,76.11
228,new,2026-01-26,50.81
228,new,2025-10-13,70.85
228,new,2025-10-03,10.0
228,new,2025-09-28,42.88
228,new,2025-07-18,70.91
228,new,2025-05-28,91.14
228,new,2025-05-27,21.47
229,loyal,2026-06-23,104.85
229,loyal,2026-02-19,135.65
229,loyal,2026-01-09,70.21
229,loyal,2025-12-19,103.37
229,loyal,2025-05-15,96.33
229,loyal,2025-05-11,105.83
229,loyal,2025-04-28,135.45
229,loyal,2025-03-13,126.62
230,loyal,2026-06-27,108.11
230,loyal,2026-06-10,61.08
230,loyal,2026-02-18,152.32
230,loyal,2026-01-10,86.77
230,loyal,2025-12-14,140.78
230,loyal,2025-11-25,91.36
230,loyal,2025-11-19,91.23
230,loyal,2025-10-26,146.39
230,loyal,2025-09-17,139.82
230,loyal,2025-06-06,116.26
230,loyal,2025-04-22,132.83
230,loyal,2025-04-10,101.34
231,at_risk,2026-02-21,158.29
231,at_risk,2026-01-27,89.52
231,at_risk,2026-01-25,86.68
231,at_risk,2025-12-09,89.01
231,at_risk,2025-11-09,48.92
231,at_risk,2025-10-30,58.71
231,at_risk,2025-09-08,76.43
231,at_risk,2025-08-08,134.75
231,at_risk,2025-03-20,93.84
231,at_risk,2025-03-16,78.04
232,low_value,2026-07-27,39.65
232,low_value,2026-05-31,59.37
232,low_value,2026-04-19,65.15
232,low_value,2026-01-01,33.57
233,new,2026-07-01,41.33
233,new,2026-03-30,80.72
233,new,2026-01-09,98.28
233,new,2025-08-29,68.02
233,new,2025-07-01,64.93
233,new,2025-04-24,79.34
234,low_value,2026-06-24,77.91
234,low_value,2025-11-29,64.5
234,low_value,2025-05-20,10.0
235,low_value,2026-03-03,25.88
235,low_value,2025-11-19,46.48
235,low_value,2025-10-30,27.84
235,low_value,2025-08-05,34.07
236,new,2026-08-05,122.44
236,new,2026-04-07,25.95
236,new,2026-03-03,61.35
236,new,2026-01-21,101.62
236,new,2025-11-03,33.83
236,new,2025-08-16,84.17
236,new,2025-08-10,100.54
236,new,2025-07-28,71.96
237,low_value,2025-06-16,17.56
237,low_value,2025-05-25,39.95
237,low_value,2025-04-28,47.05
237,low_value,2025-03-14,34.94
238,champion,2026-08-21,230.22
238,champion,2026-07-22,181.21
238,champion,2026-07-11,170.23
238,champion,2026-06-03,146.25
238,champion,2026-05-21,204.89
238,champion,2026-04-24,147.82
238,champion,2026-04-14,140.58
238,champion,2026-03-07,227.53
238,champion,2026-02-08,194.18
238,champion,2026-01-03,170.6
238,champion,2025-12-18,205.66
238,champion,2025-10-21,180.36
238,champion,2025-10-18,195.32
238,champion,2025-09-10,147.33
238,champion,2025-09-01,262.82
238,champion,2025-05-31,156.82
238,champion,2025-05-30,242.24
238,champion,2025-04-25,172.45
239,loyal,2026-08-12,81.74
239,loyal,2026-08-05,158.33
239,loyal,2026-07-26,128.74
239,loyal,2026-07-06,173.61
239,loyal,2026-06-27,96.49
239,loyal,2026-06-04,113.79
239,loyal,2026-05-11,90.18
239,loyal,2026-04-25,114.3
239,loyal,2026-04-18,56.78
239,loyal,2026-03-29,130.55
239,loyal,2026-03-27,119.7
239,loyal,2026-03-18,108.27
239,loyal,2026-03-12,98.29
239,loyal,2026-03-10,83.16
239,loyal,2026-02-19,131.83
239,loyal,2026-02-12,74.87
239,loyal,2026-01-07,125.36
239,loyal,2025-11-22,172.23
239,loyal,2025-08-13,154.57
239,loyal,2025-04-30,64.85
239,loyal,2025-03-15,93.9
239,loyal,2025-03-11,122.64
240,low_value,2026-06-11,24.44
240,low_value,2026-02-06,59.43
240,low_value,2025-12-17,66.67
240,low_value,2025-12-07,25.85
241,low_value,2026-04-28,38.7
241,low_value,2026-04-13,13.05
241,low_value,2026-01-07,24.72
241,low_value,2025-12-23,72.21
241,low_value,2025-09-20,42.15
241,low_value,2025-07-14,82.81
241,low_value,2025-04-11,43.09
242,loyal,2026-03-24,82.87
242,loyal,2026-03-19,115.91
242,loyal,2026-03-13,103.92
242,loyal,2026-02-21,156.15
242,loyal,2026-01-31,120.22
242,loyal,2026-01-01,116.17
242,loyal,2025-12-19,137.02
242,loyal,2025-08-20,142.79
242,loyal,2025-08-11,133.51
242,loyal,2025-07-17,152.58
242,loyal,2025-07-03,128.26
242,loyal,2025-06-28,115.03
242,loyal,2025-06-17,147.18
242,loyal,2025-05-01,107.27
242,loyal,2025-03-17,111.0
242,loyal,2025-03-11,161.65
243,new,2026-08-20,76.64
243,new,2026-08-14,60.62
243,new,2026-04-12,92.6
243,new,2026-03-30,102.22
243,new,2026-01-07,94.25
243,new,2025-09-29,63.09
244,new,2026-08-02,74.09
244,new,2026-03-08,44.91
244,new,2025-08-18,26.53
244,new,2025-06-30,48.19
244,new,2025-04-19,68.81
245,low_value,2026-01-28,40.69
246,new,2026-06-19,125.74
246,new,2026-04-16,101.28
246,new,2026-03-08,106.22
246,new,2025-08-11,140.0
246,new,2025-08-10,88.95
246,new,2025-08-09,74.08
246,new,2025-07-02,94.34
246,new,2025-06-13,56.02
246,new,2025-05-31,72.69
246,new,2025-05-12,53.81
246,new,2025-04-15,79.95
247,at_risk,2026-04-22,132.52
247,at_risk,2025-12-06,116.29
247,at_risk,2025-10-23,102.34
247,at_risk,2025-09-12,133.48
247,at_risk,2025-06-01,127.18
247,at_risk,2025-04-27,108.16
247,at_risk,2025-04-04,139.49
248,at_risk,2026-04-04,117.75
248,at_risk,2025-11-30,118.78
248,at_risk,2025-11-29,131.89
248,at_risk,2025-11-02,79.83
248,at_risk,2025-10-16,93.61
248,at_risk,2025-09-21,93.94
248,at_risk,2025-05-01,154.08
249,at_risk,2026-05-20,34.09
249,at_risk,2026-05-18,111.15
249,at_risk,2026-03-30,79.21
249,at_risk,2026-02-10,139.15
249,at_risk,2026-01-30,115.69
249,at_risk,2026-01-10,135.95
249,at_risk,2025-12-10,59.61
249,at_risk,2025-06-30,82.0
250,low_value,2026-03-29,12.94
250,low_value,2026-02-24,54.79
250,low_value,2026-02-22,10.0
250,low_value,2025-11-14,36.06
250,low_value,2025-03-26,48.24
251,low_value,2026-02-08,79.36
251,low_value,2026-02-04,60.73
251,low_value,2025-06-12,69.29
251,low_value,2025-05-03,32.79
252,new,2026-07-22,10.0
252,new,2026-07-21,42.96
252,new,2026-01-29,68.47
252,new,2026-01-23,71.6
252,new,2025-11-20,112.09
252,new,2025-11-14,84.57
252,new,2025-06-08,72.04
252,new,2025-04-26,69.19
252,new,2025-03-23,97.6
253,loyal,2026-07-03,102.48
253,loyal,2026-05-28,93.97
253,loyal,2026-04-30,90.37
253,loyal,2026-04-08,120.17
253,loyal,2026-02-22,99.26
253,loyal,2026-02-10,96.39
253,loyal,2026-01-28,69.92
253,loyal,2025-10-27,112.33
253,loyal,2025-10-13,104.56
253,loyal,2025-09-17,100.35
253,loyal,2025-09-02,115.96
253,loyal,2025-08-05,132.44
253,loyal,2025-06-29,131.05
253,loyal,2025-05-29,126.58
254,loyal,2026-07-04,81.04
254,loyal,2026-07-03,60.17
254,loyal,2026-05-17,134.58
254,loyal,2026-02-28,95.77
254,loyal,2026-01-27,84.89
254,loyal,2025-12-03,77.18
254,loyal,2025-08-04,122.69
254,loyal,2025-07-11,151.25
255,low_value,2025-08-04,10.0
256,low_value,2026-02-20,26.78
256,low_value,2026-01-12,41.56
256,low_value,2025-12-16,55.3
256,low_value,2025-12-07,21.33
256,low_value,2025-04-11,12.08
257,loyal,2026-06-28,127.4
257,loyal,2026-06-26,64.45
257,loyal,2026-04-25,68.48
257,loyal,2026-04-15,98.03
257,loyal,2026-01-18,101.95
257,loyal,2026-01-04,58.34
257,loyal,2025-10-12,134.58
257,loyal,2025-10-01,77.41
257,loyal,2025-06-28,154.8
257,loyal,2025-04-03,164.62
258,champion,2026-08-02,127.0
258,champion,2026-03-27,244.62
258,champion,2026-03-16,139.34
258,champion,2026-02-18,179.96
258,champion,2026-02-05,160.39
258,champion,2025-12-13,166.25
258,champion,2025-11-23,212.05
258,champion,2025-11-19,239.99
258,champion,2025-11-17,227.62
258,champion,2025-10-29,163.81
258,champion,2025-09-14,187.37
258,champion,2025-09-01,148.72
258,champion,2025-08-28,140.34
258,champion,2025-08-19,134.15
259,new,2026-06-22,97.75
259,new,2026-06-11,64.66
259,new,2026-05-26,115.78
259,new,2026-04-27,26.83
259,new,2026-04-20,92.95
259,new,2025-07-15,67.49
260,loyal,2026-04-24,86.65
260,loyal,2026-04-08,154.41
260,loyal,2026-02-12,125.75
260,loyal,2026-01-07,119.9
260,loyal,2025-12-16,100.79
260,loyal,2025-09-16,129.82
260,loyal,2025-09-08,109.54
260,loyal,2025-07-25,98.92
260,loyal,2025-07-24,130.88
260,loyal,2025-06-22,105.68
260,loyal,2025-06-21,86.05
260,loyal,2025-06-17,127.99
260,loyal,2025-06-09,108.08
260,loyal,2025-03-17,124.67
261,low_value,2026-04-25,32.35
261,low_value,2026-04-14,82.44
261,low_value,2025-08-07,44.05
261,low_value,2025-07-20,80.37
261,low_value,2025-07-11,17.03
262,at_risk,2026-02-21,81.86
262,at_risk,2026-02-07,107.45
262,at_risk,2026-01-10,69.68
262,at_risk,2026-01-01,97.28
262,at_risk,2025-12-23,162.23
262,at_risk,2025-12-22,82.8
262,at_risk,2025-12-05,108.46
262,at_risk,2025-11-25,40.21
262,at_risk,2025-11-22,148.2
262,at_risk,2025-09-08,78.3
262,at_risk,2025-06-07,131.77
262,at_risk,2025-04-16,90.69
262,at_risk,2025-03-23,116.41
263,loyal,2026-08-06,79.83
263,loyal,2026-07-11,180.37
263,loyal,2026-07-10,141.77
263,loyal,2026-07-03,118.19
263,loyal,2026-06-29,145.16
263,loyal,2026-06-03,50.62
263,loyal,2026-05-01,33.27
263,loyal,2026-04-01,98.02
263,loyal,2026-03-29,68.64
263,loyal,2026-02-26,102.9
263,loyal,2026-01-21,116.17
263,loyal,2025-10-18,137.61
263,loyal,2025-10-04,75.85
263,loyal,2025-09-18,121.99
263,loyal,2025-07-11,110.43
263,loyal,2025-07-09,120.43
263,loyal,2025-06-21,94.41
263,loyal,2025-04-28,151.49
263,loyal,2025-04-15,106.89
263,loyal,2025-03-19,163.23
263,loyal,2025-03-13,86.29
264,low_value,2026-05-09,39.02
264,low_value,2025-10-04,10.0
265,loyal,2026-08-23,159.46
265,loyal,2026-07-12,177.19
265,loyal,2026-04-12,124.35
265,loyal,2026-04-01,109.67
265,loyal,2025-11-19,71.15
265,loyal,2025-10-09,156.39
265,loyal,2025-10-08,112.29
265,loyal,2025-10-02,101.33
265,loyal,2025-09-04,124.44
265,loyal,2025-06-19,92.43
265,loyal,2025-05-03,114.41
265,loyal,2025-03-19,66.73
266,loyal,2026-08-01,133.86
266,loyal,2026-07-14,98.65
266,loyal,2026-06-17,103.26
266,loyal,2026-04-27,114.87
266,loyal,2026-03-21,106.22
266,loyal,2026-03-08,79.08
266,loyal,2026-03-03,108.91
266,loyal,2026-03-02,139.82
266,loyal,2026-02-28,78.46
266,loyal,2026-02-08,98.77
266,loyal,2026-02-01,68.55
266,loyal,2026-01-14,138.24
266,loyal,2026-01-07,107.23
266,loyal,2025-12-08,84.49
266,loyal,2025-11-25,112.77
266,loyal,2025-11-13,73.89
266,loyal,2025-05-25,79.0
266,loyal,2025-05-07,66.2
266,loyal,2025-03-21,78.0
266,loyal,2025-03-21,150.72
266,loyal,2025-03-17,88.01
267,loyal,2026-06-25,84.73
267,loyal,2026-05-29,102.89
267,loyal,2026-05-22,97.49
267,loyal,2026-05-05,100.02
267,loyal,2026-04-03,70.87
267,loyal,2026-03-04,152.12
267,loyal,2026-02-01,67.32
267,loyal,2025-12-13,103.99
267,loyal,2025-09-23,141.37
267,loyal,2025-08-11,109.09
267,loyal,2025-08-01,80.62
267,loyal,2025-07-24,69.54
267,loyal,2025-07-18,103.1
267,loyal,2025-04-12,87.29
267,loyal,2025-03-22,116.16
268,loyal,2026-07-08,107.27
268,loyal,2026-05-25,85.08
268,loyal,2025-12-25,49.31
268,loyal,2025-11-08,93.17
268,loyal,2025-10-22,120.79
268,loyal,2025-10-11,114.09
268,loyal,2025-10-05,145.99
268,loyal,2025-08-23,168.66
268,loyal,2025-08-11,132.78
268,loyal,2025-07-04,151.48
268,loyal,2025-06-19,133.0
268,loyal,2025-04-15,161.3
268,loyal,2025-04-01,165.53
269,champion,2026-08-05,238.31
269,champion,2026-06-11,192.01
269,champion,2026-06-08,237.77
269,champion,2026-05-28,130.33
269,champion,2026-04-18,275.9
269,champion,2026-03-30,223.48
269,champion,2026-03-09,188.37
269,champion,2026-01-08,237.0
269,champion,2026-01-03,133.25
269,champion,2025-12-18,168.46
269,champion,2025-12-05,237.77
269,champion,2025-10-25,105.32
269,champion,2025-10-06,202.42
269,champion,2025-09-02,201.29
269,champion,2025-08-28,258.77
269,champion,2025-08-09,116.68
269,champion,2025-06-22,244.39
269,champion,2025-04-13,157.62
269,champion,2025-03-19,162.12
270,champion,2026-08-14,138.23
270,champion,2026-08-14,183.04
270,champion,2026-07-24,198.83
270,champion,2026-05-30,121.57
270,champion,2026-05-25,144.38
270,champion,2026-05-23,151.23
270,champion,2026-05-17,171.69
270,champion,2026-05-13,149.56
270,champion,2026-04-09,208.28
270,champion,2026-02-25,115.79
270,champion,2026-01-15,116.81
270,champion,2026-01-11,166.64
270,champion,2025-12-21,172.97
270,champion,2025-12-07,121.81
270,champion,2025-11-30,155.73
270,champion,2025-11-14,163.96
270,champion,2025-11-08,164.27
270,champion,2025-10-25,186.08
270,champion,2025-09-09,153.54
270,champion,2025-08-08,239.11
270,champion,2025-07-30,199.53
270,champion,2025-06-26,147.72
270,champion,2025-04-16,183.78
271,loyal,2026-08-04,104.59
271,loyal,2026-07-17,160.41
271,loyal,2026-07-13,112.35
271,loyal,2026-02-11,97.83
271,loyal,2026-02-09,96.21
271,loyal,2026-01-12,73.61
271,loyal,2025-11-02,126.7
271,loyal,2025-10-31,85.4
271,loyal,2025-09-29,142.94
271,loyal,2025-09-26,71.21
271,loyal,2025-05-13,113.82
271,loyal,2025-05-12,144.51
271,loyal,2025-03-20,45.43
271,loyal,2025-03-12,170.55
272,champion,2026-08-10,239.82
272,champion,2026-07-05,181.07
272,champion,2026-06-30,222.44
272,champion,2026-05-14,152.46
272,champion,2026-05-12,205.03
272,champion,2026-04-28,169.87
272,champion,2026-04-20,243.16
272,champion,2026-03-16,197.55
272,champion,2026-03-08,217.44
272,champion,2026-02-07,93.44
272,champion,2025-10-17,176.58
272,champion,2025-10-06,196.42
272,champion,2025-09-15,188.94
272,champion,2025-09-08,218.45
272,champion,2025-08-14,165.36
272,champion,2025-07-30,181.95
272,champion,2025-07-13,227.25
272,champion,2025-07-11,88.85
272,champion,2025-07-04,203.57
272,champion,2025-05-28,166.64
272,champion,2025-04-01,143.51
272,champion,2025-03-17,193.46
273,new,2026-07-11,68.95
273,new,2026-05-21,43.85
273,new,2025-10-22,27.88
273,new,2025-07-14,90.8
273,new,2025-03-26,56.33
274,low_value,2025-04-27,18.82
275,at_risk,2026-05-30,60.63
275,at_risk,2026-05-15,129.66
275,at_risk,2026-04-29,135.84
275,at_risk,2026-02-02,101.51
275,at_risk,2025-06-21,42.7
275,at_risk,2025-04-23,90.98
275,at_risk,2025-04-14,101.8
275,at_risk,2025-04-10,54.94
276,at_risk,2026-03-12,182.77
276,at_risk,2026-03-11,68.02
276,at_risk,2026-02-20,75.47
276,at_risk,2026-01-26,210.28
276,at_risk,2026-01-05,109.74
276,at_risk,2025-11-22,46.7
276,at_risk,2025-11-19,124.49
276,at_risk,2025-09-11,63.15
276,at_risk,2025-06-14,126.82
276,at_risk,2025-06-08,87.62
277,new,2026-07-07,76.29
277,new,2026-03-22,73.43
277,new,2026-02-10,38.72
277,new,2026-01-04,67.75
277,new,2025-10-27,75.53
277,new,2025-09-07,59.6
277,new,2025-05-10,78.44
278,low_value,2025-10-10,17.66
278,low_value,2025-07-15,80.81
279,low_value,2026-02-23,72.72
279,low_value,2025-09-03,53.89
280,champion,2026-08-09,157.1
280,champion,2026-06-30,158.84
280,champion,2026-06-04,137.12
280,champion,2026-06-02,220.63
280,champion,2026-05-21,141.24
280,champion,2026-05-13,152.04
280,champion,2026-03-30,230.22
280,champion,2026-03-26,157.18
280,champion,2026-02-24,172.47
280,champion,2026-02-10,139.52
280,champion,2026-01-09,213.32
280,champion,2025-12-09,213.87
280,champion,2025-10-21,209.56
280,champion,2025-09-07,201.5
280,champion,2025-08-08,182.94
280,champion,2025-08-03,159.02
280,champion,2025-07-09,147.4
280,champion,2025-06-11,231.6
280,champion,2025-05-04,210.59
280,champion,2025-04-03,152.27
281,loyal,2026-08-05,65.63
281,loyal,2026-06-04,63.09
281,loyal,2026-04-30,98.86
281,loyal,2026-04-22,107.45
281,loyal,2026-04-18,83.74
281,loyal,2026-03-30,129.52
281,loyal,2025-04-26,108.03
282,loyal,2026-08-16,99.85
282,loyal,2026-08-13,141.88
282,loyal,2025-11-20,76.32
282,loyal,2025-11-09,89.67
282,loyal,2025-10-22,121.43
282,loyal,2025-10-15,145.11
282,loyal,2025-07-22,160.0
282,loyal,2025-06-20,111.24
282,loyal,2025-04-29,165.13
282,loyal,2025-04-01,101.31
283,loyal,2026-06-17,70.63
283,loyal,2026-06-03,122.81
283,loyal,2026-03-26,137.19
283,loyal,2025-12-07,94.96
283,loyal,2025-12-03,80.93
283,loyal,2025-08-17,95.77
283,loyal,2025-07-22,81.03
284,new,2026-01-11,111.86
285,at_risk,2026-01-04,116.56
285,at_risk,2026-01-03,160.19
285,at_risk,2025-09-18,111.51
285,at_risk,2025-08-27,114.82
285,at_risk,2025-08-22,118.53
285,at_risk,2025-07-13,43.87
285,at_risk,2025-07-04,111.11
286,champion,2026-08-23,164.14
286,champion,2026-08-19,241.59
286,champion,2026-08-04,155.75
286,champion,2026-05-24,222.05
286,champion,2026-05-03,251.03
286,champion,2026-02-18,145.96
286,champion,2025-12-11,172.27
286,champion,2025-11-08,195.55
286,champion,2025-10-24,145.71
286,champion,2025-10-23,190.81
286,champion,2025-10-14,171.0
286,champion,2025-08-27,170.2
286,champion,2025-07-27,181.96
286,champion,2025-04-29,182.85
286,champion,2025-04-05,186.56
287,at_risk,2026-07-24,69.43
287,at_risk,2026-05-31,85.2
287,at_risk,2026-05-01,65.04
287,at_risk,2025-04-07,152.02
288,new,2025-12-29,41.8
288,new,2025-11-12,106.6
288,new,2025-09-19,90.76
288,new,2025-07-28,102.98
288,new,2025-03-19,104.69
289,loyal,2026-07-12,150.08
289,loyal,2026-01-31,160.9
289,loyal,2025-12-09,79.31
289,loyal,2025-12-03,95.45
289,loyal,2025-11-16,79.01
289,loyal,2025-09-20,73.1
289,loyal,2025-08-26,130.01
289,loyal,2025-08-12,104.1
289,loyal,2025-08-03,111.57
289,loyal,2025-07-02,126.69
289,loyal,2025-05-16,54.28
289,loyal,2025-04-25,148.6
290,low_value,2026-04-13,72.42
291,champion,2026-07-28,178.36
291,champion,2026-06-30,183.16
291,champion,2026-06-27,162.37
291,champion,2026-06-18,198.51
291,champion,2026-05-11,233.97
291,champion,2026-05-06,205.91
291,champion,2026-04-13,207.47
291,champion,2026-04-05,204.25
291,champion,2026-04-04,124.79
291,champion,2026-03-28,144.96
291,champion,2026-03-16,171.8
291,champion,2026-02-03,150.97
291,champion,2025-12-23,137.42
291,champion,2025-12-18,105.11
291,champion,2025-12-14,126.14
291,champion,2025-11-15,169.74
291,champion,2025-11-05,177.22
291,champion,2025-09-14,148.28
291,champion,2025-09-13,183.16
291,champion,2025-05-01,162.65
291,champion,2025-04-08,223.62
291,champion,2025-03-23,173.53
292,low_value,2026-08-25,42.84
292,low_value,2025-04-20,30.1
293,loyal,2026-07-11,65.56
293,loyal,2026-05-12,82.67
293,loyal,2026-01-16,194.13
293,loyal,2025-12-31,101.81
293,loyal,2025-10-19,53.27
293,loyal,2025-09-26,92.52
293,loyal,2025-03-29,26.93
293,loyal,2025-03-12,117.23
294,low_value,2026-06-02,42.02
294,low_value,2025-11-24,55.98
294,low_value,2025-09-21,49.01
294,low_value,2025-07-30,49.13
294,low_value,2025-04-26,16.07
294,low_value,2025-03-17,54.85
295,low_value,2026-01-18,25.39
295,low_value,2025-06-24,10.0
295,low_value,2025-05-09,66.58
295,low_value,2025-03-30,47.23
296,low_value,2025-04-06,36.52
297,low_value,2025-07-15,69.95
297,low_value,2025-04-06,67.67
298,low_value,2025-06-28,22.88
299,new,2025-10-02,68.69
299,new,2025-08-18,78.77
299,new,2025-08-12,66.14
299,new,2025-07-27,96.23
300,low_value,2026-02-28,48.88
300,low_value,2026-02-26,52.53
300,low_value,2026-02-22,32.35
300,low_value,2025-06-24,32.38
301,loyal,2026-05-04,103.69
301,loyal,2026-03-25,105.03
301,loyal,2026-02-04,70.04
301,loyal,2026-01-26,103.86
301,loyal,2026-01-09,72.15
301,loyal,2025-12-29,54.56
301,loyal,2025-12-14,77.44
301,loyal,2025-12-04,155.26
301,loyal,2025-11-14,101.88
301,loyal,2025-11-03,116.6
301,loyal,2025-09-27,94.6
301,loyal,2025-09-25,56.28
301,loyal,2025-09-13,138.08
301,loyal,2025-09-11,44.83
301,loyal,2025-07-05,93.36
301,loyal,2025-06-21,108.36
301,loyal,2025-06-20,116.91
301,loyal,2025-04-12,88.21
301,loyal,2025-03-15,54.86
302,new,2026-07-26,89.78
302,new,2025-11-13,65.69
302,new,2025-10-31,80.86
302,new,2025-04-19,32.43
302,new,2025-03-15,10.0
303,new,2026-07-30,53.67
303,new,2026-04-18,32.55
303,new,2025-11-05,108.81
303,new,2025-07-17,80.54
303,new,2025-07-09,81.33
303,new,2025-06-06,147.92
304,low_value,2025-10-22,36.95
304,low_value,2025-07-30,33.26
305,new,2026-08-08,88.83
305,new,2026-01-04,74.07
305,new,2025-12-26,64.49
305,new,2025-11-29,108.26
305,new,2025-11-09,58.05
305,new,2025-07-05,79.78
306,at_risk,2026-03-15,88.26
306,at_risk,2026-01-28,91.42
306,at_risk,2026-01-26,94.22
306,at_risk,2025-12-06,142.05
306,at_risk,2025-10-12,94.31
306,at_risk,2025-07-20,132.99
306,at_risk,2025-07-13,127.9
306,at_risk,2025-05-29,118.35
306,at_risk,2025-04-08,32.47
307,new,2026-07-07,37.47
307,new,2026-05-03,69.66
307,new,2026-03-15,42.93
307,new,2026-01-10,60.11
307,new,2025-08-11,93.13
307,new,2025-07-13,76.35
308,loyal,2026-08-01,165.43
308,loyal,2026-05-22,109.48
308,loyal,2026-05-12,107.56
308,loyal,2026-01-09,97.85
308,loyal,2025-11-25,145.4
308,loyal,2025-09-16,94.25
308,loyal,2025-06-21,63.65
308,loyal,2025-05-25,89.64
308,loyal,2025-05-22,149.8
309,loyal,2026-07-18,119.26
309,loyal,2026-05-27,59.39
309,loyal,2026-03-28,104.32
309,loyal,2026-03-06,100.91
309,loyal,2026-02-10,140.84
309,loyal,2025-10-06,54.67
309,loyal,2025-09-28,98.55
309,loyal,2025-08-17,95.55
309,loyal,2025-08-15,138.8
309,loyal,2025-08-10,108.69
309,loyal,2025-06-25,163.88
309,loyal,2025-05-20,129.87
309,loyal,2025-04-08,97.69
309,loyal,2025-03-25,117.19
310,new,2026-04-10,69.51
310,new,2026-04-08,68.35
310,new,2026-03-12,85.83
310,new,2026-03-03,56.26
310,new,2026-02-26,42.3
310,new,2025-08-07,59.67
310,new,2025-07-26,70.84
311,at_risk,2026-06-30,95.93
311,at_risk,2026-06-26,50.11
311,at_risk,2026-03-21,87.83
311,at_risk,2025-09-19,73.08
311,at_risk,2025-07-17,80.9
311,at_risk,2025-07-17,68.75
311,at_risk,2025-07-11,84.95
311,at_risk,2025-05-28,113.63
311,at_risk,2025-05-13,90.82
312,loyal,2026-07-06,86.38
312,loyal,2026-07-05,117.41
312,loyal,2026-06-30,95.9
312,loyal,2026-05-24,75.85
312,loyal,2025-09-03,132.26
312,loyal,2025-06-30,134.54
313,at_risk,2026-02-09,54.31
313,at_risk,2025-11-08,75.27
313,at_risk,2025-10-07,63.33
313,at_risk,2025-07-24,75.27
313,at_risk,2025-07-08,131.1
313,at_risk,2025-06-03,146.73
313,at_risk,2025-04-15,70.47
314,at_risk,2026-05-13,61.66
314,at_risk,2026-01-15,61.05
314,at_risk,2025-11-24,147.74
314,at_risk,2025-10-04,60.79
314,at_risk,2025-09-20,132.75
314,at_risk,2025-08-15,79.72
314,at_risk,2025-08-05,94.1
314,at_risk,2025-07-15,114.66
314,at_risk,2025-06-01,74.05
314,at_risk,2025-05-02,114.88
314,at_risk,2025-04-11,23.37
315,at_risk,2026-05-23,140.6
315,at_risk,2026-04-14,101.52
315,at_risk,2025-09-08,23.88
315,at_risk,2025-07-19,94.54
315,at_risk,2025-03-24,105.9
316,at_risk,2026-05-19,138.02
316,at_risk,2026-05-01,76.08
316,at_risk,2026-03-06,86.54
316,at_risk,2026-02-20,132.06
316,at_risk,2026-02-03,91.78
316,at_risk,2025-12-17,56.19
316,at_risk,2025-12-14,184.31
316,at_risk,2025-07-31,57.25
316,at_risk,2025-04-08,92.74
317,low_value,2026-03-12,40.3
317,low_value,2025-06-26,22.68
318,loyal,2026-05-11,74.1
318,loyal,2026-01-25,92.69
318,loyal,2025-12-28,83.05
318,loyal,2025-10-09,153.28
318,loyal,2025-07-19,83.92
318,loyal,2025-07-12,126.87
318,loyal,2025-06-17,139.1
318,loyal,2025-05-05,105.62
318,loyal,2025-04-19,68.7
318,loyal,2025-04-09,69.08
318,loyal,2025-03-25,135.79
319,low_value,2026-03-17,25.49
319,low_value,2025-07-01,59.3
319,low_value,2025-06-04,32.41
320,low_value,2026-02-20,23.76
320,low_value,2026-01-25,44.84
320,low_value,2025-10-02,58.46
320,low_value,2025-07-11,41.19
320,low_value,2025-06-18,68.04
321,new,2026-08-27,51.17
321,new,2026-03-10,92.95
321,new,2025-12-26,94.88
321,new,2025-10-29,84.42
321,new,2025-08-16,79.89
321,new,2025-07-08,32.57
321,new,2025-06-25,84.77
321,new,2025-05-21,85.73
322,at_risk,2026-05-13,94.15
322,at_risk,2026-04-15,75.3
322,at_risk,2026-04-02,94.75
322,at_risk,2026-03-10,119.93
322,at_risk,2026-01-02,80.6
322,at_risk,2025-12-01,113.14
322,at_risk,2025-10-13,66.55
322,at_risk,2025-10-02,121.57
322,at_risk,2025-09-03,74.7
322,at_risk,2025-08-25,124.81
322,at_risk,2025-07-04,97.13
322,at_risk,2025-05-06,148.23
322,at_risk,2025-04-08,54.61
323,new,2026-05-06,111.26
323,new,2025-11-12,51.61
323,new,2025-06-16,36.95
323,new,2025-05-08,89.9
323,new,2025-04-12,64.61
324,low_value,2026-02-02,59.83
324,low_value,2025-11-03,56.5
324,low_value,2025-06-03,16.79
325,low_value,2026-02-06,23.04
325,low_value,2025-06-25,35.44
325,low_value,2025-04-01,31.55
326,low_value,2025-12-24,11.5
326,low_value,2025-06-15,37.95
326,low_value,2025-04-03,13.05
327,new,2026-08-06,89.21
327,new,2025-12-28,67.76
327,new,2025-09-09,83.22
327,new,2025-06-23,88.64
327,new,2025-04-30,75.01
327,new,2025-04-19,66.43
327,new,2025-04-17,33.87
327,new,2025-03-24,84.98
328,new,2026-06-16,66.51
328,new,2026-05-24,78.37
328,new,2026-04-19,86.91
328,new,2025-06-07,65.05
328,new,2025-05-03,15.19
329,loyal,2026-05-09,112.27
329,loyal,2026-04-26,123.83
329,loyal,2026-04-21,101.97
329,loyal,2026-03-12,129.76
329,loyal,2026-02-20,157.36
329,loyal,2026-01-26,106.06
329,loyal,2025-11-02,161.89
329,loyal,2025-10-24,91.65
329,loyal,2025-08-26,132.92
330,low_value,2025-10-23,47.93
330,low_value,2025-10-07,43.55
330,low_value,2025-07-12,43.63
331,loyal,2026-06-13,171.21
331,loyal,2026-05-04,70.4
331,loyal,2026-01-29,122.78
331,loyal,2026-01-16,117.45
331,loyal,2026-01-08,120.01
331,loyal,2026-01-07,147.09
331,loyal,2025-11-26,146.47
331,loyal,2025-09-21,96.47
331,loyal,2025-08-29,115.82
331,loyal,2025-06-21,54.08
331,loyal,2025-04-16,112.97
331,loyal,2025-03-26,86.18
332,low_value,2025-12-24,28.01
332,low_value,2025-08-05,68.09
332,low_value,2025-05-13,56.76
333,low_value,2025-06-13,15.69
333,low_value,2025-05-01,59.92
334,loyal,2026-07-14,135.28
334,loyal,2026-06-02,61.18
334,loyal,2026-05-17,106.06
334,loyal,2026-05-08,68.48
334,loyal,2026-05-05,118.3
334,loyal,2026-04-14,159.26
334,loyal,2026-03-13,95.78
334,loyal,2026-02-11,113.82
334,loyal,2026-02-06,132.69
334,loyal,2025-12-30,47.97
334,loyal,2025-12-19,94.34
334,loyal,2025-08-09,120.94
334,loyal,2025-06-27,23.09
334,loyal,2025-06-16,80.7
334,loyal,2025-04-19,143.03
334,loyal,2025-04-05,140.09
335,new,2026-06-06,54.19
335,new,2026-01-19,101.59
335,new,2025-11-16,108.04
336,loyal,2026-08-21,122.77
336,loyal,2026-08-03,77.44
336,loyal,2026-07-13,129.02
336,loyal,2026-02-12,151.37
336,loyal,2026-01-15,158.93
336,loyal,2025-11-30,131.26
336,loyal,2025-10-28,68.54
336,loyal,2025-07-22,115.92
336,loyal,2025-06-11,174.19
337,low_value,2025-11-04,69.48
337,low_value,2025-05-30,21.08
337,low_value,2025-05-23,41.06
337,low_value,2025-04-06,43.69
338,loyal,2026-07-21,141.01
338,loyal,2026-04-15,130.41
338,loyal,2026-02-21,130.74
338,loyal,2026-01-31,112.99
338,loyal,2026-01-24,71.06
338,loyal,2025-07-30,90.88
338,loyal,2025-04-25,103.59
339,low_value,2026-02-13,69.94
340,loyal,2026-06-08,85.26
340,loyal,2026-01-29,106.69
340,loyal,2026-01-04,132.04
340,loyal,2025-12-17,94.53
340,loyal,2025-12-12,85.04
340,loyal,2025-09-14,131.82
340,loyal,2025-08-29,95.95
340,loyal,2025-08-17,126.26
340,loyal,2025-07-16,76.65
340,loyal,2025-07-12,69.43
340,loyal,2025-06-05,132.66
341,low_value,2026-02-04,29.1
342,low_value,2026-07-04,57.99
342,low_value,2026-05-17,24.01
342,low_value,2025-10-13,58.52
342,low_value,2025-09-15,54.09
342,low_value,2025-08-13,75.2
342,low_value,2025-03-31,56.38
343,new,2026-08-19,97.43
343,new,2026-07-29,78.74
343,new,2026-01-19,44.53
343,new,2025-08-14,65.16
343,new,2025-08-02,26.42
343,new,2025-05-12,70.88
343,new,2025-05-01,65.04
344,low_value,2025-11-28,36.77
344,low_value,2025-11-26,31.26
344,low_value,2025-11-17,30.61
344,low_value,2025-08-29,38.47
344,low_value,2025-06-10,42.96
345,low_value,2026-06-14,42.5
345,low_value,2026-05-12,20.73
345,low_value,2026-03-24,80.16
345,low_value,2026-02-28,23.6
345,low_value,2025-10-05,58.22
345,low_value,2025-06-01,49.0
346,low_value,2025-11-13,48.27
346,low_value,2025-11-09,19.14
346,low_value,2025-09-06,24.33
347,loyal,2026-04-30,82.51
347,loyal,2026-03-05,148.07
347,loyal,2026-03-04,110.02
347,loyal,2025-11-11,105.45
347,loyal,2025-10-07,127.75
347,loyal,2025-08-18,79.85
347,loyal,2025-08-05,71.33
347,loyal,2025-06-08,122.25
347,loyal,2025-06-03,77.01
347,loyal,2025-05-19,77.0
347,loyal,2025-04-14,135.1
347,loyal,2025-03-23,125.75
348,new,2026-07-24,62.6
348,new,2026-04-20,59.34
348,new,2025-12-19,75.8
348,new,2025-12-16,80.27
348,new,2025-09-08,74.96
348,new,2025-09-06,40.54
348,new,2025-07-10,45.03
348,new,2025-05-24,79.97
348,new,2025-05-10,106.79
349,loyal,2026-06-21,149.35
349,loyal,2026-06-15,103.93
349,loyal,2026-05-15,114.66
349,loyal,2026-04-22,127.21
349,loyal,2026-03-17,87.78
349,loyal,2026-02-15,115.81
349,loyal,2025-11-18,118.23
349,loyal,2025-11-18,63.38
349,loyal,2025-10-03,117.58
349,loyal,2025-06-24,108.63
349,loyal,2025-04-09,113.9
349,loyal,2025-03-27,111.07
349,loyal,2025-03-24,117.78
349,loyal,2025-03-17,150.12
350,new,2026-04-20,62.32
350,new,2025-12-23,45.18
350,new,2025-11-23,62.14
350,new,2025-06-27,87.8
351,loyal,2026-07-12,124.07
351,loyal,2026-06-15,104.24
351,loyal,2026-04-28,156.97
351,loyal,2026-03-14,97.46
351,loyal,2026-02-18,115.36
351,loyal,2026-01-30,128.2
351,loyal,2025-11-19,83.78
351,loyal,2025-11-06,107.81
351,loyal,2025-08-17,102.0
351,loyal,2025-08-10,94.59
351,loyal,2025-07-09,96.81
351,loyal,2025-07-07,143.36
351,loyal,2025-06-23,92.04
351,loyal,2025-06-03,126.99
351,loyal,2025-04-15,119.44
351,loyal,2025-04-10,68.09
352,new,2026-07-20,87.42
352,new,2026-06-10,66.41
352,new,2026-03-31,23.62
352,new,2026-01-28,86.87
352,new,2025-12-03,55.87
352,new,2025-10-26,83.6
352,new,2025-09-22,64.53
352,new,2025-07-23,75.95
352,new,2025-03-27,50.63
353,new,2026-08-24,31.16
353,new,2026-07-21,107.58
353,new,2026-05-22,98.22
353,new,2026-04-12,69.22
353,new,2025-10-26,39.37
354,new,2026-05-08,49.4
354,new,2026-04-02,62.54
354,new,2026-03-31,91.84
354,new,2026-03-01,57.14
354,new,2026-01-04,75.94
354,new,2025-12-24,69.68
354,new,2025-10-26,55.78
354,new,2025-05-18,56.85
354,new,2025-05-14,77.33
354,new,2025-05-02,45.58
354,new,2025-04-03,81.29
355,new,2026-06-22,58.24
355,new,2026-02-09,70.69
355,new,2025-10-15,118.08
356,low_value,2025-10-13,51.63
356,low_value,2025-03-26,48.69
357,low_value,2025-07-29,21.82
357,low_value,2025-05-19,54.67
357,low_value,2025-03-17,37.28
358,new,2026-07-26,74.49
358,new,2026-03-30,88.6
358,new,2025-09-07,72.75
358,new,2025-07-21,28.42
358,new,2025-05-18,95.22
359,new,2026-08-01,75.81
359,new,2026-03-19,99.82
359,new,2026-02-25,68.64
359,new,2025-09-29,83.28
359,new,2025-08-25,71.16
359,new,2025-06-15,73.12
359,new,2025-05-27,113.09
359,new,2025-04-30,100.04
360,low_value,2026-03-13,59.98
360,low_value,2025-11-14,22.81
360,low_value,2025-03-16,64.54
361,loyal,2026-08-19,131.84
361,loyal,2026-04-16,70.17
361,loyal,2026-03-19,170.29
361,loyal,2026-03-07,141.97
361,loyal,2026-01-17,94.71
361,loyal,2025-12-24,79.11
361,loyal,2025-10-08,125.14
361,loyal,2025-09-16,101.65
361,loyal,2025-05-22,119.9
361,loyal,2025-04-07,132.3
361,loyal,2025-03-21,93.01
362,loyal,2026-04-10,131.45
362,loyal,2026-03-15,128.18
362,loyal,2025-12-20,86.35
362,loyal,2025-11-30,74.95
362,loyal,2025-10-07,110.47
362,loyal,2025-08-20,126.83
363,loyal,2026-05-20,103.21
363,loyal,2026-04-24,112.88
363,loyal,2026-03-25,115.83
363,loyal,2026-02-22,144.2
363,loyal,2026-01-16,112.54
363,loyal,2025-12-13,148.32
363,loyal,2025-09-24,106.47
363,loyal,2025-09-19,99.5
363,loyal,2025-08-24,89.92
363,loyal,2025-08-12,55.49
363,loyal,2025-07-22,118.27
363,loyal,2025-07-01,171.62
363,loyal,2025-07-01,123.75
363,loyal,2025-06-11,130.6
363,loyal,2025-05-17,97.61
364,low_value,2026-05-27,49.19
364,low_value,2026-01-03,29.93
364,low_value,2025-10-11,16.04
365,at_risk,2026-07-30,82.04
365,at_risk,2026-05-03,83.77
365,at_risk,2026-02-01,73.42
365,at_risk,2025-08-16,127.43
366,low_value,2026-02-15,94.51
366,low_value,2026-01-15,41.1
366,low_value,2025-12-07,56.12
366,low_value,2025-10-19,57.93
366,low_value,2025-10-13,59.63
366,low_value,2025-08-21,50.79
366,low_value,2025-07-31,48.88
367,low_value,2025-07-22,51.51
368,at_risk,2026-07-25,127.03
368,at_risk,2026-06-11,90.47
368,at_risk,2026-05-12,77.73
368,at_risk,2026-05-09,130.33
368,at_risk,2026-04-25,133.62
368,at_risk,2026-04-13,79.26
368,at_risk,2026-03-17,102.43
368,at_risk,2026-01-14,52.7
368,at_risk,2025-11-24,63.66
368,at_risk,2025-10-02,99.35
368,at_risk,2025-06-13,96.1
368,at_risk,2025-04-24,61.16
369,low_value,2026-04-24,10.0
369,low_value,2026-02-15,45.63
369,low_value,2025-12-27,77.79
369,low_value,2025-09-23,78.47
370,low_value,2025-11-30,46.57
370,low_value,2025-10-19,40.94
370,low_value,2025-10-18,42.17
370,low_value,2025-09-13,41.51
370,low_value,2025-09-02,45.45
370,low_value,2025-08-30,55.8
370,low_value,2025-08-27,47.99
371,loyal,2026-08-27,99.64
371,loyal,2026-04-11,81.49
371,loyal,2026-02-25,175.64
371,loyal,2026-02-05,94.9
371,loyal,2025-10-19,94.97
371,loyal,2025-07-02,98.88
371,loyal,2025-06-14,112.87
371,loyal,2025-05-14,100.15
371,loyal,2025-04-28,106.01
371,loyal,2025-04-19,10.0
371,loyal,2025-03-15,111.71
371,loyal,2025-03-12,110.53
372,at_risk,2026-03-08,101.34
372,at_risk,2025-11-23,147.38
372,at_risk,2025-11-06,68.79
372,at_risk,2025-08-28,131.67
372,at_risk,2025-08-27,72.17
372,at_risk,2025-05-09,102.89
373,at_risk,2026-05-09,51.75
373,at_risk,2026-02-24,53.14
373,at_risk,2026-01-07,99.87
373,at_risk,2025-11-28,55.47
373,at_risk,2025-09-21,40.32
373,at_risk,2025-08-31,117.24
373,at_risk,2025-08-28,118.96
373,at_risk,2025-04-30,82.12
373,at_risk,2025-03-29,105.28
373,at_risk,2025-03-26,101.58
374,loyal,2026-08-13,112.43
374,loyal,2026-08-10,155.24
374,loyal,2026-08-01,143.81
374,loyal,2026-07-27,106.44
374,loyal,2026-05-26,104.06
374,loyal,2026-03-24,24.49
374,loyal,2026-03-14,100.2
374,loyal,2026-01-29,69.4
374,loyal,2025-08-21,116.64
374,loyal,2025-07-08,114.59
374,loyal,2025-06-18,130.88
374,loyal,2025-05-16,151.9
374,loyal,2025-05-13,109.21
374,loyal,2025-03-22,178.41
375,loyal,2026-06-27,96.56
375,loyal,2026-05-11,134.34
375,loyal,2026-05-04,129.24
375,loyal,2026-04-08,145.0
375,loyal,2026-03-06,100.07
375,loyal,2026-02-25,146.08
375,loyal,2026-01-05,69.08
375,loyal,2025-10-23,68.35
375,loyal,2025-05-16,73.59
375,loyal,2025-04-30,110.28
375,loyal,2025-04-03,146.07
376,low_value,2025-12-17,18.09
376,low_value,2025-12-09,33.57
376,low_value,2025-04-26,68.55
377,at_risk,2025-07-27,96.96
377,at_risk,2025-07-15,42.55
377,at_risk,2025-03-29,175.13
378,at_risk,2026-04-03,104.84
378,at_risk,2026-04-03,89.88
378,at_risk,2026-01-20,86.22
378,at_risk,2025-11-19,64.61
378,at_risk,2025-08-10,122.67
378,at_risk,2025-04-09,147.14
379,low_value,2026-08-05,14.47
379,low_value,2025-11-23,18.97
380,new,2026-04-08,119.26
380,new,2026-01-10,52.53
380,new,2025-09-25,91.59
380,new,2025-03-21,58.0
381,low_value,2026-05-22,50.47
381,low_value,2026-04-18,53.7
381,low_value,2025-05-30,47.63
381,low_value,2025-05-21,34.89
381,low_value,2025-03-27,44.97
382,low_value,2026-06-18,43.71
382,low_value,2026-05-31,53.77
382,low_value,2026-05-09,48.17
382,low_value,2025-12-30,10.0
382,low_value,2025-04-25,38.53
382,low_value,2025-03-22,53.5
383,new,2026-08-08,81.42
383,new,2026-06-12,61.27
383,new,2025-11-01,89.18
383,new,2025-08-11,90.4
383,new,2025-06-26,65.23
383,new,2025-06-15,61.22
383,new,2025-05-17,98.33
384,at_risk,2026-04-24,102.15
384,at_risk,2026-04-18,119.48
384,at_risk,2026-04-18,32.62
384,at_risk,2026-01-21,118.97
384,at_risk,2026-01-09,36.41
384,at_risk,2025-12-31,90.88
384,at_risk,2025-12-20,54.28
384,at_risk,2025-12-03,145.09
384,at_risk,2025-11-05,54.5
384,at_risk,2025-11-05,37.24
384,at_risk,2025-10-10,99.67
384,at_risk,2025-04-30,80.52
384,at_risk,2025-04-16,42.34
385,low_value,2025-11-25,70.91
385,low_value,2025-04-22,67.06
386,low_value,2025-10-10,69.68
386,low_value,2025-05-13,54.26
387,low_value,2026-04-21,75.56
387,low_value,2025-09-18,54.22
387,low_value,2025-08-11,37.36
387,low_value,2025-07-24,22.08
388,loyal,2026-08-02,106.36
388,loyal,2026-06-18,79.0
388,loyal,2026-02-23,117.85
388,loyal,2026-02-15,69.51
388,loyal,2026-02-10,96.01
388,loyal,2026-01-03,86.05
388,loyal,2025-12-16,95.01
388,loyal,2025-10-19,107.86
388,loyal,2025-08-22,79.53
388,loyal,2025-07-21,157.2
388,loyal,2025-06-27,124.8
388,loyal,2025-06-14,163.84
388,loyal,2025-05-27,105.2
388,loyal,2025-05-04,93.54
388,loyal,2025-04-16,162.75
389,low_value,2026-02-16,27.75
389,low_value,2026-01-12,87.2
389,low_value,2025-12-10,14.47
389,low_value,2025-10-31,16.47
389,low_value,2025-06-13,56.3
389,low_value,2025-04-25,77.5
390,new,2026-08-06,92.35
390,new,2026-08-03,77.8
390,new,2026-07-30,40.79
390,new,2026-07-03,87.26
390,new,2026-05-03,69.97
390,new,2026-03-25,57.93
390,new,2026-01-25,62.63
390,new,2025-10-03,52.74
390,new,2025-09-12,92.22
390,new,2025-07-29,34.55
391,loyal,2026-07-17,107.83
391,loyal,2026-06-17,143.67
391,loyal,2026-06-11,157.74
391,loyal,2026-04-24,83.88
391,loyal,2026-04-13,162.56
391,loyal,2026-03-27,43.16
391,loyal,2026-02-16,98.96
391,loyal,2026-02-13,97.48
391,loyal,2026-02-04,144.57
391,loyal,2026-01-27,148.95
391,loyal,2025-12-22,138.63
391,loyal,2025-12-17,69.48
391,loyal,2025-08-05,135.88
391,loyal,2025-03-18,125.27
392,new,2026-08-07,67.93
392,new,2026-04-03,31.2
392,new,2026-01-13,117.14
392,new,2025-08-28,95.11
393,low_value,2026-06-10,51.45
393,low_value,2025-09-17,18.39
394,champion,2026-06-25,136.12
394,champion,2026-06-09,209.47
394,champion,2026-06-01,71.33
394,champion,2026-05-02,162.07
394,champion,2026-04-18,237.03
394,champion,2026-04-10,180.29
394,champion,2026-04-05,215.85
394,champion,2026-03-30,114.33
394,champion,2026-03-23,115.92
394,champion,2026-03-23,237.49
394,champion,2026-01-28,184.05
394,champion,2025-12-22,184.13
394,champion,2025-12-19,135.27
394,champion,2025-12-15,184.03
394,champion,2025-12-10,134.16
394,champion,2025-12-03,227.47
394,champion,2025-11-22,289.11
394,champion,2025-10-29,199.36
394,champion,2025-10-03,154.6
394,champion,2025-09-21,78.65
394,champion,2025-09-09,112.62
394,champion,2025-08-15,242.19
394,champion,2025-07-28,138.83
394,champion,2025-07-20,165.17
394,champion,2025-04-13,206.21
395,new,2026-06-27,79.89
395,new,2026-04-30,87.21
395,new,2026-03-15,71.25
395,new,2026-02-23,130.18
395,new,2026-02-14,105.7
395,new,2025-09-08,99.43
395,new,2025-08-26,89.11
395,new,2025-07-01,114.08
396,low_value,2025-12-12,62.08
396,low_value,2025-11-19,113.72
396,low_value,2025-10-19,53.39
396,low_value,2025-10-07,30.3
396,low_value,2025-08-17,19.07
396,low_value,2025-04-14,38.49
397,loyal,2026-07-01,122.85
397,loyal,2026-06-11,141.53
397,loyal,2026-03-28,90.05
397,loyal,2026-03-01,137.54
397,loyal,2025-11-26,137.14
397,loyal,2025-09-20,155.39
397,loyal,2025-08-08,59.95
397,loyal,2025-07-29,82.78
397,loyal,2025-07-13,134.69
397,loyal,2025-05-25,30.46
397,loyal,2025-05-15,124.76
397,loyal,2025-04-27,141.79
397,loyal,2025-04-20,92.71
397,loyal,2025-04-17,97.09
398,new,2026-05-22,116.85
398,new,2026-04-21,60.15
398,new,2026-01-21,78.6
398,new,2025-11-09,55.58
399,at_risk,2025-10-22,47.16
399,at_risk,2025-09-18,85.75
399,at_risk,2025-09-11,132.65
399,at_risk,2025-05-15,79.36
400,at_risk,2026-02-23,124.1
400,at_risk,2026-02-19,111.71
400,at_risk,2026-02-16,84.39
400,at_risk,2025-12-23,127.67
400,at_risk,2025-12-03,64.44
400,at_risk,2025-10-23,48.78
400,at_risk,2025-06-22,10.0
401,low_value,2026-04-17,56.9
401,low_value,2026-03-28,64.06
401,low_value,2026-02-04,46.85
401,low_value,2025-12-13,28.72
401,low_value,2025-08-01,35.84
401,low_value,2025-05-12,57.74
402,low_value,2025-07-06,42.93
403,loyal,2026-07-19,97.5
403,loyal,2026-05-25,81.7
403,loyal,2026-03-11,112.43
403,loyal,2025-10-25,117.43
403,loyal,2025-10-05,112.87
403,loyal,2025-09-13,104.6
403,loyal,2025-08-24,77.52
403,loyal,2025-07-05,122.68
403,loyal,2025-07-01,124.13
403,loyal,2025-03-19,116.02
404,low_value,2026-08-07,54.38
404,low_value,2026-06-03,27.45
404,low_value,2026-05-19,37.52
404,low_value,2025-10-30,67.66
404,low_value,2025-03-11,63.46
405,low_value,2026-02-27,65.15
405,low_value,2026-01-10,11.65
405,low_value,2025-12-12,35.93
405,low_value,2025-09-01,65.98
405,low_value,2025-05-23,76.4
406,loyal,2026-05-05,54.1
406,loyal,2026-03-06,101.09
406,loyal,2025-12-31,68.24
406,loyal,2025-12-13,159.2
406,loyal,2025-11-29,174.95
406,loyal,2025-11-11,78.25
406,loyal,2025-09-28,117.7
406,loyal,2025-09-15,81.19
406,loyal,2025-09-06,100.72
406,loyal,2025-09-01,164.1
406,loyal,2025-08-31,96.0
406,loyal,2025-08-08,101.42
406,loyal,2025-08-05,81.72
406,loyal,2025-07-14,144.39
406,loyal,2025-07-06,12.1
407,low_value,2026-04-23,16.53
407,low_value,2026-03-21,70.77
407,low_value,2025-11-24,48.0
407,low_value,2025-08-04,34.93
408,loyal,2026-05-20,75.5
408,loyal,2026-05-20,97.4
408,loyal,2026-05-19,122.97
408,loyal,2026-01-24,113.62
408,loyal,2025-11-21,169.23
408,loyal,2025-11-17,43.69
408,loyal,2025-11-02,124.08
408,loyal,2025-10-28,110.19
408,loyal,2025-08-13,134.47
408,loyal,2025-04-07,131.49
409,low_value,2026-06-16,10.0
409,low_value,2026-04-09,60.54
410,low_value,2026-03-21,41.82
411,low_value,2026-01-30,43.73
411,low_value,2025-09-05,61.15
411,low_value,2025-07-27,12.76
411,low_value,2025-03-16,30.58
412,loyal,2026-06-24,75.97
412,loyal,2026-03-09,108.84
412,loyal,2026-02-18,107.79
412,loyal,2025-11-07,104.13
412,loyal,2025-09-21,84.73
412,loyal,2025-09-20,122.98
412,loyal,2025-08-08,100.48
412,loyal,2025-04-09,143.11
412,loyal,2025-04-08,104.59
412,loyal,2025-03-29,81.06
412,loyal,2025-03-18,59.37
412,loyal,2025-03-11,104.84
413,low_value,2025-03-19,10.0
414,champion,2026-08-14,202.99
414,champion,2026-07-16,175.45
414,champion,2026-07-08,142.28
414,champion,2026-06-13,195.41
414,champion,2026-05-30,177.36
414,champion,2026-05-17,154.84
414,champion,2026-05-06,181.68
414,champion,2026-04-30,174.82
414,champion,2026-04-19,173.85
414,champion,2026-04-13,163.5
414,champion,2026-01-04,127.8
414,champion,2025-12-25,182.99
414,champion,2025-12-21,147.89
414,champion,2025-12-19,139.19
414,champion,2025-10-25,170.37
414,champion,2025-10-20,209.36
414,champion,2025-10-14,187.42
414,champion,2025-09-25,158.75
414,champion,2025-09-22,157.15
414,champion,2025-08-21,205.43
414,champion,2025-08-05,84.13
414,champion,2025-06-21,211.89
414,champion,2025-05-23,105.04
414,champion,2025-04-16,123.38
415,loyal,2026-08-10,83.63
415,loyal,2026-08-04,97.71
415,loyal,2026-06-24,119.14
415,loyal,2026-06-07,76.48
415,loyal,2026-05-29,114.93
415,loyal,2026-04-19,103.63
415,loyal,2026-03-31,90.18
415,loyal,2026-03-22,95.88
415,loyal,2026-01-05,105.36
415,loyal,2025-12-06,86.96
415,loyal,2025-11-25,110.21
415,loyal,2025-11-19,101.65
415,loyal,2025-11-18,91.66
415,loyal,2025-10-10,157.7
415,loyal,2025-09-24,122.46
415,loyal,2025-08-31,98.52
415,loyal,2025-08-18,114.38
415,loyal,2025-05-05,79.2
415,loyal,2025-04-22,96.9
415,loyal,2025-04-02,100.4
416,loyal,2026-07-25,150.09
416,loyal,2026-07-20,89.55
416,loyal,2026-06-25,148.37
416,loyal,2026-06-12,132.25
416,loyal,2026-06-05,104.32
416,loyal,2026-05-01,102.19
416,loyal,2026-04-27,115.43
416,loyal,2025-12-28,136.32
416,loyal,2025-11-04,121.92
416,loyal,2025-10-09,89.7
416,loyal,2025-10-06,104.77
416,loyal,2025-08-28,169.44
416,loyal,2025-08-11,117.54
416,loyal,2025-04-01,136.08
417,low_value,2026-04-19,38.83
417,low_value,2025-12-12,98.58
417,low_value,2025-10-09,14.22
417,low_value,2025-06-03,64.17
417,low_value,2025-04-07,27.75
418,loyal,2026-08-06,129.62
418,loyal,2026-07-26,70.12
418,loyal,2026-07-16,55.8
418,loyal,2026-07-06,103.13
418,loyal,2026-05-31,62.94
418,loyal,2026-05-30,155.55
418,loyal,2026-05-25,64.11
418,loyal,2026-03-15,78.87
418,loyal,2025-12-27,122.41
418,loyal,2025-10-07,92.41
418,loyal,2025-08-17,64.45
418,loyal,2025-07-31,171.2
418,loyal,2025-04-20,79.95
419,low_value,2025-03-11,66.22
420,low_value,2025-05-01,21.63
420,low_value,2025-04-24,85.36
420,low_value,2025-03-13,29.82
421,champion,2026-08-19,219.71
421,champion,2026-08-05,188.6
421,champion,2026-08-05,176.01
421,champion,2026-07-31,122.68
421,champion,2026-07-20,134.29
421,champion,2026-06-04,128.86
421,champion,2026-03-22,232.27
421,champion,2026-01-30,201.22
421,champion,2026-01-14,145.54
421,champion,2026-01-07,157.43
421,champion,2025-12-27,146.99
421,champion,2025-12-27,144.57
421,champion,2025-12-02,198.41
421,champion,2025-11-13,168.5
421,champion,2025-09-02,263.25
421,champion,2025-08-15,230.01
421,champion,2025-06-26,232.38
421,champion,2025-06-15,206.85
421,champion,2025-05-30,163.09
421,champion,2025-05-27,203.91
421,champion,2025-05-09,166.05
421,champion,2025-04-17,245.21
422,champion,2026-08-16,186.75
422,champion,2026-08-14,225.37
422,champion,2026-07-23,153.12
422,champion,2026-07-19,169.28
422,champion,2026-07-19,127.87
422,champion,2026-06-29,164.47
422,champion,2026-05-30,282.96
422,champion,2026-05-13,211.12
422,champion,2026-01-10,169.41
422,champion,2025-12-26,155.53
422,champion,2025-12-14,178.29
422,champion,2025-11-30,185.2
422,champion,2025-08-29,163.24
422,champion,2025-08-02,201.2
422,champion,2025-07-27,141.86
422,champion,2025-05-25,141.66
422,champion,2025-05-21,194.81
422,champion,2025-04-30,133.25
423,champion,2026-08-19,217.34
423,champion,2026-08-08,168.6
423,champion,2026-07-29,172.81
423,champion,2026-07-22,178.69
423,champion,2026-07-21,224.26
423,champion,2026-07-09,192.46
423,champion,2026-07-08,137.71
423,champion,2026-04-18,244.9
423,champion,2026-04-18,168.29
423,champion,2026-04-12,161.78
423,champion,2026-04-05,66.82
423,champion,2026-03-31,205.38
423,champion,2026-03-13,184.04
423,champion,2026-02-07,184.0
423,champion,2025-12-11,163.89
423,champion,2025-12-07,156.99
423,champion,2025-10-06,165.22
423,champion,2025-10-06,198.53
423,champion,2025-09-19,205.56
423,champion,2025-09-12,170.76
423,champion,2025-08-01,217.96
423,champion,2025-06-22,176.84
423,champion,2025-05-31,159.83
423,champion,2025-05-30,187.94
423,champion,2025-04-28,125.62
423,champion,2025-03-17,189.31
424,new,2026-08-06,80.1
424,new,2026-07-28,50.87
424,new,2025-12-02,54.31
424,new,2025-07-26,70.02
424,new,2025-05-11,54.18
425,low_value,2026-04-05,35.72
425,low_value,2025-06-27,56.98
426,loyal,2026-04-01,105.77
426,loyal,2026-02-22,97.55
426,loyal,2026-01-08,31.35
426,loyal,2025-09-02,113.7
426,loyal,2025-08-14,104.53
426,loyal,2025-06-13,148.14
426,loyal,2025-06-11,110.16
427,low_value,2026-07-09,63.45
427,low_value,2026-03-03,10.0
427,low_value,2025-05-26,40.15
428,champion,2026-08-05,202.91
428,champion,2026-08-01,184.05
428,champion,2026-08-01,222.87
428,champion,2026-05-28,177.62
428,champion,2026-05-27,182.24
428,champion,2026-05-18,200.37
428,champion,2026-05-14,153.49
428,champion,2026-05-03,151.75
428,champion,2026-04-14,198.98
428,champion,2026-03-09,178.83
428,champion,2026-01-26,163.71
428,champion,2025-12-04,176.69
428,champion,2025-11-13,243.78
428,champion,2025-10-08,162.28
428,champion,2025-08-25,161.12
428,champion,2025-08-24,111.7
428,champion,2025-08-02,178.31
428,champion,2025-05-20,206.28
429,low_value,2026-04-06,41.61
429,low_value,2025-07-05,18.46
429,low_value,2025-07-04,58.27
429,low_value,2025-05-10,60.61
429,low_value,2025-03-29,76.4
430,low_value,2025-08-21,51.16
430,low_value,2025-07-11,33.95
431,low_value,2026-03-16,63.7
431,low_value,2025-07-12,10.0
432,low_value,2026-04-06,59.64
433,low_value,2026-04-12,34.7
433,low_value,2026-01-03,22.76
433,low_value,2025-10-08,55.57
434,champion,2026-06-18,161.43
434,champion,2026-06-03,213.94
434,champion,2026-05-21,166.51
434,champion,2026-05-06,229.59
434,champion,2026-04-24,178.43
434,champion,2026-04-18,185.27
434,champion,2026-04-16,169.01
434,champion,2026-03-27,159.1
434,champion,2026-02-20,158.12
434,champion,2026-02-16,190.85
434,champion,2026-02-15,149.02
434,champion,2026-02-15,218.13
434,champion,2026-02-13,206.13
434,champion,2026-01-06,223.98
434,champion,2025-11-17,134.84
434,champion,2025-10-08,112.02
434,champion,2025-09-14,179.83
434,champion,2025-08-30,295.95
434,champion,2025-08-20,230.65
434,champion,2025-06-09,157.82
434,champion,2025-05-23,196.98
434,champion,2025-05-20,209.1
434,champion,2025-04-10,125.26
434,champion,2025-04-03,234.79
435,loyal,2026-06-08,145.61
435,loyal,2026-04-08,127.37
435,loyal,2026-03-27,141.27
435,loyal,2026-03-06,128.61
435,loyal,2026-02-28,182.31
435,loyal,2026-02-17,92.35
435,loyal,2026-02-04,121.94
435,loyal,2026-01-14,96.86
435,loyal,2026-01-04,138.7
435,loyal,2025-12-12,108.15
435,loyal,2025-10-19,161.57
435,loyal,2025-06-27,94.08
435,loyal,2025-03-12,152.21
436,loyal,2026-07-22,99.95
436,loyal,2026-06-01,59.51
436,loyal,2026-05-22,135.26
436,loyal,2026-03-12,72.95
436,loyal,2026-03-06,103.47
436,loyal,2026-03-03,129.44
436,loyal,2026-01-17,135.18
436,loyal,2025-07-28,56.76
436,loyal,2025-07-06,107.24
437,new,2025-10-16,49.45
438,low_value,2026-01-23,91.72
438,low_value,2026-01-05,28.24
438,low_value,2025-10-23,46.74
438,low_value,2025-09-15,20.62
439,new,2026-02-10,140.65
440,low_value,2025-11-07,49.28
440,low_value,2025-08-10,10.0
440,low_value,2025-03-16,63.03
441,loyal,2026-07-25,162.13
441,loyal,2026-05-29,170.67
441,loyal,2026-03-11,125.38
441,loyal,2026-01-31,140.96
441,loyal,2026-01-25,17.51
441,loyal,2025-12-31,104.15
441,loyal,2025-11-15,143.06
441,loyal,2025-10-01,137.74
441,loyal,2025-09-26,73.41
441,loyal,2025-09-21,101.19
441,loyal,2025-08-16,33.91
441,loyal,2025-07-13,122.39
441,loyal,2025-06-04,53.5
441,loyal,2025-03-31,143.91
441,loyal,2025-03-18,145.48
441,loyal,2025-03-17,95.77
442,low_value,2025-12-28,57.45
442,low_value,2025-03-18,12.18
443,loyal,2026-08-08,127.28
443,loyal,2026-07-13,123.26
443,loyal,2026-07-07,132.08
443,loyal,2026-06-05,55.26
443,loyal,2026-04-10,56.39
443,loyal,2026-02-24,107.72
443,loyal,2025-12-13,104.07
443,loyal,2025-11-19,127.39
443,loyal,2025-11-06,110.6
443,loyal,2025-09-23,127.46
443,loyal,2025-06-30,72.63
443,loyal,2025-04-30,109.68
443,loyal,2025-04-14,69.77
443,loyal,2025-03-15,121.61
444,loyal,2026-07-26,126.81
444,loyal,2026-06-09,123.22
444,loyal,2026-04-20,128.08
444,loyal,2026-02-22,109.64
444,loyal,2026-02-14,101.8
444,loyal,2026-02-10,77.81
444,loyal,2026-01-31,96.8
444,loyal,2025-12-05,70.36
444,loyal,2025-11-21,84.65
444,loyal,2025-11-09,112.67
444,loyal,2025-11-02,106.47
444,loyal,2025-09-18,201.94
444,loyal,2025-09-01,69.63
444,loyal,2025-08-14,106.25
444,loyal,2025-08-08,67.29
444,loyal,2025-08-04,98.37
444,loyal,2025-03-30,99.59
445,low_value,2025-10-30,40.31
445,low_value,2025-09-22,39.96
445,low_value,2025-09-09,10.58
445,low_value,2025-08-04,55.79
445,low_value,2025-04-18,31.08
446,low_value,2026-05-30,33.72
446,low_value,2026-04-30,56.27
446,low_value,2025-08-22,54.95
446,low_value,2025-03-31,38.07
447,new,2026-07-22,101.93
447,new,2026-05-29,80.28
447,new,2026-01-18,39.92
447,new,2025-05-19,50.31
447,new,2025-04-01,75.78
447,new,2025-03-26,86.99
448,champion,2026-08-28,191.33
448,champion,2026-08-23,155.0
448,champion,2026-08-19,183.08
448,champion,2026-08-02,204.32
448,champion,2026-07-20,258.46
448,champion,2026-07-11,174.95
448,champion,2026-06-19,178.35
448,champion,2026-04-30,241.1
448,champion,2026-03-27,158.03
448,champion,2026-03-22,127.03
448,champion,2026-03-14,190.01
448,champion,2026-03-07,223.05
448,champion,2026-03-06,194.44
448,champion,2026-02-25,176.12
448,champion,2026-02-09,122.06
448,champion,2026-01-07,177.67
448,champion,2026-01-06,229.33
448,champion,2026-01-06,130.64
448,champion,2026-01-04,170.21
448,champion,2026-01-03,164.5
448,champion,2025-12-30,152.09
448,champion,2025-11-21,189.92
448,champion,2025-11-11,197.73
448,champion,2025-09-15,197.31
448,champion,2025-06-18,140.93
448,champion,2025-05-24,114.16
448,champion,2025-04-10,190.5
449,new,2026-07-17,91.77
449,new,2026-03-26,88.96
449,new,2025-12-10,61.14
450,champion,2026-08-20,202.76
450,champion,2026-06-25,147.64
450,champion,2026-06-04,127.03
450,champion,2026-06-03,139.11
450,champion,2026-05-12,191.33
450,champion,2026-03-06,176.14
450,champion,2026-01-20,94.69
450,champion,2025-12-19,164.65
450,champion,2025-11-28,226.77
450,champion,2025-11-25,161.95
450,champion,2025-11-09,173.38
450,champion,2025-06-30,221.72
450,champion,2025-06-10,211.82
450,champion,2025-06-07,220.87
450,champion,2025-06-04,69.1
450,champion,2025-05-12,249.34
450,champion,2025-05-09,205.46
450,champion,2025-05-06,278.46
450,champion,2025-04-29,148.71
450,champion,2025-04-04,109.46
450,champion,2025-04-02,180.29
450,champion,2025-03-29,168.99
451,low_value,2025-12-12,70.2
451,low_value,2025-10-05,66.68
451,low_value,2025-09-04,41.64
451,low_value,2025-06-02,10.0
452,low_value,2025-11-23,44.59
452,low_value,2025-10-21,24.21
453,loyal,2026-08-30,122.75
453,loyal,2026-08-06,54.88
453,loyal,2026-07-30,94.14
453,loyal,2026-04-14,130.89
453,loyal,2026-04-09,91.19
453,loyal,2026-01-12,158.6
453,loyal,2025-11-25,108.1
453,loyal,2025-10-04,112.56
453,loyal,2025-09-08,143.74
453,loyal,2025-08-22,104.51
453,loyal,2025-08-20,115.29
453,loyal,2025-08-09,136.97
453,loyal,2025-06-25,65.83
453,loyal,2025-06-11,101.44
454,loyal,2026-07-10,104.2
454,loyal,2026-04-22,122.01
454,loyal,2026-04-05,132.36
454,loyal,2026-03-30,85.58
454,loyal,2026-02-24,88.79
454,loyal,2026-02-12,115.69
454,loyal,2025-10-20,137.12
454,loyal,2025-07-10,75.02
454,loyal,2025-06-28,104.06
454,loyal,2025-03-21,102.67
455,loyal,2026-07-20,125.48
455,loyal,2026-06-28,119.62
455,loyal,2026-06-05,127.99
455,loyal,2026-06-03,126.53
455,loyal,2026-03-30,172.63
455,loyal,2026-03-01,87.56
455,loyal,2025-10-13,61.42
455,loyal,2025-06-01,78.48
455,loyal,2025-06-01,88.89
455,loyal,2025-04-23,80.77
455,loyal,2025-03-28,112.81
456,low_value,2025-07-23,12.35
456,low_value,2025-03-17,66.06
457,new,2026-07-11,38.81
457,new,2026-05-08,49.76
457,new,2026-03-06,79.81
457,new,2025-11-01,78.59
457,new,2025-07-16,49.99
457,new,2025-05-29,14.73
458,low_value,2026-06-03,47.72
458,low_value,2026-04-18,52.18
458,low_value,2025-12-29,10.0
458,low_value,2025-11-17,22.55
458,low_value,2025-08-09,10.0
459,new,2026-08-20,66.71
459,new,2026-05-11,75.18
459,new,2026-04-28,57.42
459,new,2026-04-19,89.43
459,new,2026-02-06,71.97
459,new,2026-01-28,96.56
459,new,2025-12-18,61.07
459,new,2025-11-19,146.13
459,new,2025-08-08,55.89
460,new,2026-07-18,43.05
460,new,2025-12-07,66.24
460,new,2025-10-29,51.91
460,new,2025-10-19,48.25
460,new,2025-08-28,52.13
460,new,2025-06-01,90.6
461,loyal,2026-06-12,60.84
461,loyal,2026-05-08,69.77
461,loyal,2026-03-05,92.25
461,loyal,2026-01-02,130.49
461,loyal,2025-11-11,146.99
461,loyal,2025-11-07,151.42
461,loyal,2025-09-05,125.89
461,loyal,2025-08-29,107.51
461,loyal,2025-08-26,133.84
461,loyal,2025-08-10,75.66
461,loyal,2025-07-04,54.66
461,loyal,2025-06-11,123.1
461,loyal,2025-05-27,79.83
461,loyal,2025-05-04,108.04
462,low_value,2025-07-31,61.64
463,at_risk,2026-01-26,121.86
463,at_risk,2025-09-15,102.52
463,at_risk,2025-08-18,131.2
463,at_risk,2025-07-15,139.51
463,at_risk,2025-05-07,104.91
463,at_risk,2025-04-06,90.99
464,new,2026-06-25,64.67
464,new,2025-11-30,70.98
464,new,2025-09-11,61.41
464,new,2025-08-29,68.32
464,new,2025-07-02,68.51
464,new,2025-03-11,58.82
465,low_value,2026-04-05,15.91
465,low_value,2025-07-18,35.0
465,low_value,2025-03-25,42.95
466,new,2026-05-04,81.24
466,new,2026-03-15,50.84
466,new,2025-11-26,83.19
466,new,2025-09-19,91.77
466,new,2025-09-19,55.3
466,new,2025-07-13,68.63
467,low_value,2025-08-03,28.96
467,low_value,2025-05-23,40.07
467,low_value,2025-04-19,77.82
468,loyal,2026-05-27,110.61
468,loyal,2026-01-28,54.88
468,loyal,2026-01-21,123.81
468,loyal,2025-11-19,114.84
468,loyal,2025-11-01,169.21
468,loyal,2025-07-06,110.22
468,loyal,2025-05-31,81.72
468,loyal,2025-04-26,108.48
469,new,2026-07-08,95.32
469,new,2026-03-22,76.67
469,new,2026-01-17,49.64
469,new,2025-06-04,74.88
469,new,2025-05-02,100.18
470,at_risk,2026-06-18,92.22
470,at_risk,2026-03-25,47.0
470,at_risk,2026-03-03,118.51
470,at_risk,2025-09-08,69.64
470,at_risk,2025-03-14,82.5
471,new,2026-05-09,34.28
471,new,2025-11-13,80.71
471,new,2025-09-23,63.27
471,new,2025-07-04,83.27
471,new,2025-06-28,81.04
471,new,2025-05-28,54.79
472,loyal,2026-07-01,151.17
472,loyal,2026-05-06,163.5
472,loyal,2026-02-07,87.84
472,loyal,2025-12-07,22.37
472,loyal,2025-11-26,141.34
472,loyal,2025-09-03,99.74
472,loyal,2025-08-11,84.01
472,loyal,2025-04-21,92.34
473,loyal,2026-07-02,102.15
473,loyal,2026-05-28,115.26
473,loyal,2026-05-16,127.52
473,loyal,2026-05-10,98.48
473,loyal,2026-03-31,75.95
473,loyal,2026-02-09,85.81
473,loyal,2026-02-07,102.77
473,loyal,2026-01-13,129.87
473,loyal,2025-11-17,147.77
473,loyal,2025-08-13,69.32
473,loyal,2025-08-02,92.08
473,loyal,2025-06-08,99.26
473,loyal,2025-04-09,133.84
473,loyal,2025-03-29,94.16
474,loyal,2026-06-28,134.95
474,loyal,2026-05-23,144.87
474,loyal,2026-04-28,142.53
474,loyal,2026-04-10,74.44
474,loyal,2026-03-17,149.15
474,loyal,2026-02-13,99.26
474,loyal,2025-12-27,87.35
474,loyal,2025-12-18,104.92
474,loyal,2025-11-12,134.93
474,loyal,2025-10-24,126.21
474,loyal,2025-09-16,102.34
474,loyal,2025-08-23,135.13
474,loyal,2025-08-03,114.2
474,loyal,2025-06-19,92.81
474,loyal,2025-06-16,88.76
474,loyal,2025-05-30,122.31
474,loyal,2025-04-21,107.52
474,loyal,2025-04-07,68.73
475,at_risk,2026-05-23,34.75
475,at_risk,2025-12-26,76.22
475,at_risk,2025-12-04,72.82
475,at_risk,2025-11-21,87.16
475,at_risk,2025-09-06,15.47
475,at_risk,2025-06-11,91.79
475,at_risk,2025-03-17,130.97
476,at_risk,2026-05-26,73.64
476,at_risk,2026-03-25,171.54
476,at_risk,2026-03-04,117.16
476,at_risk,2026-01-28,104.61
476,at_risk,2025-12-23,60.83
476,at_risk,2025-11-10,126.89
476,at_risk,2025-09-19,47.48
476,at_risk,2025-08-07,40.15
477,new,2026-04-02,74.05
477,new,2025-09-13,89.74
477,new,2025-06-28,92.77
477,new,2025-03-16,65.06
478,new,2026-06-15,77.54
478,new,2026-05-04,56.61
478,new,2026-04-29,73.34
478,new,2026-03-07,88.24
478,new,2026-01-04,99.84
478,new,2025-11-28,66.69
478,new,2025-11-22,28.81
478,new,2025-10-07,27.05
478,new,2025-08-06,61.84
478,new,2025-06-17,11.55
479,at_risk,2026-04-08,68.19
479,at_risk,2025-08-16,98.99
479,at_risk,2025-06-18,116.73
479,at_risk,2025-06-18,136.74
480,at_risk,2026-07-02,120.09
480,at_risk,2026-06-14,128.47
480,at_risk,2026-06-08,94.34
480,at_risk,2026-03-29,66.43
480,at_risk,2025-11-08,104.46
480,at_risk,2025-10-02,86.84
480,at_risk,2025-09-14,86.56
480,at_risk,2025-08-03,77.07
480,at_risk,2025-07-20,127.37
480,at_risk,2025-06-29,103.75
480,at_risk,2025-05-11,131.25
480,at_risk,2025-03-18,141.77
481,loyal,2026-06-26,102.24
481,loyal,2026-05-25,118.83
481,loyal,2026-05-15,125.64
481,loyal,2026-03-22,144.63
481,loyal,2026-02-26,119.27
481,loyal,2026-01-07,96.11
481,loyal,2025-12-26,100.19
481,loyal,2025-12-04,70.31
481,loyal,2025-10-03,159.84
481,loyal,2025-08-22,93.76
481,loyal,2025-06-16,139.02
481,loyal,2025-06-09,118.3
481,loyal,2025-05-24,119.11
482,new,2026-08-01,71.13
482,new,2026-02-08,41.07
482,new,2026-01-24,65.36
482,new,2026-01-20,84.69
482,new,2025-05-18,57.52
483,at_risk,2026-02-27,123.57
483,at_risk,2025-10-27,75.88
483,at_risk,2025-10-06,112.31
483,at_risk,2025-09-20,112.47
483,at_risk,2025-09-19,66.45
483,at_risk,2025-08-11,40.07
483,at_risk,2025-05-19,24.2
483,at_risk,2025-05-18,97.44
484,champion,2026-08-07,139.97
484,champion,2026-07-15,224.84
484,champion,2026-06-06,163.71
484,champion,2026-06-03,248.98
484,champion,2026-05-18,95.03
484,champion,2026-04-28,185.39
484,champion,2026-03-17,237.18
484,champion,2026-02-27,144.39
484,champion,2026-01-12,173.63
484,champion,2026-01-08,163.88
484,champion,2025-12-30,152.65
484,champion,2025-10-19,189.78
484,champion,2025-10-17,128.18
484,champion,2025-08-02,175.56
484,champion,2025-07-09,200.64
484,champion,2025-06-27,171.4
484,champion,2025-06-25,139.99
484,champion,2025-05-19,221.21
484,champion,2025-05-10,209.21
485,at_risk,2026-06-03,75.63
485,at_risk,2026-01-31,101.53
485,at_risk,2026-01-30,40.75
485,at_risk,2026-01-07,75.06
485,at_risk,2025-09-29,130.33
485,at_risk,2025-09-18,69.93
486,new,2026-05-24,73.54
486,new,2026-05-20,32.96
486,new,2026-03-28,58.62
486,new,2026-01-08,101.9
486,new,2025-10-18,83.07
486,new,2025-07-24,66.08
487,loyal,2026-07-10,149.49
487,loyal,2026-03-02,130.32
487,loyal,2025-10-03,84.71
487,loyal,2025-08-25,79.39
488,new,2026-04-25,97.3
488,new,2026-04-22,41.7
488,new,2026-01-03,75.54
488,new,2025-12-29,60.91
488,new,2025-12-01,67.53
488,new,2025-07-14,91.61
488,new,2025-06-26,94.33
489,new,2026-08-02,46.92
489,new,2026-07-23,108.68
489,new,2026-07-01,77.26
489,new,2026-05-02,55.49
489,new,2026-04-27,66.84
489,new,2025-08-18,97.16
490,low_value,2026-06-14,66.08
490,low_value,2025-07-02,54.53
490,low_value,2025-04-09,15.84
491,new,2026-06-28,101.35
491,new,2026-04-27,48.79
491,new,2025-12-13,74.06
491,new,2025-08-21,77.18
491,new,2025-05-17,104.56
492,low_value,2025-11-09,61.63
492,low_value,2025-03-24,37.51
493,at_risk,2026-07-26,78.57
493,at_risk,2026-06-05,50.3
493,at_risk,2026-05-19,119.67
493,at_risk,2026-03-25,86.26
493,at_risk,2026-01-22,26.17
493,at_risk,2025-12-03,98.53
493,at_risk,2025-11-03,110.36
493,at_risk,2025-09-01,128.71
493,at_risk,2025-07-31,92.43
493,at_risk,2025-07-03,81.96
493,at_risk,2025-05-25,164.52
494,low_value,2026-06-15,60.01
494,low_value,2026-03-25,81.8
494,low_value,2026-03-02,32.25
494,low_value,2026-01-10,25.82
494,low_value,2025-12-31,24.64
494,low_value,2025-10-27,64.89
494,low_value,2025-08-06,67.59
494,low_value,2025-07-05,34.26
494,low_value,2025-04-09,10.0
494,low_value,2025-03-16,31.5
495,new,2026-04-26,45.87
495,new,2026-03-25,49.72
495,new,2026-01-05,59.12
495,new,2025-12-29,74.74
495,new,2025-12-25,66.94
495,new,2025-11-12,41.91
495,new,2025-10-03,41.76
495,new,2025-08-12,17.54
495,new,2025-04-10,10.0
496,at_risk,2026-03-25,92.79
496,at_risk,2026-02-09,51.29
496,at_risk,2025-12-22,153.11
496,at_risk,2025-11-11,74.74
496,at_risk,2025-09-05,118.85
496,at_risk,2025-08-09,133.11
496,at_risk,2025-06-30,61.58
496,at_risk,2025-06-13,97.66
496,at_risk,2025-06-05,114.37
496,at_risk,2025-06-02,99.04
496,at_risk,2025-05-02,107.64
496,at_risk,2025-03-24,48.46
497,new,2026-06-17,69.15
497,new,2026-02-16,74.1
497,new,2025-12-03,93.3
497,new,2025-06-10,57.74
497,new,2025-04-01,36.62
498,at_risk,2026-03-20,134.46
498,at_risk,2026-02-19,95.93
498,at_risk,2026-01-12,75.56
498,at_risk,2026-01-02,76.88
498,at_risk,2025-12-08,75.29
498,at_risk,2025-11-19,78.42
498,at_risk,2025-11-14,50.74
498,at_risk,2025-11-04,85.94
498,at_risk,2025-10-28,82.43
498,at_risk,2025-07-20,68.48
498,at_risk,2025-07-06,100.43
498,at_risk,2025-05-01,103.4
498,at_risk,2025-04-12,75.52
499,new,2026-07-30,83.01
499,new,2026-04-30,55.29
499,new,2026-04-14,96.48
499,new,2025-11-14,48.76
499,new,2025-08-23,103.5
499,new,2025-07-16,55.31
499,new,2025-05-30,58.05
500,low_value,2026-04-05,30.85
500,low_value,2025-12-23,35.83
500,low_value,2025-10-09,40.31
500,low_value,2025-05-25,74.72
500,low_value,2025-04-11,28.55
501,low_value,2026-07-20,39.79
501,low_value,2026-07-02,19.0
501,low_value,2026-02-11,58.93
501,low_value,2026-01-07,47.37
501,low_value,2025-07-01,58.03
502,low_value,2026-04-06,58.37
502,low_value,2026-04-03,10.0
502,low_value,2026-01-21,34.5
502,low_value,2026-01-03,18.74
502,low_value,2025-10-31,40.69
502,low_value,2025-04-01,61.78
503,new,2026-07-16,67.42
503,new,2026-06-15,73.51
503,new,2026-06-08,125.45
503,new,2026-05-29,70.22
503,new,2026-04-12,97.35
503,new,2026-01-05,55.05
503,new,2025-11-18,63.52
503,new,2025-11-17,70.31
503,new,2025-08-22,50.65
503,new,2025-08-01,64.91
504,new,2026-07-24,79.29
504,new,2026-05-31,113.63
504,new,2026-01-05,84.2
504,new,2025-07-30,98.16
504,new,2025-06-29,39.77
504,new,2025-05-10,66.83
505,low_value,2026-04-28,51.81
505,low_value,2026-02-14,36.74
505,low_value,2025-10-08,45.76
505,low_value,2025-08-26,48.29
505,low_value,2025-05-09,53.0
506,at_risk,2026-06-05,26.94
506,at_risk,2026-05-03,174.6
506,at_risk,2026-04-28,86.84
506,at_risk,2026-03-24,107.17
506,at_risk,2025-11-21,45.48
507,low_value,2025-09-14,67.66
507,low_value,2025-07-22,32.18
507,low_value,2025-06-29,76.9
507,low_value,2025-06-06,45.91
508,new,2026-07-02,44.8
508,new,2026-06-28,53.56
508,new,2026-06-07,118.57
508,new,2026-04-13,52.7
508,new,2026-03-20,11.11
508,new,2026-02-25,95.75
509,loyal,2026-07-19,81.08
509,loyal,2026-06-30,79.95
509,loyal,2026-06-18,165.14
509,loyal,2026-02-23,166.23
509,loyal,2025-12-04,109.92
509,loyal,2025-10-22,118.45
509,loyal,2025-09-17,80.57
509,loyal,2025-09-16,129.28
509,loyal,2025-08-03,162.79
509,loyal,2025-07-28,64.12
509,loyal,2025-07-19,123.92
509,loyal,2025-06-30,126.17
509,loyal,2025-05-27,125.83
510,champion,2026-08-05,146.3
510,champion,2026-07-31,192.54
510,champion,2026-07-29,196.72
510,champion,2026-06-19,219.18
510,champion,2026-05-03,145.7
510,champion,2026-04-08,156.9
510,champion,2026-03-30,242.18
510,champion,2026-02-19,173.42
510,champion,2025-12-22,181.21
510,champion,2025-11-11,173.0
510,champion,2025-11-02,225.32
510,champion,2025-11-02,226.87
510,champion,2025-09-18,224.53
510,champion,2025-08-28,181.06
510,champion,2025-08-14,145.1
510,champion,2025-08-10,257.01
510,champion,2025-08-06,214.25
510,champion,2025-05-26,161.73
510,champion,2025-05-15,236.95
511,low_value,2025-10-04,73.65
511,low_value,2025-09-21,45.35
511,low_value,2025-09-09,20.17
511,low_value,2025-03-17,42.6
512,champion,2026-08-17,121.82
512,champion,2026-08-14,197.2
512,champion,2026-08-12,136.99
512,champion,2026-07-26,177.5
512,champion,2026-06-25,301.19
512,champion,2026-06-08,192.14
512,champion,2026-05-19,145.45
512,champion,2026-05-15,196.31
512,champion,2026-05-13,159.32
512,champion,2026-04-24,141.57
512,champion,2026-04-22,264.13
512,champion,2026-04-05,222.67
512,champion,2026-02-17,193.82
512,champion,2026-01-19,164.33
512,champion,2025-12-29,167.57
512,champion,2025-12-06,241.7
512,champion,2025-10-28,192.26
512,champion,2025-10-21,56.69
512,champion,2025-10-15,276.84
512,champion,2025-08-20,187.32
512,champion,2025-05-15,193.73
512,champion,2025-05-13,223.47
512,champion,2025-04-15,198.62
512,champion,2025-04-06,209.88
512,champion,2025-03-25,163.05
512,champion,2025-03-18,130.81
513,loyal,2026-08-04,62.79
513,loyal,2026-07-28,93.82
513,loyal,2026-07-26,116.91
513,loyal,2026-07-08,116.7
513,loyal,2026-03-12,144.74
513,loyal,2026-01-15,165.18
513,loyal,2026-01-14,155.37
513,loyal,2026-01-11,137.44
513,loyal,2025-10-27,105.54
513,loyal,2025-10-16,91.31
513,loyal,2025-06-24,110.54
513,loyal,2025-03-28,127.57
514,at_risk,2026-07-09,104.0
514,at_risk,2026-07-08,113.19
514,at_risk,2026-03-23,45.49
514,at_risk,2025-06-13,77.36
514,at_risk,2025-05-30,103.51
514,at_risk,2025-03-31,63.51
515,loyal,2026-06-06,87.14
515,loyal,2026-05-22,60.27
515,loyal,2026-04-08,63.9
515,loyal,2026-03-18,97.46
515,loyal,2026-02-26,70.45
515,loyal,2026-02-24,99.57
515,loyal,2025-12-24,159.95
515,loyal,2025-08-27,68.64
515,loyal,2025-08-16,101.52
515,loyal,2025-08-12,173.97
515,loyal,2025-07-02,122.24
516,at_risk,2026-07-28,77.21
516,at_risk,2026-07-22,108.89
516,at_risk,2026-07-12,38.86
516,at_risk,2026-05-31,99.6
516,at_risk,2026-05-13,52.89
516,at_risk,2026-05-08,80.1
516,at_risk,2025-06-14,172.39
517,low_value,2026-02-22,14.35
517,low_value,2025-11-08,40.12
518,champion,2026-06-03,236.85
518,champion,2026-04-17,171.36
518,champion,2026-04-10,167.34
518,champion,2026-03-19,145.1
518,champion,2026-02-24,193.2
518,champion,2026-01-06,168.12
518,champion,2025-12-12,169.04
518,champion,2025-12-05,176.24
518,champion,2025-11-22,202.07
518,champion,2025-11-09,157.45
518,champion,2025-09-02,149.11
518,champion,2025-08-05,197.27
518,champion,2025-07-18,58.97
518,champion,2025-05-30,155.85
518,champion,2025-05-12,133.95
519,low_value,2026-02-20,44.03
520,low_value,2025-12-26,46.21
520,low_value,2025-10-28,51.13
520,low_value,2025-10-01,16.44
520,low_value,2025-06-03,60.2
520,low_value,2025-04-23,60.28
521,at_risk,2025-05-09,84.45
521,at_risk,2025-03-22,58.4
522,loyal,2026-07-07,175.03
522,loyal,2026-06-13,119.37
522,loyal,2026-04-16,123.63
522,loyal,2026-03-23,103.85
522,loyal,2025-12-11,123.97
522,loyal,2025-11-17,64.57
522,loyal,2025-08-15,84.77
522,loyal,2025-08-12,113.15
522,loyal,2025-07-09,41.87
522,loyal,2025-05-17,100.92
522,loyal,2025-04-16,99.08
522,loyal,2025-04-03,100.92
522,loyal,2025-03-15,93.47
523,new,2026-03-19,16.08
523,new,2026-03-02,87.07
523,new,2025-10-01,39.17
523,new,2025-06-07,71.58
523,new,2025-05-21,49.79
524,loyal,2026-08-20,146.71
524,loyal,2026-07-30,94.81
524,loyal,2026-01-24,117.95
524,loyal,2025-11-24,116.77
524,loyal,2025-09-21,144.73
524,loyal,2025-09-17,105.99
524,loyal,2025-05-24,134.83
524,loyal,2025-05-04,58.85
524,loyal,2025-03-23,61.58
525,at_risk,2026-01-16,106.59
525,at_risk,2025-12-15,141.74
525,at_risk,2025-09-02,86.05
525,at_risk,2025-07-29,81.32
525,at_risk,2025-06-22,90.48
525,at_risk,2025-05-24,60.74
526,low_value,2026-01-23,83.03
526,low_value,2025-12-15,13.55
526,low_value,2025-07-06,21.03
527,low_value,2025-09-24,67.65
527,low_value,2025-06-25,60.97
527,low_value,2025-06-12,72.05
528,low_value,2026-05-17,55.02
528,low_value,2026-02-23,32.33
528,low_value,2026-01-03,48.53
528,low_value,2025-07-30,18.24
528,low_value,2025-04-21,42.4
529,at_risk,2026-01-04,97.88
529,at_risk,2025-11-22,71.96
529,at_risk,2025-08-20,120.35
529,at_risk,2025-08-02,38.78
529,at_risk,2025-06-20,126.15
529,at_risk,2025-04-23,96.38
529,at_risk,2025-04-23,87.48
530,low_value,2026-01-27,50.57
530,low_value,2025-09-02,27.41
531,low_value,2026-03-21,47.0
532,at_risk,2026-02-17,117.92
532,at_risk,2025-12-31,119.79
532,at_risk,2025-10-21,77.14
532,at_risk,2025-08-13,52.39
532,at_risk,2025-06-15,26.03
532,at_risk,2025-04-27,73.47
533,new,2026-05-25,46.65
533,new,2026-05-03,37.15
533,new,2026-01-29,97.07
533,new,2025-08-10,61.0
533,new,2025-07-07,14.94
533,new,2025-04-26,54.42
534,champion,2026-05-11,219.03
534,champion,2026-05-05,162.79
534,champion,2026-05-03,185.66
534,champion,2026-02-27,124.56
534,champion,2026-02-26,155.67
534,champion,2026-02-21,144.99
534,champion,2026-01-23,189.02
534,champion,2026-01-13,183.73
534,champion,2025-11-18,198.51
534,champion,2025-10-30,160.38
534,champion,2025-10-30,142.79
534,champion,2025-10-22,187.31
534,champion,2025-10-10,138.82
534,champion,2025-07-22,223.14
534,champion,2025-07-09,175.42
534,champion,2025-06-07,166.95
534,champion,2025-04-07,198.49
535,loyal,2026-08-14,140.0
535,loyal,2026-02-10,51.04
535,loyal,2026-01-20,84.87
535,loyal,2025-12-25,113.6
535,loyal,2025-11-26,157.35
535,loyal,2025-06-09,126.62
535,loyal,2025-05-21,84.62
535,loyal,2025-05-19,155.88
535,loyal,2025-04-13,69.35
535,loyal,2025-04-08,117.96
536,new,2026-07-13,81.8
536,new,2026-06-24,12.69
536,new,2026-06-09,45.44
536,new,2026-06-04,104.6
536,new,2026-02-06,38.6
536,new,2025-12-28,92.06
536,new,2025-11-11,87.66
536,new,2025-10-01,51.86
536,new,2025-07-28,20.12
537,loyal,2026-07-20,91.22
537,loyal,2026-04-09,152.4
537,loyal,2026-03-06,127.38
537,loyal,2026-01-08,82.42
537,loyal,2025-10-31,73.29
537,loyal,2025-10-09,144.75
538,loyal,2026-07-19,118.42
538,loyal,2026-06-01,113.68
538,loyal,2026-05-10,192.99
538,loyal,2026-03-24,137.33
538,loyal,2026-03-23,77.55
538,loyal,2026-03-01,121.11
538,loyal,2026-01-23,86.25
538,loyal,2026-01-17,123.39
538,loyal,2026-01-11,68.74
538,loyal,2025-10-20,76.77
538,loyal,2025-08-10,120.32
538,loyal,2025-06-11,139.93
538,loyal,2025-06-07,125.08
538,loyal,2025-05-01,135.62
538,loyal,2025-03-15,121.21
538,loyal,2025-03-14,115.17
539,low_value,2026-04-10,46.51
539,low_value,2026-01-22,54.68
539,low_value,2025-09-21,43.04
539,low_value,2025-07-24,28.59
540,low_value,2026-03-08,81.84
541,new,2026-08-17,80.45
541,new,2026-08-12,102.13
541,new,2026-07-09,69.75
541,new,2026-03-04,59.7
541,new,2025-09-21,89.73
541,new,2025-09-19,50.14
542,low_value,2025-12-09,52.6
542,low_value,2025-09-26,33.8
542,low_value,2025-09-23,71.66
543,low_value,2025-10-03,71.39
543,low_value,2025-09-05,69.33
543,low_value,2025-05-05,56.14
543,low_value,2025-04-24,51.58
543,low_value,2025-03-24,55.8
544,loyal,2026-06-19,110.55
544,loyal,2026-04-25,91.7
544,loyal,2026-03-27,148.3
544,loyal,2026-03-24,135.6
544,loyal,2026-03-04,102.78
544,loyal,2026-01-07,74.6
544,loyal,2025-12-02,99.59
544,loyal,2025-09-14,127.1
544,loyal,2025-08-31,115.66
544,loyal,2025-08-25,113.27
544,loyal,2025-08-10,116.35
544,loyal,2025-08-03,132.76
544,loyal,2025-06-27,108.74
544,loyal,2025-05-09,123.5
544,loyal,2025-04-13,80.39
545,at_risk,2026-05-02,37.28
545,at_risk,2026-04-08,156.34
545,at_risk,2026-02-28,122.75
545,at_risk,2026-02-06,117.37
545,at_risk,2025-08-05,34.22
546,at_risk,2026-04-19,94.46
546,at_risk,2026-04-05,55.6
546,at_risk,2026-01-20,71.52
546,at_risk,2025-11-08,73.29
546,at_risk,2025-09-25,45.82
546,at_risk,2025-09-12,77.35
546,at_risk,2025-08-16,57.15
546,at_risk,2025-08-13,115.22
546,at_risk,2025-07-15,118.13
546,at_risk,2025-04-05,49.72
547,loyal,2026-08-21,122.23
547,loyal,2026-06-20,97.06
547,loyal,2026-06-06,112.0
547,loyal,2026-04-11,112.44
547,loyal,2026-02-27,107.25
547,loyal,2025-12-10,70.43
547,loyal,2025-10-11,147.29
548,low_value,2026-02-23,31.59
548,low_value,2025-08-29,37.87
548,low_value,2025-07-16,16.18
549,at_risk,2026-04-01,102.07
549,at_risk,2026-03-07,101.3
549,at_risk,2026-01-05,92.47
549,at_risk,2025-11-21,58.84
549,at_risk,2025-11-14,69.44
549,at_risk,2025-10-24,81.19
549,at_risk,2025-10-17,167.28
549,at_risk,2025-09-19,47.79
549,at_risk,2025-08-30,80.34
549,at_risk,2025-08-27,98.44
549,at_risk,2025-08-11,84.38
549,at_risk,2025-07-08,132.59
549,at_risk,2025-06-24,84.2
549,at_risk,2025-06-07,86.79
549,at_risk,2025-05-19,123.51
550,new,2026-08-03,68.88
550,new,2026-05-08,38.22
550,new,2026-01-26,71.56
550,new,2026-01-08,22.67
550,new,2025-12-08,55.46
550,new,2025-07-14,55.92
551,loyal,2026-07-30,86.09
551,loyal,2026-07-13,130.06
551,loyal,2026-06-30,109.89
551,loyal,2026-04-26,116.61
551,loyal,2026-04-19,102.54
551,loyal,2026-03-07,92.11
551,loyal,2025-09-14,158.62
551,loyal,2025-08-06,77.0
551,loyal,2025-07-08,130.59
551,loyal,2025-06-19,125.73
551,loyal,2025-04-11,62.63
551,loyal,2025-03-12,85.08
552,loyal,2026-06-30,118.36
552,loyal,2026-05-18,73.65
552,loyal,2026-05-06,97.85
552,loyal,2026-03-22,90.86
552,loyal,2026-01-28,80.42
552,loyal,2026-01-20,111.06
552,loyal,2026-01-20,32.96
552,loyal,2026-01-13,100.54
552,loyal,2026-01-06,107.29
552,loyal,2025-11-19,69.22
552,loyal,2025-10-23,155.4
552,loyal,2025-09-21,92.17
552,loyal,2025-08-26,102.88
552,loyal,2025-08-19,92.23
552,loyal,2025-06-18,107.55
552,loyal,2025-06-10,149.24
552,loyal,2025-05-22,184.19
552,loyal,2025-04-21,132.37
552,loyal,2025-04-20,142.64
553,low_value,2025-12-19,52.01
553,low_value,2025-06-05,10.0
554,champion,2026-07-25,158.18
554,champion,2026-06-19,140.45
554,champion,2026-06-10,153.74
554,champion,2026-05-19,124.04
554,champion,2026-03-26,174.47
554,champion,2026-03-13,205.33
554,champion,2026-03-02,148.6
554,champion,2026-03-01,176.38
554,champion,2026-02-27,171.18
554,champion,2026-01-19,222.2
554,champion,2026-01-13,155.54
554,champion,2025-12-20,156.99
554,champion,2025-12-02,146.16
554,champion,2025-11-29,134.5
554,champion,2025-11-18,201.17
554,champion,2025-11-07,174.6
554,champion,2025-11-01,182.19
554,champion,2025-10-24,230.99
554,champion,2025-10-16,233.28
554,champion,2025-09-28,114.15
554,champion,2025-08-26,205.91
554,champion,2025-08-16,189.03
554,champion,2025-08-07,161.54
554,champion,2025-07-12,193.11
554,champion,2025-06-24,110.94
554,champion,2025-06-18,238.51
554,champion,2025-05-21,200.6
554,champion,2025-03-27,145.39
554,champion,2025-03-25,156.58
555,loyal,2026-07-17,100.83
555,loyal,2026-05-24,123.05
555,loyal,2026-04-25,109.41
555,loyal,2026-03-11,77.53
555,loyal,2025-12-22,90.42
555,loyal,2025-10-20,101.11
555,loyal,2025-10-01,117.45
555,loyal,2025-03-25,110.28
555,loyal,2025-03-16,116.31
555,loyal,2025-03-13,64.26
556,loyal,2026-06-03,155.85
556,loyal,2026-04-18,75.23
556,loyal,2026-04-02,122.81
556,loyal,2026-03-21,95.79
556,loyal,2026-03-05,104.32
556,loyal,2026-02-03,67.28
556,loyal,2026-01-16,150.29
556,loyal,2026-01-14,101.67
556,loyal,2026-01-13,73.55
556,loyal,2025-11-22,147.58
556,loyal,2025-09-27,94.88
556,loyal,2025-09-18,120.04
556,loyal,2025-09-01,135.24
557,new,2026-05-03,96.85
557,new,2026-03-14,49.51
557,new,2026-02-17,106.29
557,new,2026-01-22,93.67
557,new,2025-11-07,59.26
557,new,2025-09-28,42.28
557,new,2025-08-06,33.9
558,new,2026-07-22,92.32
558,new,2026-06-01,85.15
558,new,2026-01-29,64.95
558,new,2026-01-27,95.81
558,new,2025-10-22,62.68
558,new,2025-09-15,76.18
558,new,2025-05-25,62.22
558,new,2025-04-19,81.54
558,new,2025-04-08,60.59
559,new,2026-05-31,123.85
559,new,2026-04-30,102.02
559,new,2025-09-27,97.14
559,new,2025-08-09,75.65
559,new,2025-06-29,48.93
559,new,2025-04-19,71.81
560,loyal,2026-08-07,85.88
560,loyal,2026-05-22,142.69
560,loyal,2026-04-29,113.05
560,loyal,2026-04-15,179.79
560,loyal,2026-03-19,119.56
560,loyal,2026-03-04,107.09
560,loyal,2026-03-04,127.24
560,loyal,2026-02-06,99.89
560,loyal,2026-01-23,56.14
560,loyal,2026-01-06,102.78
560,loyal,2025-11-09,102.31
560,loyal,2025-11-04,62.23
560,loyal,2025-07-07,107.81
560,loyal,2025-05-09,47.99
560,loyal,2025-04-24,99.57
560,loyal,2025-04-06,117.31
561,loyal,2026-03-26,118.03
561,loyal,2026-02-11,117.84
561,loyal,2025-11-27,105.01
561,loyal,2025-10-22,182.63
561,loyal,2025-09-18,105.78
561,loyal,2025-07-16,101.62
561,loyal,2025-07-13,97.33
561,loyal,2025-05-25,80.87
561,loyal,2025-04-27,130.58
562,low_value,2026-01-07,35.74
562,low_value,2025-12-24,62.47
563,new,2026-01-30,70.06
563,new,2025-11-15,53.79
563,new,2025-09-08,84.69
563,new,2025-07-30,49.59
563,new,2025-05-13,83.34
564,new,2026-06-30,75.8
564,new,2026-06-09,78.41
564,new,2026-01-08,80.62
564,new,2025-12-11,97.36
564,new,2025-11-13,71.41
564,new,2025-11-11,49.58
564,new,2025-11-11,66.39
564,new,2025-09-08,88.84
564,new,2025-08-15,25.34
564,new,2025-05-17,25.48
564,new,2025-05-16,92.96
565,low_value,2026-03-14,19.14
565,low_value,2026-03-12,22.86
565,low_value,2025-11-27,38.97
566,low_value,2026-07-14,17.05
566,low_value,2025-09-02,38.8
566,low_value,2025-06-14,46.2
566,low_value,2025-05-21,20.18
566,low_value,2025-05-08,17.24
567,champion,2026-07-27,108.41
567,champion,2026-07-02,177.86
567,champion,2026-06-02,135.11
567,champion,2026-05-24,189.38
567,champion,2026-05-03,179.22
567,champion,2026-04-23,209.74
567,champion,2026-01-14,222.67
567,champion,2026-01-14,198.36
567,champion,2025-12-24,214.42
567,champion,2025-12-02,165.99
567,champion,2025-11-09,292.92
567,champion,2025-11-01,131.25
567,champion,2025-09-21,158.89
567,champion,2025-09-07,216.05
567,champion,2025-08-06,210.11
567,champion,2025-07-12,199.5
567,champion,2025-05-03,207.01
567,champion,2025-04-18,96.66
567,champion,2025-03-11,243.57
568,at_risk,2026-05-26,93.01
568,at_risk,2026-04-15,88.69
568,at_risk,2025-11-22,112.34
568,at_risk,2025-07-24,129.63
568,at_risk,2025-06-20,100.27
569,new,2026-01-08,58.5
569,new,2025-11-09,63.33
569,new,2025-10-17,83.8
569,new,2025-09-27,41.29
569,new,2025-06-23,99.72
569,new,2025-05-12,68.6
570,at_risk,2026-07-14,63.8
570,at_risk,2026-04-23,151.84
570,at_risk,2026-03-26,82.1
570,at_risk,2025-10-28,71.96
570,at_risk,2025-09-21,80.4
570,at_risk,2025-09-13,51.17
570,at_risk,2025-06-22,78.72
570,at_risk,2025-03-16,86.84
571,low_value,2025-08-18,49.19
571,low_value,2025-04-27,46.45
572,new,2026-02-08,70.79
572,new,2026-02-06,83.88
572,new,2025-11-15,40.33
572,new,2025-11-14,70.25
572,new,2025-10-07,104.54
572,new,2025-07-17,121.94
572,new,2025-07-16,102.0
573,low_value,2026-01-20,55.59
573,low_value,2025-07-31,39.51
573,low_value,2025-07-22,46.66
573,low_value,2025-07-11,79.87
573,low_value,2025-06-29,47.84
573,low_value,2025-05-26,45.85
573,low_value,2025-05-15,47.06
574,low_value,2026-01-11,29.19
574,low_value,2025-09-05,47.16
575,new,2026-08-22,66.82
575,new,2026-07-10,57.87
575,new,2026-01-20,23.58
575,new,2025-11-11,101.8
575,new,2025-07-04,63.89
575,new,2025-06-30,51.7
575,new,2025-06-24,41.79
575,new,2025-05-10,89.27
575,new,2025-04-07,37.54
576,low_value,2026-01-26,62.77
576,low_value,2025-11-21,11.75
576,low_value,2025-10-18,44.87
576,low_value,2025-08-05,25.98
576,low_value,2025-05-25,23.95
576,low_value,2025-03-27,50.22
577,new,2026-05-04,84.84
577,new,2025-11-13,62.88
577,new,2025-07-31,107.51
578,low_value,2026-01-23,36.36
578,low_value,2025-08-19,46.71
578,low_value,2025-07-23,14.86
578,low_value,2025-06-29,44.99
578,low_value,2025-05-23,45.87
578,low_value,2025-05-09,80.98
578,low_value,2025-04-18,10.0
579,at_risk,2026-07-16,79.17
579,at_risk,2026-06-09,93.31
579,at_risk,2026-04-06,76.5
579,at_risk,2026-02-11,57.84
579,at_risk,2026-01-11,98.0
579,at_risk,2025-10-15,132.36
579,at_risk,2025-05-08,99.5
580,new,2026-01-10,57.05
580,new,2025-11-17,57.69
580,new,2025-10-25,90.24
580,new,2025-08-15,73.64
580,new,2025-05-11,72.32
580,new,2025-04-11,83.41
581,new,2026-06-22,86.49
581,new,2026-05-08,48.15
581,new,2026-03-23,90.56
581,new,2025-11-09,78.79
581,new,2025-09-05,48.16
581,new,2025-05-27,68.21
582,loyal,2026-07-04,82.86
582,loyal,2026-07-04,140.43
582,loyal,2026-02-05,112.97
582,loyal,2026-01-30,103.16
582,loyal,2026-01-23,150.2
582,loyal,2026-01-13,54.92
582,loyal,2025-12-13,148.18
582,loyal,2025-11-24,83.59
582,loyal,2025-11-09,116.35
582,loyal,2025-10-19,92.36
582,loyal,2025-09-21,82.31
582,loyal,2025-08-30,149.42
582,loyal,2025-04-19,165.69
582,loyal,2025-04-16,103.36
582,loyal,2025-04-13,120.06
582,loyal,2025-03-25,111.71
583,at_risk,2026-07-01,34.93
583,at_risk,2026-05-17,69.93
583,at_risk,2026-04-13,126.75
583,at_risk,2026-03-15,97.12
583,at_risk,2026-01-20,107.86
583,at_risk,2025-10-05,99.66
583,at_risk,2025-07-20,171.72
584,low_value,2026-02-25,28.54
584,low_value,2025-12-19,45.32
584,low_value,2025-06-27,44.23
584,low_value,2025-06-05,41.28
584,low_value,2025-04-16,25.83
584,low_value,2025-04-13,68.97
584,low_value,2025-03-29,37.74
585,new,2026-06-29,76.29
585,new,2025-12-15,92.53
585,new,2025-11-02,87.33
585,new,2025-06-16,77.68
586,loyal,2026-06-06,133.87
586,loyal,2026-03-28,67.39
586,loyal,2026-03-24,52.16
586,loyal,2026-02-24,137.25
586,loyal,2025-12-25,114.76
586,loyal,2025-11-18,124.18
586,loyal,2025-10-16,96.73
586,loyal,2025-09-12,68.47
586,loyal,2025-08-11,74.43
586,loyal,2025-07-31,101.83
586,loyal,2025-07-31,71.83
586,loyal,2025-07-27,119.21
586,loyal,2025-07-04,96.13
586,loyal,2025-06-09,115.55
586,loyal,2025-04-11,114.65
587,at_risk,2026-07-09,49.96
587,at_risk,2026-05-15,83.95
587,at_risk,2026-03-01,56.8
587,at_risk,2025-11-22,121.06
587,at_risk,2025-08-20,45.82
588,loyal,2026-07-22,103.05
588,loyal,2026-06-25,103.86
588,loyal,2026-05-13,90.56
588,loyal,2026-05-11,115.03
588,loyal,2026-05-01,94.16
588,loyal,2026-01-02,97.01
588,loyal,2025-10-14,128.0
588,loyal,2025-08-20,145.54
588,loyal,2025-08-17,121.95
588,loyal,2025-08-11,163.83
589,champion,2026-08-17,204.32
589,champion,2026-06-26,184.47
589,champion,2026-06-23,176.09
589,champion,2026-06-21,179.09
589,champion,2026-06-16,188.18
589,champion,2026-06-10,152.32
589,champion,2026-06-09,172.71
589,champion,2026-05-06,227.36
589,champion,2026-04-20,151.84
589,champion,2026-03-20,138.8
589,champion,2026-03-18,177.53
589,champion,2025-12-22,134.78
589,champion,2025-10-23,111.09
589,champion,2025-09-18,166.22
589,champion,2025-09-18,237.94
589,champion,2025-07-25,178.46
589,champion,2025-07-24,187.14
589,champion,2025-04-20,94.79
589,champion,2025-03-31,197.53
590,low_value,2026-02-16,23.81
590,low_value,2025-08-26,51.64
591,at_risk,2026-03-24,115.25
591,at_risk,2026-03-18,71.27
591,at_risk,2025-03-22,103.47
592,at_risk,2026-06-27,60.81
592,at_risk,2026-04-23,55.34
592,at_risk,2026-02-11,117.24
592,at_risk,2025-10-12,93.55
592,at_risk,2025-09-18,63.63
592,at_risk,2025-08-14,82.3
592,at_risk,2025-06-14,67.3
592,at_risk,2025-05-30,105.36
592,at_risk,2025-05-26,188.95
592,at_risk,2025-05-23,114.28
592,at_risk,2025-03-20,91.75
593,new,2026-06-04,66.36
593,new,2026-03-16,91.05
593,new,2026-02-25,57.3
593,new,2026-01-18,80.99
593,new,2025-10-31,42.93
593,new,2025-10-27,89.5
593,new,2025-10-03,77.82
594,champion,2026-08-07,165.69
594,champion,2026-07-02,113.55
594,champion,2026-04-17,179.02
594,champion,2026-04-03,215.96
594,champion,2026-02-27,182.3
594,champion,2026-01-28,223.62
594,champion,2025-12-07,203.21
594,champion,2025-11-29,177.62
594,champion,2025-11-27,154.88
594,champion,2025-10-18,160.55
594,champion,2025-10-11,121.18
594,champion,2025-10-10,169.32
594,champion,2025-09-18,185.84
594,champion,2025-09-11,248.62
594,champion,2025-09-06,201.13
594,champion,2025-08-12,145.41
594,champion,2025-07-29,122.43
594,champion,2025-07-06,171.74
594,champion,2025-07-06,212.47
594,champion,2025-05-25,171.18
594,champion,2025-03-14,201.68
595,loyal,2026-03-12,106.53
595,loyal,2026-01-30,102.77
595,loyal,2025-11-09,117.67
595,loyal,2025-07-08,123.73
595,loyal,2025-07-08,141.75
595,loyal,2025-05-29,152.24
595,loyal,2025-05-05,119.95
595,loyal,2025-04-21,161.41
595,loyal,2025-04-04,112.79
596,low_value,2026-04-21,44.36
596,low_value,2025-05-09,53.26
597,new,2026-01-09,120.76
597,new,2026-01-03,90.51
597,new,2025-12-15,98.06
597,new,2025-11-28,60.56
597,new,2025-11-26,72.62
597,new,2025-11-12,80.66
597,new,2025-06-26,53.51
598,low_value,2026-07-07,39.59
598,low_value,2026-06-17,49.83
598,low_value,2025-10-02,53.34
598,low_value,2025-09-08,50.14
598,low_value,2025-05-12,20.97
599,new,2026-05-21,98.71
599,new,2026-05-08,100.05
599,new,2025-11-10,104.51
599,new,2025-09-13,81.46
600,new,2026-07-03,112.95
600,new,2026-06-12,34.01
600,new,2026-04-04,83.89
600,new,2026-01-20,89.97
600,new,2026-01-01,61.55
600,new,2025-10-18,74.46
600,new,2025-10-15,76.9
600,new,2025-09-27,36.33
600,new,2025-06-30,44.22
600,new,2025-05-27,74.31
601,low_value,2026-06-22,77.45
601,low_value,2026-03-18,31.08
601,low_value,2025-10-29,48.86
601,low_value,2025-04-10,37.91
602,low_value,2026-02-14,62.15
602,low_value,2025-08-13,30.4
602,low_value,2025-07-21,57.0
602,low_value,2025-03-21,82.35
603,low_value,2026-02-15,36.7
603,low_value,2025-12-31,39.74
603,low_value,2025-07-13,23.51
603,low_value,2025-06-09,59.96
604,low_value,2025-12-12,22.21
604,low_value,2025-12-09,39.23
604,low_value,2025-05-20,56.59
604,low_value,2025-03-28,56.44
605,low_value,2026-04-07,39.49
605,low_value,2025-09-25,75.88
605,low_value,2025-06-25,39.26
605,low_value,2025-04-27,89.69
606,low_value,2026-03-18,40.02
607,loyal,2026-07-15,98.76
607,loyal,2026-06-23,122.48
607,loyal,2026-06-20,110.83
607,loyal,2026-06-07,148.89
607,loyal,2026-05-02,62.46
607,loyal,2026-04-10,132.08
607,loyal,2026-03-01,104.03
607,loyal,2026-01-27,137.75
607,loyal,2025-11-14,85.42
607,loyal,2025-10-05,110.73
607,loyal,2025-07-22,106.92
607,loyal,2025-06-22,79.93
607,loyal,2025-05-07,71.59
607,loyal,2025-03-13,92.59
608,low_value,2026-01-16,49.87
608,low_value,2025-12-14,28.43
608,low_value,2025-10-27,77.49
608,low_value,2025-09-27,86.36
608,low_value,2025-08-24,48.3
609,at_risk,2026-03-26,29.35
609,at_risk,2026-03-24,55.5
609,at_risk,2025-09-23,155.24
609,at_risk,2025-08-28,119.11
609,at_risk,2025-08-25,97.29
609,at_risk,2025-07-23,160.41
609,at_risk,2025-05-21,163.54
610,new,2025-06-15,62.88
611,low_value,2026-03-02,79.75
611,low_value,2025-12-15,37.7
611,low_value,2025-06-30,13.68
611,low_value,2025-04-29,70.68
612,low_value,2026-04-01,47.16
612,low_value,2025-05-31,37.97
613,low_value,2026-04-22,40.82
614,loyal,2026-08-08,88.03
614,loyal,2026-08-07,99.45
614,loyal,2026-07-27,109.83
614,loyal,2026-03-29,94.38
614,loyal,2026-02-10,119.94
614,loyal,2025-11-03,123.72
614,loyal,2025-10-08,175.18
614,loyal,2025-07-02,118.35
614,loyal,2025-04-20,52.63
614,loyal,2025-04-10,144.89
614,loyal,2025-04-07,103.88
614,loyal,2025-03-31,170.36
615,low_value,2026-06-22,94.67
615,low_value,2026-05-20,37.7
615,low_value,2026-01-27,12.86
615,low_value,2025-12-12,16.71
615,low_value,2025-07-24,74.48
616,low_value,2026-02-09,43.05
616,low_value,2025-09-17,53.7
616,low_value,2025-06-07,51.79
617,at_risk,2026-03-15,121.22
617,at_risk,2026-03-10,75.02
617,at_risk,2026-02-23,97.79
617,at_risk,2025-09-24,109.06
617,at_risk,2025-09-19,108.68
617,at_risk,2025-09-04,103.9
617,at_risk,2025-08-17,72.12
617,at_risk,2025-05-14,75.72
617,at_risk,2025-03-12,55.32
618,loyal,2026-06-26,126.56
618,loyal,2026-06-22,53.89
618,loyal,2026-06-21,129.75
618,loyal,2026-05-23,87.57
618,loyal,2026-02-24,130.74
618,loyal,2025-12-22,89.3
618,loyal,2025-12-01,108.41
618,loyal,2025-11-25,93.87
618,loyal,2025-10-31,110.09
618,loyal,2025-09-12,92.98
618,loyal,2025-07-17,103.29
618,loyal,2025-06-26,74.73
618,loyal,2025-04-06,124.72
619,champion,2026-08-17,208.86
619,champion,2026-08-11,162.28
619,champion,2026-07-29,154.35
619,champion,2026-04-28,178.01
619,champion,2026-03-30,149.6
619,champion,2026-02-18,137.91
619,champion,2026-01-28,94.88
619,champion,2026-01-22,118.03
619,champion,2026-01-19,259.42
619,champion,2026-01-04,153.74
619,champion,2026-01-03,256.14
619,champion,2025-12-29,196.13
619,champion,2025-12-20,178.01
619,champion,2025-12-15,119.98
619,champion,2025-09-10,180.19
619,champion,2025-08-23,255.69
619,champion,2025-08-17,242.31
619,champion,2025-07-29,190.97
619,champion,2025-07-08,134.05
619,champion,2025-06-18,141.71
619,champion,2025-05-10,145.9
619,champion,2025-04-28,231.13
620,low_value,2026-06-14,54.26
620,low_value,2025-09-19,27.74
620,low_value,2025-07-22,32.28
621,new,2026-05-26,56.24
621,new,2026-03-03,67.57
621,new,2026-01-10,80.33
621,new,2025-06-07,59.87
621,new,2025-03-23,65.26
622,low_value,2026-05-28,26.71
622,low_value,2026-05-22,24.35
622,low_value,2026-05-07,40.06
622,low_value,2025-06-11,58.98
622,low_value,2025-05-11,33.32
622,low_value,2025-04-14,57.16
623,new,2025-12-17,11.7
623,new,2025-12-16,29.23
623,new,2025-10-28,99.75
623,new,2025-08-27,85.43
623,new,2025-07-31,37.56
623,new,2025-07-23,54.24
624,low_value,2025-12-22,62.5
624,low_value,2025-08-03,13.93
624,low_value,2025-06-28,46.16
625,at_risk,2026-04-15,106.55
625,at_risk,2026-01-06,43.05
625,at_risk,2025-04-05,111.56
626,low_value,2026-02-07,29.0
626,low_value,2025-08-06,23.06
627,loyal,2026-05-19,63.76
627,loyal,2025-12-25,116.63
627,loyal,2025-12-22,87.33
627,loyal,2025-09-12,135.66
627,loyal,2025-08-07,126.4
627,loyal,2025-07-12,122.44
627,loyal,2025-06-29,61.79
627,loyal,2025-03-17,106.9
628,new,2025-12-27,31.48
629,low_value,2026-02-10,37.54
629,low_value,2025-11-28,35.29
629,low_value,2025-11-18,51.54
629,low_value,2025-11-12,75.3
629,low_value,2025-10-21,47.9
629,low_value,2025-09-19,67.88
629,low_value,2025-05-18,57.43
629,low_value,2025-05-10,66.69
629,low_value,2025-04-02,32.81
630,low_value,2026-05-16,33.73
630,low_value,2025-10-26,62.71
630,low_value,2025-09-03,65.32
631,low_value,2026-02-28,48.97
631,low_value,2026-01-13,51.01
632,champion,2026-08-09,140.63
632,champion,2026-06-22,225.9
632,champion,2026-06-08,163.63
632,champion,2026-04-05,125.45
632,champion,2026-03-17,214.15
632,champion,2026-03-05,163.38
632,champion,2026-02-01,206.14
632,champion,2026-01-12,217.42
632,champion,2025-12-25,190.98
632,champion,2025-12-23,275.84
632,champion,2025-12-13,111.01
632,champion,2025-12-07,147.28
632,champion,2025-11-24,169.76
632,champion,2025-08-22,270.45
632,champion,2025-05-20,251.92
632,champion,2025-05-12,231.55
632,champion,2025-04-27,148.24
632,champion,2025-03-18,152.9
633,at_risk,2026-05-08,36.78
633,at_risk,2026-04-25,96.84
633,at_risk,2025-05-12,56.61
634,champion,2026-08-22,170.34
634,champion,2026-08-13,254.83
634,champion,2026-08-08,177.47
634,champion,2026-05-09,134.22
634,champion,2026-02-11,216.75
634,champion,2025-11-27,161.12
634,champion,2025-10-23,191.35
634,champion,2025-09-22,155.77
634,champion,2025-09-13,231.23
634,champion,2025-09-13,156.37
634,champion,2025-09-01,235.91
634,champion,2025-08-30,138.03
634,champion,2025-08-23,168.28
634,champion,2025-07-26,236.0
634,champion,2025-07-16,186.73
634,champion,2025-06-14,270.86
634,champion,2025-05-15,169.23
634,champion,2025-04-29,190.28
634,champion,2025-04-14,256.21
634,champion,2025-03-12,119.44
635,loyal,2026-08-04,125.8
635,loyal,2026-07-18,170.43
635,loyal,2026-06-25,141.36
635,loyal,2026-05-26,120.92
635,loyal,2026-02-15,150.77
635,loyal,2025-12-19,126.17
635,loyal,2025-12-09,96.2
635,loyal,2025-10-15,75.66
635,loyal,2025-08-31,92.92
636,low_value,2026-02-08,26.81
636,low_value,2026-01-24,10.0
636,low_value,2025-05-29,58.74
636,low_value,2025-03-14,27.62
637,low_value,2025-10-13,27.93
637,low_value,2025-09-05,19.4
637,low_value,2025-07-27,55.47
637,low_value,2025-05-24,53.27
638,low_value,2026-06-24,52.8
638,low_value,2025-12-29,37.7
639,low_value,2026-01-27,66.9
639,low_value,2025-10-15,37.5
639,low_value,2025-08-22,16.12
640,low_value,2026-04-05,64.61
640,low_value,2026-02-28,39.24
640,low_value,2026-01-02,26.29
640,low_value,2025-10-03,66.54
641,low_value,2025-12-14,76.61
641,low_value,2025-07-08,30.3
642,champion,2026-07-25,188.23
642,champion,2026-05-28,183.38
642,champion,2026-05-27,148.47
642,champion,2026-03-23,169.57
642,champion,2026-02-18,185.8
642,champion,2026-02-18,175.89
642,champion,2026-01-27,242.91
642,champion,2025-12-25,220.4
642,champion,2025-11-20,191.6
642,champion,2025-11-05,149.47
642,champion,2025-10-12,147.04
642,champion,2025-09-14,258.95
642,champion,2025-07-18,139.6
642,champion,2025-06-17,184.55
642,champion,2025-04-06,194.44
643,loyal,2026-08-08,71.87
643,loyal,2026-06-15,145.14
643,loyal,2026-06-12,109.73
643,loyal,2026-06-05,108.56
643,loyal,2026-05-21,89.21
643,loyal,2026-04-21,73.16
643,loyal,2026-03-31,60.0
643,loyal,2026-03-24,87.12
643,loyal,2026-01-23,127.63
643,loyal,2026-01-09,81.16
643,loyal,2025-10-26,63.55
643,loyal,2025-09-10,82.73
643,loyal,2025-09-04,98.46
643,loyal,2025-07-04,99.63
643,loyal,2025-06-15,106.13
643,loyal,2025-04-20,140.98
644,new,2026-06-25,96.07
644,new,2026-05-05,96.53
644,new,2025-10-22,59.7
644,new,2025-04-27,67.56
644,new,2025-03-18,62.37
645,low_value,2026-03-19,32.39
645,low_value,2025-08-18,10.0
646,champion,2026-07-31,123.9
646,champion,2026-07-29,166.14
646,champion,2026-06-28,127.25
646,champion,2026-06-08,150.79
646,champion,2026-06-02,180.54
646,champion,2026-04-14,158.85
646,champion,2026-04-02,225.77
646,champion,2026-03-21,189.08
646,champion,2026-03-13,161.48
646,champion,2026-01-27,174.66
646,champion,2025-11-19,228.79
646,champion,2025-10-10,216.35
646,champion,2025-07-03,134.45
646,champion,2025-06-05,152.77
646,champion,2025-05-23,198.99
646,champion,2025-04-20,194.13
646,champion,2025-04-19,137.98
646,champion,2025-03-28,209.97
646,champion,2025-03-14,144.37
647,new,2026-07-16,54.53
647,new,2026-04-25,74.6
647,new,2026-04-17,133.46
647,new,2025-11-13,99.36
647,new,2025-09-02,62.79
647,new,2025-06-30,56.92
647,new,2025-06-24,10.0
647,new,2025-04-15,96.72
648,low_value,2026-04-02,21.89
649,champion,2026-08-17,101.8
649,champion,2026-07-09,214.54
649,champion,2026-06-14,157.99
649,champion,2026-05-17,298.33
649,champion,2026-04-25,150.42
649,champion,2026-04-19,264.21
649,champion,2026-03-20,209.93
649,champion,2026-03-16,138.87
649,champion,2026-01-24,189.29
649,champion,2026-01-22,210.86
649,champion,2025-12-27,170.99
649,champion,2025-12-07,213.52
649,champion,2025-10-08,212.64
649,champion,2025-10-01,203.85
649,champion,2025-08-18,179.34
649,champion,2025-06-17,133.0
649,champion,2025-05-18,176.93
649,champion,2025-05-08,187.04
649,champion,2025-04-22,104.96
649,champion,2025-04-20,186.77
649,champion,2025-03-27,176.13
649,champion,2025-03-24,128.13
649,champion,2025-03-20,166.68
649,champion,2025-03-14,167.53
650,at_risk,2026-04-11,155.48
650,at_risk,2026-02-26,23.39
650,at_risk,2025-12-24,53.22
650,at_risk,2025-12-03,31.71
650,at_risk,2025-09-04,117.12
650,at_risk,2025-09-01,70.74
650,at_risk,2025-06-14,77.88
650,at_risk,2025-03-30,87.42
651,low_value,2026-04-22,16.22
651,low_value,2026-02-27,25.78
651,low_value,2025-11-24,40.22
651,low_value,2025-10-24,20.83
651,low_value,2025-08-21,48.71
651,low_value,2025-05-16,40.07
651,low_value,2025-03-13,89.44
652,low_value,2026-04-29,46.93
652,low_value,2026-01-30,72.69
652,low_value,2025-12-24,10.0
653,loyal,2026-07-25,141.93
653,loyal,2026-07-06,90.24
653,loyal,2026-06-02,188.88
653,loyal,2026-04-19,115.89
653,loyal,2026-03-03,44.22
653,loyal,2026-03-02,121.44
653,loyal,2026-02-22,88.4
653,loyal,2025-11-18,144.95
653,loyal,2025-09-05,126.44
654,low_value,2025-10-24,55.34
654,low_value,2025-03-20,37.71
655,at_risk,2026-05-19,87.22
655,at_risk,2026-03-27,85.96
655,at_risk,2025-11-26,48.94
655,at_risk,2025-06-22,72.05
655,at_risk,2025-05-23,108.18
655,at_risk,2025-05-11,93.18
655,at_risk,2025-03-14,123.79
656,low_value,2026-01-24,69.87
656,low_value,2025-09-07,62.49
656,low_value,2025-07-05,61.11
656,low_value,2025-06-10,72.2
656,low_value,2025-05-10,36.45
656,low_value,2025-04-30,38.95
656,low_value,2025-04-19,79.2
657,loyal,2026-07-01,118.06
657,loyal,2026-04-22,116.32
657,loyal,2026-01-11,120.9
657,loyal,2025-12-28,127.27
657,loyal,2025-12-25,154.88
657,loyal,2025-12-10,122.42
657,loyal,2025-09-14,110.69
657,loyal,2025-07-01,144.44
657,loyal,2025-05-22,177.28
657,loyal,2025-04-10,137.45
658,new,2026-04-21,72.28
658,new,2026-04-08,44.45
658,new,2026-01-23,106.78
658,new,2025-11-24,97.25
658,new,2025-10-12,109.65
658,new,2025-08-05,75.92
658,new,2025-03-18,69.11
659,at_risk,2026-03-17,83.22
659,at_risk,2026-02-24,68.22
659,at_risk,2025-12-26,65.94
659,at_risk,2025-11-23,74.19
659,at_risk,2025-08-25,88.12
659,at_risk,2025-08-13,115.51
660,loyal,2026-07-03,105.31
660,loyal,2026-02-10,120.74
660,loyal,2026-02-05,109.23
660,loyal,2026-01-12,126.35
660,loyal,2025-09-01,115.62
660,loyal,2025-08-19,99.88
660,loyal,2025-08-14,49.23
660,loyal,2025-08-13,125.82
660,loyal,2025-04-17,98.79
660,loyal,2025-03-30,133.34
661,low_value,2025-11-24,42.24
661,low_value,2025-07-27,78.67
662,loyal,2026-02-12,92.54
662,loyal,2025-07-26,95.9
662,loyal,2025-06-20,94.49
662,loyal,2025-06-02,111.88
663,loyal,2026-08-30,105.07
663,loyal,2026-06-28,148.98
663,loyal,2026-02-09,109.27
663,loyal,2025-11-30,157.98
663,loyal,2025-10-06,96.31
663,loyal,2025-08-08,39.05
663,loyal,2025-07-25,107.6
664,at_risk,2026-06-02,37.74
664,at_risk,2026-05-27,117.96
664,at_risk,2026-05-16,105.06
664,at_risk,2026-02-04,92.76
664,at_risk,2026-01-22,107.63
664,at_risk,2025-09-29,80.68
664,at_risk,2025-09-25,74.28
664,at_risk,2025-08-17,86.53
664,at_risk,2025-06-12,78.75
664,at_risk,2025-06-07,171.32
665,low_value,2026-02-26,10.0
665,low_value,2025-09-04,40.26
665,low_value,2025-08-28,33.53
666,low_value,2026-01-07,48.45
666,low_value,2025-11-26,34.71
666,low_value,2025-10-24,10.0
666,low_value,2025-10-23,16.32
666,low_value,2025-06-23,35.66
667,low_value,2025-12-13,26.71
667,low_value,2025-05-03,57.25
668,loyal,2026-08-09,144.05
668,loyal,2026-06-24,86.64
668,loyal,2026-05-18,85.52
668,loyal,2026-02-05,111.08
668,loyal,2025-11-28,111.11
668,loyal,2025-09-21,86.45
668,loyal,2025-07-17,169.59
668,loyal,2025-05-16,102.04
668,loyal,2025-04-11,113.41
668,loyal,2025-03-11,97.95
669,at_risk,2026-08-15,78.83
669,at_risk,2026-07-23,137.17
669,at_risk,2026-05-05,73.71
669,at_risk,2026-02-22,110.83
669,at_risk,2026-01-09,101.85
669,at_risk,2025-12-27,126.62
669,at_risk,2025-11-21,124.76
669,at_risk,2025-10-28,93.83
669,at_risk,2025-08-13,35.63
669,at_risk,2025-08-12,86.89
669,at_risk,2025-06-30,94.3
669,at_risk,2025-06-29,105.01
669,at_risk,2025-06-20,69.19
670,loyal,2026-02-11,78.75
670,loyal,2026-01-16,89.34
670,loyal,2025-12-14,89.56
670,loyal,2025-12-12,115.53
670,loyal,2025-10-31,104.78
670,loyal,2025-10-05,95.32
670,loyal,2025-07-21,99.08
670,loyal,2025-06-04,86.18
670,loyal,2025-04-02,104.6
671,new,2026-06-18,97.88
671,new,2026-06-02,116.36
671,new,2026-04-19,72.34
671,new,2026-02-20,95.48
671,new,2025-09-12,79.97
671,new,2025-07-31,60.42
671,new,2025-06-14,21.88
671,new,2025-06-02,110.66
671,new,2025-03-11,43.77
672,low_value,2026-01-21,34.75
672,low_value,2025-06-09,30.76
672,low_value,2025-06-04,47.0
673,low_value,2026-02-08,53.09
673,low_value,2025-12-06,43.83
673,low_value,2025-10-28,36.03
673,low_value,2025-09-15,11.36
673,low_value,2025-06-27,42.81
673,low_value,2025-06-03,81.9
673,low_value,2025-05-15,10.76
674,new,2026-06-26,52.17
674,new,2026-03-12,77.56
674,new,2026-02-07,118.23
674,new,2025-11-25,50.96
674,new,2025-11-11,57.66
674,new,2025-11-04,80.49
674,new,2025-08-05,85.49
674,new,2025-07-22,87.01
674,new,2025-06-10,48.84
675,at_risk,2026-03-12,96.05
675,at_risk,2026-02-21,97.98
675,at_risk,2025-11-18,42.49
675,at_risk,2025-04-15,19.72
675,at_risk,2025-04-08,138.82
676,low_value,2026-06-05,69.81
676,low_value,2026-03-09,52.63
676,low_value,2026-01-26,44.66
676,low_value,2026-01-06,72.44
676,low_value,2025-10-31,50.8
676,low_value,2025-08-01,43.07
676,low_value,2025-03-13,72.59
677,new,2026-07-28,86.95
677,new,2026-04-04,63.3
677,new,2026-03-20,107.45
677,new,2026-01-31,89.47
677,new,2025-09-25,83.56
677,new,2025-06-27,82.34
678,loyal,2026-06-23,89.11
678,loyal,2026-06-01,166.47
678,loyal,2026-05-22,117.58
678,loyal,2026-04-27,86.19
678,loyal,2026-04-26,102.01
678,loyal,2026-04-19,88.58
678,loyal,2026-01-30,100.83
678,loyal,2026-01-01,100.14
678,loyal,2025-12-25,87.47
678,loyal,2025-12-02,118.1
678,loyal,2025-11-28,121.74
678,loyal,2025-11-23,80.11
678,loyal,2025-08-18,60.25
678,loyal,2025-07-11,119.33
678,loyal,2025-05-30,125.96
678,loyal,2025-03-27,131.91
679,at_risk,2026-06-04,62.82
679,at_risk,2026-04-28,55.23
679,at_risk,2026-02-22,105.66
679,at_risk,2026-02-22,109.15
679,at_risk,2026-01-08,64.73
679,at_risk,2025-12-02,142.03
679,at_risk,2025-10-07,162.37
679,at_risk,2025-08-26,73.03
679,at_risk,2025-06-24,147.06
679,at_risk,2025-06-13,11.63
679,at_risk,2025-05-27,132.66
679,at_risk,2025-05-18,64.98
679,at_risk,2025-04-21,129.16
680,champion,2026-05-31,187.41
680,champion,2026-04-26,96.48
680,champion,2026-04-26,127.59
680,champion,2026-04-19,139.49
680,champion,2026-04-06,217.36
680,champion,2026-03-19,212.2
680,champion,2025-12-23,167.98
680,champion,2025-12-07,158.06
680,champion,2025-11-10,208.66
680,champion,2025-11-09,134.82
680,champion,2025-11-06,198.31
680,champion,2025-11-02,194.9
680,champion,2025-10-01,169.02
680,champion,2025-08-04,195.91
680,champion,2025-07-09,184.08
680,champion,2025-07-07,199.9
680,champion,2025-06-16,126.64
680,champion,2025-06-05,204.58
680,champion,2025-06-01,221.06
680,champion,2025-05-26,192.84
680,champion,2025-05-07,204.05
680,champion,2025-03-27,175.6
681,loyal,2026-07-31,98.47
681,loyal,2026-06-28,96.56
681,loyal,2026-04-29,115.16
681,loyal,2026-04-23,88.72
681,loyal,2025-06-29,125.37
681,loyal,2025-04-03,111.7
681,loyal,2025-03-29,91.48
682,champion,2026-08-19,219.53
682,champion,2026-08-07,205.12
682,champion,2026-05-16,152.58
682,champion,2026-05-02,230.85
682,champion,2026-04-24,129.3
682,champion,2026-04-13,177.71
682,champion,2026-03-10,173.72
682,champion,2026-03-06,146.98
682,champion,2026-02-15,192.15
682,champion,2026-01-30,232.41
682,champion,2026-01-12,229.91
682,champion,2026-01-10,208.95
682,champion,2025-11-13,112.16
682,champion,2025-10-08,126.56
682,champion,2025-10-05,186.65
682,champion,2025-07-23,178.63
682,champion,2025-07-14,160.08
682,champion,2025-07-09,256.21
682,champion,2025-06-28,184.23
682,champion,2025-06-14,201.7
682,champion,2025-05-29,219.52
682,champion,2025-05-24,182.2
682,champion,2025-04-22,283.64
682,champion,2025-04-04,142.39
682,champion,2025-03-25,155.76
683,new,2026-04-04,82.79
683,new,2026-02-12,77.51
683,new,2025-09-15,54.4
683,new,2025-06-04,66.4
683,new,2025-05-29,40.39
684,new,2026-05-22,89.36
684,new,2026-04-27,41.27
684,new,2025-11-08,41.83
684,new,2025-08-14,37.52
684,new,2025-07-21,67.3
684,new,2025-03-26,61.67
684,new,2025-03-12,34.11
685,at_risk,2026-02-26,123.14
685,at_risk,2026-01-12,112.89
685,at_risk,2025-11-24,158.9
685,at_risk,2025-10-22,118.6
685,at_risk,2025-09-30,109.85
685,at_risk,2025-09-09,84.28
685,at_risk,2025-06-18,58.69
685,at_risk,2025-04-13,75.05
686,at_risk,2026-05-22,45.36
686,at_risk,2026-04-24,177.87
686,at_risk,2026-02-16,51.12
686,at_risk,2026-02-10,86.5
686,at_risk,2025-09-08,58.69
686,at_risk,2025-07-21,58.74
686,at_risk,2025-06-29,79.17
686,at_risk,2025-03-27,117.27
686,at_risk,2025-03-27,140.17
687,low_value,2026-02-03,46.96
687,low_value,2026-01-11,41.37
687,low_value,2025-12-22,66.4
687,low_value,2025-04-22,89.57
688,low_value,2025-07-18,50.12
689,new,2026-06-03,94.01
689,new,2026-05-29,90.79
689,new,2025-12-24,67.27
689,new,2025-09-23,58.2
689,new,2025-04-14,70.04
690,loyal,2026-06-17,78.83
690,loyal,2026-05-27,126.26
690,loyal,2026-05-18,57.36
690,loyal,2026-05-05,66.52
690,loyal,2026-05-03,126.11
690,loyal,2026-04-11,103.32
690,loyal,2026-03-07,89.13
690,loyal,2026-02-05,95.16
690,loyal,2025-12-21,65.88
690,loyal,2025-11-22,124.53
690,loyal,2025-11-01,85.8
690,loyal,2025-09-20,93.93
690,loyal,2025-09-10,120.4
690,loyal,2025-06-06,102.3
690,loyal,2025-06-02,88.86
690,loyal,2025-04-27,50.32
690,loyal,2025-04-17,121.02
691,low_value,2025-07-19,45.26
692,loyal,2026-04-23,148.89
692,loyal,2026-04-11,83.06
692,loyal,2026-03-07,110.7
692,loyal,2025-09-20,145.69
692,loyal,2025-08-31,119.27
692,loyal,2025-07-26,98.93
692,loyal,2025-07-01,58.82
692,loyal,2025-06-11,41.89
692,loyal,2025-05-12,172.29
692,loyal,2025-04-17,119.26
693,at_risk,2026-05-07,113.72
693,at_risk,2026-03-01,128.48
693,at_risk,2025-12-26,95.58
693,at_risk,2025-11-17,84.55
693,at_risk,2025-08-03,99.66
693,at_risk,2025-06-08,80.42
693,at_risk,2025-04-01,137.14
694,low_value,2026-04-06,10.13
694,low_value,2026-03-14,71.14
694,low_value,2025-09-08,33.82
694,low_value,2025-05-31,15.25
695,new,2026-04-07,98.67
695,new,2026-03-11,55.41
695,new,2026-02-13,71.27
695,new,2025-10-26,80.05
695,new,2025-09-05,56.25
695,new,2025-05-25,67.61
695,new,2025-04-30,55.41
696,low_value,2026-05-06,37.7
696,low_value,2026-03-20,31.6
696,low_value,2025-11-13,55.87
697,new,2026-05-28,53.68
697,new,2026-02-24,89.32
697,new,2026-01-27,79.68
697,new,2026-01-21,10.0
697,new,2025-12-02,66.06
697,new,2025-08-30,73.14
698,low_value,2026-03-03,28.13
698,low_value,2026-02-11,10.0
698,low_value,2025-12-21,40.15
698,low_value,2025-04-13,84.16
699,loyal,2026-08-08,137.52
699,loyal,2026-07-10,99.91
699,loyal,2026-06-03,146.94
699,loyal,2026-02-19,78.59
699,loyal,2025-09-20,153.01
699,loyal,2025-09-18,124.16
699,loyal,2025-09-14,80.94
699,loyal,2025-09-11,125.27
699,loyal,2025-08-23,90.49
699,loyal,2025-05-27,111.0
699,loyal,2025-04-19,95.4
699,loyal,2025-04-02,106.01
699,loyal,2025-03-27,138.24
699,loyal,2025-03-15,125.56
700,loyal,2026-06-07,91.23
700,loyal,2026-04-28,88.33
700,loyal,2026-03-16,103.17
700,loyal,2026-02-23,100.04
700,loyal,2025-10-12,147.68
700,loyal,2025-09-26,139.54
700,loyal,2025-07-29,111.05
700,loyal,2025-04-25,130.34
700,loyal,2025-04-16,134.69
701,at_risk,2026-02-17,84.9
701,at_risk,2025-07-14,70.27
701,at_risk,2025-06-14,43.44
702,loyal,2026-08-19,63.98
702,loyal,2026-06-12,103.02
702,loyal,2026-03-20,100.22
702,loyal,2026-01-11,106.3
702,loyal,2026-01-05,117.58
702,loyal,2025-11-28,157.96
702,loyal,2025-11-25,62.02
702,loyal,2025-09-06,136.3
702,loyal,2025-08-22,34.64
702,loyal,2025-08-21,151.81
702,loyal,2025-07-05,48.71
702,loyal,2025-06-05,183.09
702,loyal,2025-04-17,98.31
702,loyal,2025-03-11,148.71
703,low_value,2026-01-29,36.53
703,low_value,2026-01-26,28.62
704,loyal,2026-06-07,103.87
704,loyal,2026-06-01,99.21
704,loyal,2026-03-17,104.75
704,loyal,2026-03-04,123.63
704,loyal,2025-12-28,78.98
704,loyal,2025-12-22,122.82
704,loyal,2025-09-12,117.67
704,loyal,2025-08-27,56.34
704,loyal,2025-04-18,163.83
704,loyal,2025-03-20,153.82
705,new,2026-03-22,38.46
705,new,2026-03-01,33.53
705,new,2026-02-21,84.59
705,new,2026-02-08,79.72
705,new,2026-01-02,96.54
705,new,2025-09-20,63.15
705,new,2025-06-15,34.23
705,new,2025-03-22,11.18
706,low_value,2026-07-29,20.46
706,low_value,2026-05-02,34.69
706,low_value,2025-09-19,38.69
706,low_value,2025-06-19,85.98
706,low_value,2025-06-04,41.23
707,low_value,2026-02-17,42.32
707,low_value,2025-12-26,51.22
707,low_value,2025-12-01,27.07
707,low_value,2025-11-10,83.79
707,low_value,2025-05-10,60.85
707,low_value,2025-04-08,10.0
708,at_risk,2025-12-27,88.13
708,at_risk,2025-11-06,86.79
708,at_risk,2025-08-19,151.63
708,at_risk,2025-08-11,90.58
708,at_risk,2025-06-14,141.58
709,new,2026-03-06,90.48
709,new,2025-12-20,91.78
709,new,2025-11-09,52.17
710,low_value,2026-02-14,50.76
710,low_value,2025-12-10,67.31
710,low_value,2025-12-02,49.0
710,low_value,2025-05-21,74.16
710,low_value,2025-05-09,62.36
710,low_value,2025-04-15,35.23
711,low_value,2026-03-21,43.48
711,low_value,2025-10-03,61.24
711,low_value,2025-08-03,35.0
711,low_value,2025-07-24,23.62
711,low_value,2025-03-23,68.01
712,low_value,2026-04-17,16.75
712,low_value,2026-02-22,39.28
712,low_value,2025-08-14,55.9
712,low_value,2025-08-01,43.68
712,low_value,2025-07-03,23.01
713,low_value,2026-04-28,10.0
713,low_value,2025-12-15,40.88
713,low_value,2025-10-16,22.33
713,low_value,2025-06-13,30.2
713,low_value,2025-04-01,50.69
714,low_value,2025-12-08,56.91
714,low_value,2025-09-04,23.69
714,low_value,2025-08-06,26.45
714,low_value,2025-05-20,47.73
714,low_value,2025-05-16,25.7
714,low_value,2025-04-03,48.57
715,loyal,2026-08-01,111.07
715,loyal,2026-07-18,108.18
715,loyal,2026-07-18,171.91
715,loyal,2026-03-26,146.02
715,loyal,2025-11-22,135.01
715,loyal,2025-10-22,113.94
715,loyal,2025-06-22,79.83
715,loyal,2025-05-09,143.82
715,loyal,2025-04-18,114.33
715,loyal,2025-04-16,92.68
716,new,2026-08-17,16.75
716,new,2026-03-24,34.68
716,new,2025-06-03,51.43
716,new,2025-05-24,47.68
716,new,2025-04-23,77.23
717,loyal,2026-07-19,60.35
717,loyal,2026-06-01,83.0
717,loyal,2026-01-07,142.88
717,loyal,2025-12-19,47.74
717,loyal,2025-10-20,150.29
717,loyal,2025-09-08,124.99
717,loyal,2025-09-01,87.57
717,loyal,2025-07-11,85.04
717,loyal,2025-07-02,166.88
717,loyal,2025-05-30,152.34
717,loyal,2025-05-07,106.42
717,loyal,2025-03-21,114.04
718,low_value,2025-04-07,43.43
719,low_value,2026-06-05,17.67
720,new,2026-04-15,84.02
720,new,2026-02-09,105.64
720,new,2025-12-10,64.78
720,new,2025-07-12,78.64
720,new,2025-06-21,100.47
720,new,2025-04-27,92.62
721,at_risk,2026-03-31,123.62
721,at_risk,2025-12-09,114.1
721,at_risk,2025-11-18,75.92
721,at_risk,2025-11-07,149.74
721,at_risk,2025-11-01,43.82
721,at_risk,2025-04-29,153.08
722,champion,2026-06-23,114.48
722,champion,2026-05-08,140.74
722,champion,2026-04-22,219.8
722,champion,2026-04-04,198.57
722,champion,2026-01-10,164.55
722,champion,2025-10-07,180.73
722,champion,2025-10-05,162.3
722,champion,2025-10-04,177.52
722,champion,2025-09-06,149.53
722,champion,2025-08-27,156.79
722,champion,2025-07-26,155.57
722,champion,2025-07-14,150.97
722,champion,2025-07-08,221.76
722,champion,2025-06-22,210.8
722,champion,2025-05-28,142.71
722,champion,2025-05-10,132.22
723,low_value,2026-04-22,68.1
723,low_value,2026-01-07,54.09
723,low_value,2025-09-13,61.92
723,low_value,2025-06-23,56.79
724,loyal,2026-07-15,89.57
724,loyal,2026-07-09,125.38
724,loyal,2026-06-19,103.56
724,loyal,2026-05-03,124.38
724,loyal,2026-01-24,67.69
724,loyal,2026-01-11,133.8
724,loyal,2025-05-30,116.18
724,loyal,2025-05-15,114.57
724,loyal,2025-05-12,168.51
724,loyal,2025-05-04,98.53
725,champion,2026-08-15,227.22
725,champion,2026-06-19,205.18
725,champion,2026-06-09,203.35
725,champion,2026-05-31,144.27
725,champion,2026-05-04,215.4
725,champion,2026-04-20,235.65
725,champion,2026-02-17,195.78
725,champion,2026-02-06,196.9
725,champion,2026-01-26,129.41
725,champion,2026-01-24,222.18
725,champion,2026-01-21,251.23
725,champion,2025-12-23,192.92
725,champion,2025-12-20,156.23
725,champion,2025-12-12,173.52
725,champion,2025-10-14,163.18
725,champion,2025-10-05,165.58
725,champion,2025-09-23,205.92
725,champion,2025-08-30,191.18
725,champion,2025-07-12,220.16
725,champion,2025-07-09,194.84
725,champion,2025-06-17,145.44
725,champion,2025-05-31,159.97
725,champion,2025-05-11,157.49
725,champion,2025-04-14,172.54
726,loyal,2026-08-01,121.53
726,loyal,2026-07-18,83.77
726,loyal,2026-07-02,109.71
726,loyal,2026-05-24,129.98
726,loyal,2026-03-08,140.66
726,loyal,2026-01-10,108.18
726,loyal,2025-12-27,132.84
726,loyal,2025-11-03,90.13
726,loyal,2025-08-15,117.37
726,loyal,2025-08-04,140.07
726,loyal,2025-07-18,119.96
726,loyal,2025-04-09,94.12
727,champion,2026-08-13,155.63
727,champion,2026-07-10,265.32
727,champion,2026-05-01,103.81
727,champion,2026-03-25,116.59
727,champion,2026-03-05,250.12
727,champion,2026-02-14,198.96
727,champion,2026-01-13,193.66
727,champion,2026-01-08,197.25
727,champion,2026-01-01,202.85
727,champion,2025-12-28,191.99
727,champion,2025-10-28,141.36
727,champion,2025-10-12,212.73
727,champion,2025-10-07,206.43
727,champion,2025-09-18,237.14
727,champion,2025-08-06,250.57
727,champion,2025-07-27,193.22
727,champion,2025-07-22,130.9
727,champion,2025-07-22,250.9
727,champion,2025-06-22,139.27
727,champion,2025-06-17,193.52
727,champion,2025-06-16,169.73
727,champion,2025-06-03,162.77
727,champion,2025-05-21,210.57
727,champion,2025-05-07,189.78
727,champion,2025-04-17,200.53
728,new,2026-06-14,46.33
728,new,2026-03-18,118.45
728,new,2025-07-14,71.3
728,new,2025-05-24,26.56
728,new,2025-04-30,78.19
728,new,2025-04-13,100.15
728,new,2025-04-05,73.91
729,new,2026-07-14,73.53
729,new,2025-08-05,58.78
729,new,2025-07-25,44.49
729,new,2025-05-17,43.4
730,at_risk,2026-01-18,124.37
730,at_risk,2025-10-20,160.87
730,at_risk,2025-05-10,157.37
730,at_risk,2025-05-10,67.15
730,at_risk,2025-04-02,139.63
730,at_risk,2025-03-18,97.05
731,champion,2026-05-23,143.11
731,champion,2026-05-08,166.97
731,champion,2025-12-18,186.18
731,champion,2025-11-30,157.65
731,champion,2025-11-24,180.11
731,champion,2025-11-08,110.0
731,champion,2025-09-15,233.98
731,champion,2025-09-07,180.64
731,champion,2025-08-25,136.03
731,champion,2025-06-22,81.61
731,champion,2025-06-18,221.17
731,champion,2025-06-10,202.32
731,champion,2025-06-03,188.43
731,champion,2025-06-02,214.55
731,champion,2025-03-23,214.44
732,loyal,2026-06-28,154.29
732,loyal,2026-06-18,121.19
732,loyal,2026-06-06,121.42
732,loyal,2026-05-24,182.15
732,loyal,2026-03-11,159.58
732,loyal,2025-12-31,160.36
732,loyal,2025-11-19,86.07
732,loyal,2025-09-22,175.77
733,at_risk,2026-01-05,149.22
733,at_risk,2025-10-08,31.91
733,at_risk,2025-05-16,102.28
733,at_risk,2025-05-09,72.89
733,at_risk,2025-04-25,79.32
733,at_risk,2025-04-06,76.92
734,champion,2026-07-28,159.08
734,champion,2026-07-18,157.73
734,champion,2026-06-21,137.21
734,champion,2026-06-12,164.17
734,champion,2026-05-27,224.0
734,champion,2026-05-21,189.78
734,champion,2026-05-03,218.34
734,champion,2026-04-04,200.64
734,champion,2026-04-03,155.51
734,champion,2026-03-17,114.03
734,champion,2026-03-08,142.93
734,champion,2026-01-30,153.15
734,champion,2026-01-16,150.06
734,champion,2026-01-15,219.24
734,champion,2025-12-08,218.82
734,champion,2025-12-05,268.48
734,champion,2025-12-04,149.45
734,champion,2025-12-03,243.9
734,champion,2025-10-29,243.65
734,champion,2025-10-28,170.71
734,champion,2025-10-25,198.94
734,champion,2025-10-15,229.63
734,champion,2025-08-21,177.64
734,champion,2025-08-02,174.54
734,champion,2025-08-01,154.91
734,champion,2025-07-03,85.6
734,champion,2025-06-28,182.82
734,champion,2025-06-26,151.61
734,champion,2025-06-17,136.99
734,champion,2025-06-04,196.89
735,low_value,2025-11-12,60.01
735,low_value,2025-10-02,48.75
735,low_value,2025-05-11,50.24
736,loyal,2026-02-14,93.06
736,loyal,2025-12-21,65.34
736,loyal,2025-10-28,70.48
736,loyal,2025-10-09,100.65
736,loyal,2025-09-03,153.87
736,loyal,2025-06-30,88.15
736,loyal,2025-06-24,92.11
736,loyal,2025-04-19,91.49
736,loyal,2025-03-22,94.05
737,at_risk,2025-11-14,143.7
737,at_risk,2025-08-06,80.59
737,at_risk,2025-07-22,81.17
737,at_risk,2025-06-05,62.75
737,at_risk,2025-05-13,63.16
738,at_risk,2026-03-08,103.09
738,at_risk,2025-10-29,86.55
738,at_risk,2025-10-19,130.11
738,at_risk,2025-10-18,106.29
738,at_risk,2025-09-16,89.47
738,at_risk,2025-08-15,88.42
738,at_risk,2025-08-01,91.18
738,at_risk,2025-07-31,96.07
738,at_risk,2025-03-12,93.03
739,at_risk,2026-06-11,120.54
739,at_risk,2026-06-10,62.35
739,at_risk,2025-11-20,93.1
739,at_risk,2025-06-12,81.75
739,at_risk,2025-05-09,123.7
739,at_risk,2025-05-02,124.68
739,at_risk,2025-03-31,30.77
739,at_risk,2025-03-28,131.58
740,champion,2026-08-17,138.04
740,champion,2026-06-30,139.35
740,champion,2026-05-28,180.61
740,champion,2026-05-11,217.28
740,champion,2026-05-07,133.96
740,champion,2026-04-10,224.54
740,champion,2026-04-01,176.33
740,champion,2026-03-17,142.79
740,champion,2026-02-21,161.29
740,champion,2026-02-13,249.94
740,champion,2026-01-05,124.47
740,champion,2025-12-18,150.72
740,champion,2025-12-12,218.1
740,champion,2025-12-10,188.66
740,champion,2025-10-29,148.35
740,champion,2025-04-11,218.59
740,champion,2025-03-11,220.49
741,loyal,2026-08-11,57.93
741,loyal,2026-08-01,100.53
741,loyal,2026-07-12,125.02
741,loyal,2026-07-03,95.17
741,loyal,2026-05-21,163.48
741,loyal,2026-01-24,158.88
741,loyal,2025-12-25,85.52
741,loyal,2025-11-28,105.13
741,loyal,2025-11-23,87.51
741,loyal,2025-11-18,104.15
741,loyal,2025-08-29,103.24
741,loyal,2025-08-06,138.63
741,loyal,2025-08-05,83.35
741,loyal,2025-07-08,31.5
741,loyal,2025-06-24,61.86
741,loyal,2025-05-03,79.15
741,loyal,2025-04-29,90.33
741,loyal,2025-04-10,115.62
741,loyal,2025-03-30,77.61
742,low_value,2026-06-15,25.21
742,low_value,2026-02-18,37.85
742,low_value,2025-03-23,34.1
743,champion,2026-08-16,162.0
743,champion,2026-08-10,163.78
743,champion,2026-08-08,170.96
743,champion,2026-07-19,114.07
743,champion,2026-07-18,154.96
743,champion,2026-07-11,200.07
743,champion,2026-05-03,125.67
743,champion,2026-04-30,165.79
743,champion,2026-04-19,191.71
743,champion,2026-04-10,148.71
743,champion,2026-03-23,193.66
743,champion,2026-01-10,119.15
743,champion,2026-01-03,215.54
743,champion,2025-12-13,194.63
743,champion,2025-11-02,182.23
743,champion,2025-10-26,224.99
743,champion,2025-10-25,166.83
743,champion,2025-10-21,155.29
743,champion,2025-09-27,234.9
743,champion,2025-08-24,253.63
743,champion,2025-06-01,152.26
743,champion,2025-05-02,175.45
743,champion,2025-04-04,221.8
744,new,2026-02-17,94.03
744,new,2025-08-30,88.75
744,new,2025-07-22,81.0
744,new,2025-06-08,80.32
744,new,2025-05-21,76.94
744,new,2025-04-09,80.19
745,new,2026-06-11,72.17
745,new,2026-05-18,95.32
745,new,2025-09-27,82.66
745,new,2025-09-06,106.01
746,at_risk,2026-04-04,25.12
746,at_risk,2026-03-02,73.4
746,at_risk,2026-02-16,136.91
746,at_risk,2025-10-04,53.49
746,at_risk,2025-09-29,119.61
746,at_risk,2025-07-23,194.71
746,at_risk,2025-06-29,145.87
746,at_risk,2025-04-29,99.67
747,at_risk,2026-03-23,100.57
747,at_risk,2026-03-12,90.4
747,at_risk,2025-10-12,92.46
747,at_risk,2025-09-20,65.09
748,low_value,2025-09-07,65.56
748,low_value,2025-04-09,58.55
749,low_value,2025-08-27,60.67
749,low_value,2025-03-31,68.06
749,low_value,2025-03-31,66.03
750,loyal,2026-05-26,82.79
750,loyal,2026-03-20,155.78
750,loyal,2026-02-17,63.85
750,loyal,2026-02-14,92.44
750,loyal,2026-01-24,83.38
750,loyal,2026-01-13,44.15
750,loyal,2025-12-01,136.2
750,loyal,2025-10-23,93.28
750,loyal,2025-08-31,137.16
750,loyal,2025-04-18,121.67
751,at_risk,2026-02-28,53.03
751,at_risk,2026-02-23,102.15
751,at_risk,2026-02-07,75.61
751,at_risk,2026-01-28,92.49
752,loyal,2026-08-08,109.57
752,loyal,2026-07-06,135.74
752,loyal,2026-06-29,131.03
752,loyal,2026-05-04,146.34
752,loyal,2026-03-25,33.9
752,loyal,2026-03-19,147.59
752,loyal,2026-03-09,120.06
752,loyal,2026-03-04,63.68
752,loyal,2026-01-11,131.71
752,loyal,2025-09-14,115.08
752,loyal,2025-06-25,121.44
752,loyal,2025-04-11,139.97
753,new,2026-08-03,86.31
753,new,2026-05-14,96.63
753,new,2026-01-07,97.54
753,new,2025-06-25,42.05
753,new,2025-05-30,104.65
753,new,2025-04-07,106.65
753,new,2025-03-12,108.82
754,low_value,2025-08-13,71.13
754,low_value,2025-07-27,35.29
754,low_value,2025-06-07,44.23
755,loyal,2026-08-03,136.89
755,loyal,2026-06-29,117.66
755,loyal,2026-06-25,96.96
755,loyal,2026-05-30,117.03
755,loyal,2026-03-28,120.33
755,loyal,2026-03-14,142.45
755,loyal,2026-02-20,78.62
755,loyal,2026-01-05,149.75
755,loyal,2025-12-30,110.69
755,loyal,2025-11-29,94.82
755,loyal,2025-06-27,93.9
755,loyal,2025-04-09,79.96
755,loyal,2025-04-04,57.77
756,at_risk,2026-07-21,151.81
756,at_risk,2026-07-17,142.69
756,at_risk,2026-02-07,86.73
756,at_risk,2025-12-29,49.27
756,at_risk,2025-11-21,93.58
756,at_risk,2025-10-25,95.52
756,at_risk,2025-09-30,149.79
756,at_risk,2025-09-29,102.97
756,at_risk,2025-08-28,95.58
756,at_risk,2025-04-30,97.57
756,at_risk,2025-04-22,109.0
756,at_risk,2025-03-30,116.93
757,low_value,2026-01-27,10.0
757,low_value,2025-12-24,33.31
758,champion,2026-08-27,194.38
758,champion,2026-08-27,170.43
758,champion,2026-08-10,123.06
758,champion,2026-08-10,147.24
758,champion,2026-07-25,192.68
758,champion,2026-07-05,145.42
758,champion,2026-06-16,190.38
758,champion,2026-03-28,249.17
758,champion,2026-03-17,186.82
758,champion,2026-02-22,121.86
758,champion,2025-12-13,146.13
758,champion,2025-11-25,168.58
758,champion,2025-11-16,165.91
758,champion,2025-11-11,186.08
758,champion,2025-11-05,192.5
758,champion,2025-10-23,249.22
758,champion,2025-09-18,179.85
758,champion,2025-09-15,133.91
758,champion,2025-09-14,226.15
758,champion,2025-09-05,230.52
758,champion,2025-08-28,189.3
758,champion,2025-08-24,170.14
758,champion,2025-08-05,204.9
758,champion,2025-07-08,171.56
758,champion,2025-07-02,97.77
758,champion,2025-06-27,202.54
759,new,2026-04-22,100.51
759,new,2025-08-07,51.09
759,new,2025-08-05,65.69
759,new,2025-07-27,59.43
759,new,2025-07-18,55.86
759,new,2025-05-12,29.6
759,new,2025-04-21,70.61
760,low_value,2026-01-12,21.78
760,low_value,2025-08-06,58.0
760,low_value,2025-08-05,68.16
760,low_value,2025-06-13,10.0
760,low_value,2025-05-06,53.2
761,loyal,2026-06-17,57.53
761,loyal,2026-06-01,146.2
761,loyal,2026-05-18,104.24
761,loyal,2026-04-15,98.35
761,loyal,2026-03-28,106.66
761,loyal,2026-02-23,116.28
761,loyal,2026-01-14,94.28
761,loyal,2025-10-24,125.18
761,loyal,2025-10-17,81.13
761,loyal,2025-09-16,100.95
761,loyal,2025-08-20,43.56
761,loyal,2025-06-25,145.17
761,loyal,2025-04-30,104.72
761,loyal,2025-03-28,130.1
762,champion,2026-08-08,185.32
762,champion,2026-07-03,177.28
762,champion,2026-05-25,190.87
762,champion,2026-04-14,182.75
762,champion,2026-04-06,124.37
762,champion,2026-03-12,93.96
762,champion,2025-12-30,165.06
762,champion,2025-08-29,202.42
762,champion,2025-08-25,165.51
762,champion,2025-06-11,229.46
762,champion,2025-05-15,178.12
762,champion,2025-05-09,234.29
762,champion,2025-04-07,226.08
762,champion,2025-03-24,222.05
762,champion,2025-03-21,131.86
763,loyal,2026-07-11,77.45
763,loyal,2026-06-11,186.76
763,loyal,2026-06-06,98.6
763,loyal,2026-05-16,67.17
763,loyal,2026-02-28,110.76
763,loyal,2025-09-27,83.07
763,loyal,2025-09-04,135.94
763,loyal,2025-08-05,83.31
763,loyal,2025-08-03,118.12
763,loyal,2025-06-06,75.59
763,loyal,2025-03-28,187.97
764,low_value,2025-05-22,78.57
764,low_value,2025-04-14,33.95
764,low_value,2025-03-27,10.0
765,champion,2026-07-25,209.92
765,champion,2026-07-11,173.38
765,champion,2026-07-08,161.14
765,champion,2026-05-18,243.97
765,champion,2026-05-09,203.57
765,champion,2026-03-25,164.35
765,champion,2026-02-17,153.88
765,champion,2026-02-14,221.0
765,champion,2026-02-07,184.62
765,champion,2026-01-25,173.46
765,champion,2025-11-22,184.6
765,champion,2025-11-12,193.51
765,champion,2025-11-10,177.73
765,champion,2025-10-30,228.15
765,champion,2025-10-03,230.37
765,champion,2025-09-15,201.28
765,champion,2025-09-05,234.99
765,champion,2025-08-19,180.34
765,champion,2025-07-16,207.61
765,champion,2025-05-05,220.18
765,champion,2025-05-04,220.76
766,loyal,2026-07-24,115.09
766,loyal,2026-07-22,67.34
766,loyal,2026-06-04,128.62
766,loyal,2026-05-10,86.44
766,loyal,2026-04-29,75.92
766,loyal,2026-04-13,115.83
766,loyal,2026-04-03,88.98
766,loyal,2026-03-31,92.78
766,loyal,2026-01-12,115.15
766,loyal,2025-11-24,134.0
766,loyal,2025-11-22,85.45
766,loyal,2025-10-24,80.26
766,loyal,2025-10-09,110.7
766,loyal,2025-10-06,126.18
766,loyal,2025-09-28,153.88
766,loyal,2025-03-16,77.86
767,champion,2026-08-10,208.73
767,champion,2026-08-08,173.07
767,champion,2026-07-30,200.85
767,champion,2026-07-24,171.81
767,champion,2026-07-14,214.45
767,champion,2026-07-03,124.23
767,champion,2026-05-09,139.46
767,champion,2026-03-02,123.64
767,champion,2026-03-01,177.74
767,champion,2026-02-23,118.82
767,champion,2026-01-12,152.33
767,champion,2025-12-30,135.7
767,champion,2025-12-29,239.19
767,champion,2025-12-27,140.37
767,champion,2025-12-10,128.54
767,champion,2025-09-25,189.93
767,champion,2025-09-09,247.47
767,champion,2025-08-19,175.36
767,champion,2025-07-30,178.45
767,champion,2025-07-07,231.63
767,champion,2025-06-11,215.13
767,champion,2025-05-12,197.02
767,champion,2025-04-02,156.71
767,champion,2025-03-25,198.24
767,champion,2025-03-21,125.57
768,loyal,2026-07-24,116.56
768,loyal,2026-06-07,79.47
768,loyal,2026-05-05,60.83
768,loyal,2026-04-29,73.15
768,loyal,2026-03-25,59.62
768,loyal,2026-03-15,112.25
768,loyal,2026-02-26,121.52
768,loyal,2026-02-07,81.04
768,loyal,2026-01-01,114.44
768,loyal,2025-11-26,154.07
768,loyal,2025-10-26,168.73
768,loyal,2025-10-08,133.11
768,loyal,2025-08-19,104.75
768,loyal,2025-06-18,132.14
768,loyal,2025-04-09,150.55
768,loyal,2025-04-09,49.78
768,loyal,2025-03-27,154.46
768,loyal,2025-03-14,93.66
769,new,2026-02-22,93.47
769,new,2026-02-01,91.78
769,new,2025-11-28,136.91
769,new,2025-11-09,100.45
769,new,2025-09-24,67.78
769,new,2025-08-23,47.21
769,new,2025-06-09,63.47
769,new,2025-04-15,61.71
770,loyal,2026-07-28,91.39
770,loyal,2026-07-21,93.83
770,loyal,2026-07-16,109.85
770,loyal,2026-07-04,140.43
770,loyal,2026-06-02,154.12
770,loyal,2026-05-10,114.43
770,loyal,2026-03-17,116.77
770,loyal,2026-02-28,104.5
770,loyal,2025-12-07,124.44
770,loyal,2025-11-30,121.71
770,loyal,2025-09-28,149.78
770,loyal,2025-08-22,53.34
770,loyal,2025-07-14,102.97
770,loyal,2025-06-11,120.18
770,loyal,2025-06-01,109.21
770,loyal,2025-04-06,81.82
771,new,2026-07-20,54.31
771,new,2026-05-04,69.33
771,new,2025-12-19,57.59
771,new,2025-12-07,86.07
771,new,2025-11-08,97.22
771,new,2025-09-23,76.97
771,new,2025-05-21,84.01
772,new,2026-03-30,48.12
772,new,2026-03-12,43.27
772,new,2025-12-29,54.37
772,new,2025-11-27,41.99
772,new,2025-06-13,85.17
773,low_value,2026-02-12,12.54
773,low_value,2025-11-19,70.69
773,low_value,2025-08-25,78.09
773,low_value,2025-06-14,60.32
774,champion,2026-08-16,175.63
774,champion,2026-07-31,222.28
774,champion,2026-07-21,197.62
774,champion,2026-07-19,200.36
774,champion,2026-07-14,174.8
774,champion,2026-07-08,166.57
774,champion,2026-05-07,211.65
774,champion,2026-03-22,157.47
774,champion,2026-03-03,213.38
774,champion,2026-02-14,229.44
774,champion,2025-12-27,146.34
774,champion,2025-12-20,152.22
774,champion,2025-12-06,158.17
774,champion,2025-12-02,121.32
774,champion,2025-11-14,161.22
774,champion,2025-10-02,232.06
774,champion,2025-09-27,138.18
774,champion,2025-08-21,233.01
774,champion,2025-08-18,162.66
774,champion,2025-07-05,264.56
774,champion,2025-05-15,152.73
774,champion,2025-04-30,174.24
775,low_value,2025-12-11,49.78
775,low_value,2025-09-24,49.57
775,low_value,2025-09-19,46.07
775,low_value,2025-07-25,59.35
775,low_value,2025-06-15,62.47
776,new,2026-08-13,48.16
776,new,2026-06-29,35.77
776,new,2026-04-23,92.76
776,new,2026-04-09,60.38
776,new,2026-03-21,93.81
776,new,2026-03-17,73.4
776,new,2026-03-16,62.68
776,new,2025-11-22,40.76
776,new,2025-11-05,77.54
776,new,2025-08-22,64.53
776,new,2025-07-29,92.55
776,new,2025-07-17,52.11
776,new,2025-05-27,85.4
777,loyal,2026-05-18,73.75
777,loyal,2026-03-15,148.01
777,loyal,2026-01-13,79.75
777,loyal,2025-12-30,132.38
777,loyal,2025-11-30,122.48
777,loyal,2025-11-24,137.53
777,loyal,2025-08-18,94.56
777,loyal,2025-07-28,86.28
777,loyal,2025-07-13,121.35
777,loyal,2025-06-26,101.23
777,loyal,2025-05-18,73.07
777,loyal,2025-05-05,168.16
777,loyal,2025-04-16,86.26
777,loyal,2025-04-01,80.19
778,low_value,2026-05-16,68.4
779,low_value,2026-04-14,17.46
779,low_value,2026-04-06,38.19
779,low_value,2026-02-16,57.13
779,low_value,2025-12-21,31.6
779,low_value,2025-07-30,58.46
779,low_value,2025-07-30,45.63
780,loyal,2026-08-16,119.39
780,loyal,2026-07-15,137.78
780,loyal,2026-06-16,123.79
780,loyal,2026-06-02,125.67
780,loyal,2026-04-09,82.45
780,loyal,2026-03-12,100.12
780,loyal,2026-02-15,94.32
780,loyal,2026-02-09,74.33
780,loyal,2025-12-14,60.45
780,loyal,2025-10-16,97.29
780,loyal,2025-10-02,102.08
780,loyal,2025-08-18,113.15
780,loyal,2025-08-11,126.67
780,loyal,2025-05-19,115.64
781,low_value,2025-11-06,33.75
781,low_value,2025-10-13,39.25
781,low_value,2025-10-12,58.12
781,low_value,2025-07-01,53.14
782,new,2026-05-06,47.99
782,new,2025-08-09,98.17
782,new,2025-07-19,101.57
782,new,2025-05-27,83.23
782,new,2025-05-04,101.16
782,new,2025-03-19,70.18
782,new,2025-03-13,125.85
783,new,2026-07-21,48.73
783,new,2026-07-15,65.66
783,new,2026-06-15,54.15
783,new,2026-02-10,79.68
783,new,2025-12-14,104.82
783,new,2025-10-08,82.91
783,new,2025-09-23,95.66
783,new,2025-05-05,97.73
784,low_value,2026-02-15,55.48
784,low_value,2026-01-07,29.03
784,low_value,2025-10-20,32.93
784,low_value,2025-08-25,10.0
784,low_value,2025-07-30,50.82
784,low_value,2025-07-14,75.83
784,low_value,2025-06-06,24.41
784,low_value,2025-05-20,65.43
785,at_risk,2025-12-14,63.64
785,at_risk,2025-08-29,50.62
785,at_risk,2025-08-25,98.34
785,at_risk,2025-06-30,95.05
785,at_risk,2025-06-26,31.52
786,low_value,2025-10-13,54.26
786,low_value,2025-07-15,48.55
787,at_risk,2026-05-07,170.84
787,at_risk,2026-05-01,49.96
787,at_risk,2026-04-09,50.05
787,at_risk,2025-12-13,10.0
787,at_risk,2025-09-26,127.14
787,at_risk,2025-08-28,117.98
787,at_risk,2025-05-20,98.42
787,at_risk,2025-04-23,52.09
787,at_risk,2025-04-06,91.88
787,at_risk,2025-03-18,101.46
787,at_risk,2025-03-17,122.4
788,low_value,2025-06-17,21.26
788,low_value,2025-04-25,72.78
789,new,2025-09-30,29.17
789,new,2025-08-25,101.03
790,loyal,2026-07-15,162.52
790,loyal,2026-06-12,45.77
790,loyal,2026-05-09,194.02
790,loyal,2026-03-16,116.11
790,loyal,2026-01-26,127.41
790,loyal,2025-10-18,96.91
790,loyal,2025-08-30,109.89
790,loyal,2025-06-12,115.78
790,loyal,2025-05-09,78.53
790,loyal,2025-05-07,85.83
790,loyal,2025-04-24,145.54
790,loyal,2025-04-05,63.43
790,loyal,2025-03-31,123.23
790,loyal,2025-03-23,98.88
790,loyal,2025-03-12,81.18
791,at_risk,2026-01-27,91.09
791,at_risk,2025-11-19,77.65
791,at_risk,2025-11-18,146.8
791,at_risk,2025-09-22,90.75
791,at_risk,2025-08-13,133.22
791,at_risk,2025-06-26,137.94
791,at_risk,2025-03-16,140.07
792,at_risk,2026-07-24,88.94
792,at_risk,2026-06-27,88.87
792,at_risk,2026-06-06,140.58
792,at_risk,2026-05-07,92.22
792,at_risk,2026-05-06,159.93
792,at_risk,2026-04-24,79.87
792,at_risk,2026-04-22,109.93
792,at_risk,2026-02-23,130.77
792,at_risk,2025-12-01,136.83
792,at_risk,2025-10-16,140.92
792,at_risk,2025-10-02,85.48
792,at_risk,2025-09-09,94.81
792,at_risk,2025-08-05,10.0
792,at_risk,2025-06-22,88.14
792,at_risk,2025-04-01,133.19
793,champion,2026-08-16,92.86
793,champion,2026-08-05,195.05
793,champion,2026-07-30,183.95
793,champion,2026-07-11,135.98
793,champion,2026-05-25,175.81
793,champion,2026-05-01,169.69
793,champion,2026-04-01,250.57
793,champion,2026-02-18,137.55
793,champion,2026-02-10,193.26
793,champion,2026-02-09,136.37
793,champion,2026-01-07,157.69
793,champion,2025-12-06,191.07
793,champion,2025-10-11,171.55
793,champion,2025-09-29,179.76
793,champion,2025-09-08,193.31
793,champion,2025-06-12,160.25
793,champion,2025-05-07,215.37
793,champion,2025-04-20,167.78
793,champion,2025-03-11,176.1
794,champion,2026-08-24,170.6
794,champion,2026-08-22,238.16
794,champion,2026-08-03,208.53
794,champion,2026-07-31,166.51
794,champion,2026-07-15,102.28
794,champion,2026-07-10,127.1
794,champion,2026-06-03,235.57
794,champion,2026-05-14,166.07
794,champion,2026-04-11,177.13
794,champion,2026-03-22,191.34
794,champion,2026-03-21,127.89
794,champion,2026-03-06,196.29
794,champion,2026-02-23,163.22
794,champion,2026-02-23,191.75
794,champion,2026-02-22,156.88
794,champion,2026-01-13,117.08
794,champion,2025-12-26,162.91
794,champion,2025-11-16,205.63
794,champion,2025-10-26,195.76
794,champion,2025-10-04,181.24
794,champion,2025-06-17,215.93
794,champion,2025-05-25,171.86
794,champion,2025-04-25,182.25
794,champion,2025-03-11,160.81
795,at_risk,2026-06-27,126.1
795,at_risk,2026-05-21,75.38
795,at_risk,2026-05-08,130.79
795,at_risk,2026-05-08,37.25
795,at_risk,2026-03-24,114.2
795,at_risk,2026-03-19,72.47
795,at_risk,2026-02-15,120.57
795,at_risk,2026-01-31,94.53
795,at_risk,2026-01-15,76.26
795,at_risk,2025-07-07,81.47
795,at_risk,2025-06-12,65.24
795,at_risk,2025-05-15,124.32
796,champion,2026-08-02,115.97
796,champion,2026-07-09,214.31
796,champion,2026-06-28,190.39
796,champion,2026-06-24,185.61
796,champion,2026-06-12,152.24
796,champion,2026-05-02,183.18
796,champion,2026-03-23,200.58
796,champion,2026-03-12,169.4
796,champion,2026-01-13,197.78
796,champion,2025-12-24,148.16
796,champion,2025-12-10,183.9
796,champion,2025-12-10,225.7
796,champion,2025-11-06,229.28
796,champion,2025-07-31,233.1
796,champion,2025-07-11,191.42
796,champion,2025-06-05,181.26
796,champion,2025-04-07,162.05
797,loyal,2026-08-06,147.26
797,loyal,2026-07-01,95.22
797,loyal,2026-03-16,140.43
797,loyal,2026-02-20,53.82
797,loyal,2026-02-06,148.89
797,loyal,2025-12-09,109.25
797,loyal,2025-08-08,109.89
797,loyal,2025-07-24,48.88
797,loyal,2025-06-25,98.34
797,loyal,2025-06-18,150.66
797,loyal,2025-06-11,97.2
797,loyal,2025-06-09,131.4
798,low_value,2026-03-16,61.33
798,low_value,2026-01-13,51.35
798,low_value,2025-11-02,59.61
798,low_value,2025-09-27,60.25
798,low_value,2025-07-04,10.0
798,low_value,2025-03-15,52.9
799,low_value,2025-10-21,54.24
799,low_value,2025-09-27,10.0
799,low_value,2025-09-14,33.47
800,low_value,2026-01-04,36.04
800,low_value,2025-10-06,17.22
800,low_value,2025-09-24,15.91
801,at_risk,2026-05-29,79.55
801,at_risk,2026-01-19,161.4
801,at_risk,2025-09-15,13.43
801,at_risk,2025-06-03,29.43
801,at_risk,2025-05-13,108.39
802,low_value,2026-03-08,51.19
802,low_value,2026-01-27,13.22
802,low_value,2025-11-11,17.66
802,low_value,2025-10-01,16.29
803,new,2026-08-07,82.83
803,new,2026-05-09,65.35
803,new,2025-07-16,39.99
804,loyal,2026-07-25,125.34
804,loyal,2026-07-20,141.08
804,loyal,2026-05-31,91.52
804,loyal,2025-12-05,130.04
804,loyal,2025-11-20,58.26
804,loyal,2025-10-29,106.4
804,loyal,2025-10-20,101.76
804,loyal,2025-10-08,153.44
804,loyal,2025-09-23,105.31
804,loyal,2025-09-17,128.24
804,loyal,2025-08-13,57.15
804,loyal,2025-08-04,99.45
804,loyal,2025-06-04,84.61
804,loyal,2025-05-01,184.27
805,loyal,2026-05-01,127.65
805,loyal,2026-04-08,146.54
805,loyal,2026-03-04,80.43
805,loyal,2026-02-13,148.43
805,loyal,2026-01-22,108.67
805,loyal,2026-01-14,157.77
805,loyal,2026-01-13,110.1
805,loyal,2026-01-01,48.58
805,loyal,2025-11-13,135.48
805,loyal,2025-09-30,96.69
805,loyal,2025-08-06,98.71
805,loyal,2025-07-23,66.41
805,loyal,2025-05-17,158.67
805,loyal,2025-05-08,94.37
805,loyal,2025-03-16,157.25
806,low_value,2026-08-13,31.19
806,low_value,2026-02-15,99.93
806,low_value,2025-12-07,36.34
806,low_value,2025-10-16,41.19
806,low_value,2025-09-03,37.84
806,low_value,2025-09-02,39.46
806,low_value,2025-08-21,46.56
806,low_value,2025-08-15,63.42
807,loyal,2026-06-29,139.22
807,loyal,2026-06-24,178.11
807,loyal,2026-04-20,92.98
807,loyal,2026-04-19,120.42
807,loyal,2026-02-14,116.6
807,loyal,2026-02-11,140.01
807,loyal,2026-01-31,176.56
807,loyal,2026-01-13,155.63
807,loyal,2026-01-06,102.84
807,loyal,2025-12-02,125.86
807,loyal,2025-10-02,128.84
807,loyal,2025-09-16,109.4
807,loyal,2025-09-01,77.12
807,loyal,2025-08-14,86.04
807,loyal,2025-07-10,144.44
807,loyal,2025-04-17,147.54
808,new,2026-06-23,66.59
808,new,2026-04-09,69.4
808,new,2026-02-09,61.29
808,new,2026-01-31,44.47
808,new,2025-11-23,33.63
808,new,2025-06-16,52.73
808,new,2025-06-09,91.48
808,new,2025-04-22,75.83
808,new,2025-04-02,68.27
809,low_value,2025-10-21,26.86
809,low_value,2025-08-19,36.74
809,low_value,2025-05-18,61.33
809,low_value,2025-05-01,44.25
810,champion,2026-03-02,162.83
810,champion,2026-02-23,139.21
810,champion,2026-02-11,137.94
810,champion,2026-01-13,190.62
810,champion,2025-12-23,252.41
810,champion,2025-12-16,196.5
810,champion,2025-11-04,165.01
810,champion,2025-09-18,172.45
810,champion,2025-09-12,178.75
810,champion,2025-05-06,261.07
810,champion,2025-04-23,229.34
810,champion,2025-04-21,190.4
810,champion,2025-04-05,184.39
811,champion,2026-06-29,308.01
811,champion,2026-05-13,188.28
811,champion,2026-03-25,136.38
811,champion,2026-01-06,168.75
811,champion,2025-12-13,242.07
811,champion,2025-11-14,128.23
811,champion,2025-11-05,149.9
811,champion,2025-10-02,224.26
811,champion,2025-09-21,169.14
811,champion,2025-09-13,175.59
811,champion,2025-09-10,222.93
811,champion,2025-06-16,151.33
811,champion,2025-05-15,121.26
811,champion,2025-04-25,124.44
811,champion,2025-03-16,203.27
811,champion,2025-03-13,190.37
812,low_value,2025-10-01,21.19
812,low_value,2025-08-10,37.65
812,low_value,2025-07-14,51.76
813,new,2026-05-25,55.25
813,new,2026-01-02,89.58
813,new,2025-10-18,74.11
813,new,2025-08-20,94.57
813,new,2025-08-17,64.63
813,new,2025-04-13,61.24
813,new,2025-03-11,88.3
814,loyal,2026-08-16,121.27
814,loyal,2026-08-11,129.58
814,loyal,2026-07-01,39.43
814,loyal,2026-05-26,115.89
814,loyal,2025-12-07,130.84
814,loyal,2025-12-01,127.43
814,loyal,2025-11-19,134.07
814,loyal,2025-10-27,100.17
814,loyal,2025-09-30,78.8
814,loyal,2025-09-20,56.01
814,loyal,2025-09-03,142.77
814,loyal,2025-05-23,131.09
815,low_value,2025-07-18,58.26
815,low_value,2025-05-28,78.58
815,low_value,2025-05-02,40.2
816,low_value,2026-03-03,28.57
816,low_value,2025-11-24,36.05
816,low_value,2025-09-26,45.98
816,low_value,2025-08-31,28.57
816,low_value,2025-07-18,50.72
816,low_value,2025-05-14,50.69
816,low_value,2025-04-29,41.42
816,low_value,2025-03-12,28.45
817,new,2026-06-17,55.61
817,new,2026-03-07,63.29
817,new,2026-02-14,80.46
817,new,2026-01-15,74.32
817,new,2026-01-11,69.0
817,new,2025-12-29,52.21
817,new,2025-05-16,50.77
818,new,2026-08-19,55.82
818,new,2026-04-21,73.38
818,new,2025-12-01,41.67
818,new,2025-07-16,52.23
818,new,2025-07-09,108.7
818,new,2025-07-03,29.93
819,loyal,2026-07-01,140.74
819,loyal,2026-04-14,68.61
819,loyal,2025-12-29,102.71
819,loyal,2025-12-22,124.02
819,loyal,2025-12-07,136.14
819,loyal,2025-09-24,162.6
819,loyal,2025-09-07,142.07
819,loyal,2025-08-26,136.89
819,loyal,2025-08-22,189.01
819,loyal,2025-08-08,112.89
819,loyal,2025-04-07,101.33
820,champion,2026-08-11,189.6
820,champion,2026-07-09,115.29
820,champion,2026-07-03,155.2
820,champion,2026-06-01,221.99
820,champion,2026-05-28,186.79
820,champion,2026-05-01,184.31
820,champion,2026-04-02,189.09
820,champion,2026-03-16,122.27
820,champion,2026-02-26,176.14
820,champion,2026-02-11,236.33
820,champion,2025-11-05,223.47
820,champion,2025-08-30,174.99
820,champion,2025-07-10,242.55
820,champion,2025-07-01,129.64
820,champion,2025-06-19,141.13
820,champion,2025-05-04,254.54
820,champion,2025-04-23,203.12
820,champion,2025-03-15,168.44
821,new,2026-06-23,45.35
821,new,2026-06-23,101.67
821,new,2026-05-27,124.24
821,new,2025-11-10,118.57
822,loyal,2026-07-18,71.18
822,loyal,2026-06-13,68.96
822,loyal,2026-06-06,81.62
822,loyal,2026-05-22,63.87
822,loyal,2026-05-18,66.01
822,loyal,2026-03-25,80.82
822,loyal,2026-03-19,147.0
822,loyal,2026-02-11,100.64
822,loyal,2025-12-08,110.94
822,loyal,2025-11-06,81.34
822,loyal,2025-10-16,129.01
822,loyal,2025-10-14,166.27
822,loyal,2025-10-03,83.37
822,loyal,2025-09-24,161.74
822,loyal,2025-06-29,120.93
822,loyal,2025-06-28,110.51
822,loyal,2025-06-20,122.0
822,loyal,2025-06-11,121.72
822,loyal,2025-05-03,165.71
822,loyal,2025-04-24,125.61
822,loyal,2025-04-13,126.23
823,low_value,2026-03-10,49.44
823,low_value,2026-01-05,35.25
823,low_value,2025-10-11,85.45
823,low_value,2025-08-28,39.96
823,low_value,2025-08-15,56.39
823,low_value,2025-06-07,31.62
823,low_value,2025-03-26,63.66
824,low_value,2025-09-24,78.72
824,low_value,2025-08-02,29.73
825,champion,2026-08-16,213.08
825,champion,2026-08-10,179.04
825,champion,2026-05-23,190.87
825,champion,2026-05-11,250.08
825,champion,2026-04-04,173.7
825,champion,2026-03-09,142.23
825,champion,2026-02-07,203.17
825,champion,2026-01-17,134.69
825,champion,2025-12-08,171.58
825,champion,2025-10-28,156.04
825,champion,2025-10-08,151.93
825,champion,2025-09-05,170.0
825,champion,2025-08-26,216.0
825,champion,2025-08-18,224.23
825,champion,2025-08-05,217.05
825,champion,2025-07-19,193.45
825,champion,2025-06-25,169.69
825,champion,2025-06-23,85.69
825,champion,2025-05-27,194.71
825,champion,2025-04-25,88.83
825,champion,2025-04-09,103.07
826,new,2025-06-25,108.39
827,loyal,2026-08-02,117.82
827,loyal,2026-07-24,50.49
827,loyal,2026-05-31,72.09
827,loyal,2026-05-02,94.79
827,loyal,2026-02-21,108.42
827,loyal,2026-01-29,95.18
827,loyal,2025-12-27,101.88
827,loyal,2025-12-20,88.81
827,loyal,2025-11-21,66.52
827,loyal,2025-11-10,93.96
827,loyal,2025-10-31,103.6
827,loyal,2025-10-20,100.69
827,loyal,2025-07-24,113.35
827,loyal,2025-07-20,122.57
827,loyal,2025-06-05,130.45
827,loyal,2025-04-21,90.99
827,loyal,2025-03-30,62.73
827,loyal,2025-03-17,148.15
828,low_value,2026-06-27,38.3
828,low_value,2026-03-31,51.85
828,low_value,2025-10-17,77.22
828,low_value,2025-06-16,50.0
828,low_value,2025-05-27,26.25
829,loyal,2026-07-27,99.6
829,loyal,2026-07-02,83.03
829,loyal,2026-06-23,103.69
829,loyal,2026-04-11,110.05
829,loyal,2026-01-30,163.04
829,loyal,2025-08-02,119.14
829,loyal,2025-06-24,120.02
829,loyal,2025-06-20,124.87
829,loyal,2025-06-06,136.15
829,loyal,2025-04-10,123.63
829,loyal,2025-04-07,118.45
830,new,2026-08-04,71.72
830,new,2026-04-16,16.95
830,new,2025-09-11,68.97
830,new,2025-07-09,59.37
830,new,2025-05-23,98.43
830,new,2025-04-01,59.37
830,new,2025-03-17,98.47
831,new,2025-10-11,79.72
831,new,2025-08-31,110.21
831,new,2025-08-24,28.0
831,new,2025-07-06,82.23
831,new,2025-03-30,86.92
832,at_risk,2026-07-05,129.75
832,at_risk,2026-06-05,62.53
832,at_risk,2026-03-02,10.0
832,at_risk,2026-03-02,108.84
832,at_risk,2025-08-24,63.96
832,at_risk,2025-05-28,116.78
832,at_risk,2025-04-18,128.26
833,low_value,2025-08-25,44.18
833,low_value,2025-06-14,19.21
833,low_value,2025-05-13,94.65
834,low_value,2026-06-15,59.13
834,low_value,2026-04-17,35.81
834,low_value,2025-10-08,19.56
834,low_value,2025-08-14,81.58
834,low_value,2025-08-05,59.75
834,low_value,2025-07-11,44.56
834,low_value,2025-07-11,12.6
834,low_value,2025-05-04,26.38
835,new,2026-06-29,78.84
835,new,2026-05-10,103.12
835,new,2025-10-28,72.01
835,new,2025-10-27,73.47
835,new,2025-10-11,62.87
835,new,2025-06-15,76.57
836,low_value,2026-03-03,52.41
836,low_value,2025-10-28,42.8
836,low_value,2025-04-13,15.08
837,low_value,2025-08-17,39.95
837,low_value,2025-05-12,58.06
838,at_risk,2026-06-16,91.54
838,at_risk,2026-03-19,111.46
838,at_risk,2026-03-08,120.9
838,at_risk,2026-02-12,64.18
838,at_risk,2026-01-28,85.56
838,at_risk,2025-12-28,129.19
838,at_risk,2025-12-14,92.9
838,at_risk,2025-12-13,41.49
838,at_risk,2025-07-06,138.32
838,at_risk,2025-06-30,87.51
839,new,2026-04-24,108.08
839,new,2026-04-23,76.2
839,new,2026-04-13,99.17
839,new,2025-10-01,93.22
840,champion,2026-08-26,261.73
840,champion,2026-08-06,233.49
840,champion,2026-05-27,243.5
840,champion,2026-05-16,215.38
840,champion,2026-05-13,143.14
840,champion,2026-02-18,113.63
840,champion,2025-09-23,239.81
840,champion,2025-08-21,120.02
840,champion,2025-08-11,243.4
840,champion,2025-08-04,206.78
840,champion,2025-06-22,176.95
840,champion,2025-06-19,197.68
840,champion,2025-05-20,198.61
840,champion,2025-03-13,171.9
841,low_value,2025-11-04,71.12
841,low_value,2025-09-12,10.0
841,low_value,2025-08-26,53.88
842,new,2026-07-27,42.86
842,new,2025-10-08,91.73
842,new,2025-04-30,20.44
843,at_risk,2026-07-27,105.22
843,at_risk,2026-04-22,78.47
843,at_risk,2026-02-17,84.44
843,at_risk,2025-12-28,103.69
843,at_risk,2025-04-08,88.93
844,loyal,2026-08-11,130.93
844,loyal,2026-03-03,139.31
844,loyal,2026-01-08,123.63
844,loyal,2025-12-24,107.21
844,loyal,2025-09-11,101.61
844,loyal,2025-05-24,133.37
844,loyal,2025-05-20,143.98
844,loyal,2025-04-26,107.95
844,loyal,2025-04-17,172.18
844,loyal,2025-04-01,104.08
844,loyal,2025-03-29,68.18
845,low_value,2026-01-29,61.87
845,low_value,2025-05-12,45.9
845,low_value,2025-03-15,45.27
846,at_risk,2026-04-09,104.53
846,at_risk,2026-02-17,95.76
846,at_risk,2026-01-05,89.91
846,at_risk,2025-12-25,114.75
846,at_risk,2025-09-27,74.41
846,at_risk,2025-06-13,100.1
846,at_risk,2025-05-02,95.28
847,low_value,2025-09-17,76.38
847,low_value,2025-08-29,53.45
847,low_value,2025-04-26,97.12
848,loyal,2026-07-15,101.85
848,loyal,2026-07-13,156.25
848,loyal,2026-07-01,124.02
848,loyal,2026-05-29,71.33
848,loyal,2025-10-20,142.86
848,loyal,2025-04-28,83.25
848,loyal,2025-04-17,132.3
849,low_value,2026-04-20,70.87
849,low_value,2026-04-14,55.28
849,low_value,2026-03-27,83.26
849,low_value,2026-03-04,58.38
849,low_value,2025-11-21,38.9
849,low_value,2025-08-24,29.03
849,low_value,2025-07-20,49.78
849,low_value,2025-06-27,44.39
850,loyal,2026-08-02,71.71
850,loyal,2026-07-30,165.4
850,loyal,2026-04-12,60.58
850,loyal,2026-03-20,66.79
850,loyal,2025-12-03,90.96
850,loyal,2025-07-13,149.67
850,loyal,2025-04-06,138.65
851,loyal,2026-08-04,113.83
851,loyal,2026-06-30,121.24
851,loyal,2026-06-14,118.62
851,loyal,2026-05-08,158.4
851,loyal,2026-04-18,121.09
851,loyal,2026-03-13,100.88
851,loyal,2026-01-20,125.84
851,loyal,2025-11-10,140.27
851,loyal,2025-10-31,133.23
851,loyal,2025-09-22,131.56
851,loyal,2025-07-25,65.06
851,loyal,2025-07-24,35.22
851,loyal,2025-07-06,148.26
851,loyal,2025-04-08,123.17
852,low_value,2025-09-29,64.24
852,low_value,2025-09-12,27.27
853,low_value,2026-01-30,41.92
853,low_value,2026-01-20,33.71
853,low_value,2025-07-30,28.49
854,loyal,2026-06-08,105.89
854,loyal,2026-04-01,168.72
854,loyal,2026-03-23,115.17
854,loyal,2026-01-24,125.99
854,loyal,2025-12-27,96.07
854,loyal,2025-10-25,86.47
854,loyal,2025-10-08,109.31
854,loyal,2025-09-15,185.12
854,loyal,2025-08-28,101.38
854,loyal,2025-06-20,120.84
854,loyal,2025-06-15,85.15
854,loyal,2025-04-30,27.34
854,loyal,2025-04-02,86.31
854,loyal,2025-03-27,181.42
854,loyal,2025-03-12,127.86
855,new,2026-04-12,93.49
855,new,2026-02-15,57.47
855,new,2025-11-08,77.7
855,new,2025-04-25,74.88
856,low_value,2026-04-15,29.27
856,low_value,2026-01-28,16.25
856,low_value,2025-05-17,66.93
857,low_value,2026-04-22,29.75
857,low_value,2025-07-07,69.82
857,low_value,2025-05-31,32.16
857,low_value,2025-04-21,80.58
858,at_risk,2025-10-19,134.42
858,at_risk,2025-05-21,126.0
858,at_risk,2025-05-02,133.08
859,new,2026-05-21,64.23
859,new,2026-05-18,37.09
859,new,2026-04-29,77.89
859,new,2026-03-10,50.94
859,new,2025-10-11,55.73
859,new,2025-08-20,52.39
859,new,2025-08-03,55.32
859,new,2025-07-11,49.03
860,low_value,2025-12-11,41.89
860,low_value,2025-04-23,57.1
861,low_value,2026-06-06,35.12
861,low_value,2025-09-06,45.34
861,low_value,2025-08-06,10.0
862,low_value,2026-01-05,63.57
862,low_value,2025-09-08,36.47
862,low_value,2025-07-01,90.81
862,low_value,2025-04-02,41.23
863,new,2026-08-23,80.11
863,new,2026-07-06,75.73
863,new,2026-05-15,53.32
864,loyal,2026-06-03,36.06
864,loyal,2026-05-11,128.45
864,loyal,2026-04-10,99.69
864,loyal,2025-11-23,144.95
864,loyal,2025-10-14,127.74
864,loyal,2025-07-31,128.09
865,low_value,2026-05-06,16.25
865,low_value,2026-04-20,47.33
865,low_value,2026-04-05,55.68
866,low_value,2026-04-13,14.57
866,low_value,2026-02-13,59.03
866,low_value,2025-11-13,33.66
867,low_value,2026-01-21,81.97
867,low_value,2025-11-07,79.09
867,low_value,2025-08-10,50.99
867,low_value,2025-05-22,39.96
868,loyal,2026-07-08,173.99
868,loyal,2026-05-23,120.4
868,loyal,2026-05-05,108.78
868,loyal,2026-05-03,106.91
868,loyal,2026-04-26,104.0
868,loyal,2026-04-23,129.53
868,loyal,2026-01-30,114.19
868,loyal,2025-12-25,88.15
868,loyal,2025-12-06,86.69
868,loyal,2025-11-10,119.18
868,loyal,2025-10-24,122.86
868,loyal,2025-09-10,100.61
868,loyal,2025-08-29,76.04
868,loyal,2025-06-10,147.53
868,loyal,2025-06-08,141.16
868,loyal,2025-05-20,50.38
868,loyal,2025-05-15,150.19
868,loyal,2025-05-01,103.73
868,loyal,2025-03-31,115.7
868,loyal,2025-03-11,144.15
869,loyal,2026-05-30,101.91
869,loyal,2026-05-09,93.28
869,loyal,2026-04-21,92.48
869,loyal,2026-04-15,142.25
869,loyal,2026-03-01,116.55
869,loyal,2026-02-14,103.12
869,loyal,2025-08-24,189.73
869,loyal,2025-07-23,66.97
869,loyal,2025-07-02,126.44
869,loyal,2025-03-28,78.53
870,low_value,2026-02-11,43.61
870,low_value,2026-02-03,41.14
870,low_value,2025-11-07,68.51
870,low_value,2025-11-02,65.44
870,low_value,2025-09-21,73.3
870,low_value,2025-07-07,52.45
870,low_value,2025-06-07,72.05
871,champion,2026-08-18,157.65
871,champion,2026-07-26,173.33
871,champion,2026-06-14,224.58
871,champion,2026-05-15,141.34
871,champion,2026-05-12,271.58
871,champion,2026-04-30,142.27
871,champion,2026-03-21,123.64
871,champion,2026-02-26,247.53
871,champion,2026-01-24,232.85
871,champion,2026-01-05,172.71
871,champion,2025-11-29,195.25
871,champion,2025-11-09,196.26
871,champion,2025-09-12,185.47
871,champion,2025-08-07,128.14
871,champion,2025-06-14,80.72
871,champion,2025-06-03,146.21
871,champion,2025-05-12,252.65
871,champion,2025-05-06,254.22
871,champion,2025-04-04,169.53
871,champion,2025-04-03,141.68
871,champion,2025-03-29,191.12
872,low_value,2025-09-20,41.04
872,low_value,2025-07-29,30.63
872,low_value,2025-03-19,64.75
873,at_risk,2026-06-05,97.03
873,at_risk,2026-03-01,96.39
873,at_risk,2026-01-14,114.46
873,at_risk,2026-01-03,111.6
873,at_risk,2025-12-13,90.14
873,at_risk,2025-11-10,53.24
873,at_risk,2025-11-04,79.56
873,at_risk,2025-11-01,73.2
873,at_risk,2025-06-23,85.02
873,at_risk,2025-05-03,119.19
873,at_risk,2025-03-18,109.14
874,low_value,2026-05-06,10.0
874,low_value,2026-04-22,32.87
874,low_value,2026-03-18,59.95
874,low_value,2025-10-20,46.6
875,low_value,2026-01-27,62.63
875,low_value,2026-01-22,25.66
875,low_value,2025-09-28,68.29
875,low_value,2025-05-15,42.1
876,at_risk,2026-06-17,108.06
876,at_risk,2026-06-14,46.33
876,at_risk,2026-05-17,95.58
876,at_risk,2026-05-16,151.35
876,at_risk,2026-01-29,122.11
876,at_risk,2025-12-04,30.22
876,at_risk,2025-06-07,124.69
876,at_risk,2025-03-13,158.78
876,at_risk,2025-03-11,192.9
877,at_risk,2026-07-26,91.98
877,at_risk,2026-06-30,97.13
877,at_risk,2026-05-17,120.62
877,at_risk,2026-04-09,82.99
877,at_risk,2026-02-20,142.57
877,at_risk,2026-01-09,60.38
877,at_risk,2025-11-19,162.48
877,at_risk,2025-09-27,133.96
877,at_risk,2025-08-18,82.54
878,new,2026-08-06,106.35
878,new,2025-12-13,34.56
878,new,2025-11-13,30.02
878,new,2025-09-16,75.52
878,new,2025-07-01,104.69
878,new,2025-03-20,78.13
879,new,2025-11-13,84.76
879,new,2025-07-03,100.29
879,new,2025-04-26,93.01
879,new,2025-03-31,66.25
880,at_risk,2026-03-27,79.63
880,at_risk,2025-10-29,84.33
880,at_risk,2025-10-23,71.76
880,at_risk,2025-10-16,96.44
880,at_risk,2025-08-28,91.45
880,at_risk,2025-04-12,55.83
881,new,2026-05-31,61.35
881,new,2026-05-23,60.86
881,new,2026-05-10,101.12
881,new,2025-11-25,46.79
881,new,2025-04-08,76.93
881,new,2025-04-05,68.29
881,new,2025-03-23,71.7
882,low_value,2026-03-19,33.29
882,low_value,2026-02-26,64.31
882,low_value,2026-02-14,12.94
882,low_value,2025-12-21,24.06
882,low_value,2025-11-09,58.57
882,low_value,2025-10-24,42.95
882,low_value,2025-09-13,55.75
882,low_value,2025-08-10,44.73
883,new,2026-06-25,65.45
883,new,2026-02-12,82.49
883,new,2026-01-31,68.77
883,new,2025-09-27,67.13
883,new,2025-09-14,130.33
884,loyal,2026-07-20,132.69
884,loyal,2026-07-01,139.55
884,loyal,2026-06-12,145.1
884,loyal,2026-06-06,98.53
884,loyal,2026-04-13,78.22
884,loyal,2026-02-19,120.55
884,loyal,2025-11-09,162.68
884,loyal,2025-11-04,112.08
884,loyal,2025-07-27,123.57
884,loyal,2025-07-18,102.95
884,loyal,2025-07-16,94.9
884,loyal,2025-05-12,129.75
884,loyal,2025-03-29,106.82
884,loyal,2025-03-15,122.11
885,at_risk,2026-04-08,84.86
885,at_risk,2025-12-13,97.81
885,at_risk,2025-11-05,86.66
885,at_risk,2025-10-12,75.66
885,at_risk,2025-09-25,84.35
885,at_risk,2025-08-09,111.92
885,at_risk,2025-05-04,48.46
885,at_risk,2025-03-21,177.02
885,at_risk,2025-03-19,95.73
886,at_risk,2026-03-13,128.23
886,at_risk,2025-10-05,99.16
886,at_risk,2025-09-13,59.36
886,at_risk,2025-05-31,163.32
887,loyal,2026-06-07,117.96
887,loyal,2026-05-30,178.31
887,loyal,2026-03-31,138.11
887,loyal,2026-03-22,99.46
887,loyal,2025-12-26,93.43
887,loyal,2025-11-16,147.3
887,loyal,2025-09-20,86.21
887,loyal,2025-09-13,97.71
887,loyal,2025-07-08,102.81
887,loyal,2025-04-24,120.67
888,loyal,2026-08-15,127.11
888,loyal,2026-08-12,117.06
888,loyal,2026-05-19,142.8
888,loyal,2025-10-19,184.58
888,loyal,2025-10-13,101.91
888,loyal,2025-08-05,133.85
888,loyal,2025-05-30,109.84
888,loyal,2025-04-16,125.18
889,low_value,2026-01-16,41.17
889,low_value,2025-12-08,63.12
889,low_value,2025-09-13,58.62
889,low_value,2025-08-02,53.41
890,at_risk,2026-07-16,128.88
890,at_risk,2026-05-20,39.82
890,at_risk,2026-04-13,91.24
890,at_risk,2026-01-05,45.48
890,at_risk,2025-11-05,82.46
890,at_risk,2025-06-07,151.57
891,low_value,2025-07-11,13.29
891,low_value,2025-06-23,47.09
891,low_value,2025-04-18,10.0
891,low_value,2025-03-26,61.08
892,loyal,2026-04-06,125.58
892,loyal,2025-09-28,101.42
892,loyal,2025-09-26,148.0
892,loyal,2025-08-15,118.43
892,loyal,2025-07-19,121.4
892,loyal,2025-07-14,66.73
892,loyal,2025-07-08,111.84
892,loyal,2025-05-25,108.31
892,loyal,2025-05-04,79.27
892,loyal,2025-03-30,103.35
892,loyal,2025-03-16,123.07
893,loyal,2026-08-01,97.65
893,loyal,2026-07-23,96.48
893,loyal,2026-06-03,112.02
893,loyal,2026-02-04,138.89
893,loyal,2026-01-16,118.36
893,loyal,2025-11-13,152.69
893,loyal,2025-07-05,144.0
894,low_value,2026-06-17,17.25
894,low_value,2026-05-28,29.61
894,low_value,2026-05-08,10.0
894,low_value,2026-03-02,47.89
894,low_value,2026-02-28,90.28
894,low_value,2025-10-20,44.11
895,low_value,2026-06-16,59.84
895,low_value,2026-03-03,63.57
895,low_value,2025-11-12,70.97
895,low_value,2025-10-01,51.71
896,loyal,2026-07-03,79.5
896,loyal,2026-05-11,171.67
896,loyal,2026-04-03,79.93
896,loyal,2026-03-23,71.62
896,loyal,2026-03-17,116.44
896,loyal,2026-03-04,118.06
896,loyal,2025-11-29,130.02
896,loyal,2025-11-04,170.04
896,loyal,2025-09-18,86.69
896,loyal,2025-06-28,92.65
896,loyal,2025-04-17,158.26
896,loyal,2025-04-02,138.17
897,loyal,2026-07-23,77.18
897,loyal,2026-05-28,86.01
897,loyal,2026-03-09,91.17
897,loyal,2026-02-06,97.68
897,loyal,2025-11-23,109.53
897,loyal,2025-10-09,138.76
897,loyal,2025-09-14,123.84
897,loyal,2025-07-20,111.83
897,loyal,2025-07-03,118.31
897,loyal,2025-06-27,128.72
897,loyal,2025-03-16,59.55
898,loyal,2026-07-18,119.06
898,loyal,2026-07-02,130.78
898,loyal,2026-06-05,88.84
898,loyal,2026-05-15,175.24
898,loyal,2026-01-24,77.37
898,loyal,2025-12-07,113.4
898,loyal,2025-11-13,101.41
898,loyal,2025-11-09,100.27
898,loyal,2025-09-09,96.37
898,loyal,2025-06-02,86.85
898,loyal,2025-04-10,145.65
899,new,2026-08-09,42.74
899,new,2026-02-11,86.39
899,new,2025-08-11,85.09
899,new,2025-04-24,76.05
900,new,2026-04-16,73.33
900,new,2026-01-30,76.09
900,new,2025-11-25,22.47
900,new,2025-08-30,85.07
900,new,2025-07-04,76.21
900,new,2025-06-02,17.02
900,new,2025-03-22,67.08
901,loyal,2026-08-07,120.61
901,loyal,2026-02-26,136.39
901,loyal,2025-12-28,89.95
901,loyal,2025-12-18,60.69
901,loyal,2025-10-24,49.65
901,loyal,2025-09-18,90.03
901,loyal,2025-09-18,105.33
901,loyal,2025-09-16,94.52
901,loyal,2025-09-12,89.5
901,loyal,2025-09-03,127.04
901,loyal,2025-08-21,123.88
901,loyal,2025-07-22,115.99
901,loyal,2025-07-05,134.49
901,loyal,2025-05-17,90.31
902,champion,2026-05-02,153.15
902,champion,2026-04-12,202.08
902,champion,2026-04-07,162.46
902,champion,2026-03-15,146.5
902,champion,2025-12-30,145.39
902,champion,2025-12-27,192.86
902,champion,2025-12-24,188.23
902,champion,2025-11-17,240.67
902,champion,2025-10-26,168.4
902,champion,2025-10-07,167.71
902,champion,2025-10-07,237.59
902,champion,2025-09-15,219.43
902,champion,2025-08-22,185.8
902,champion,2025-08-09,117.56
902,champion,2025-08-02,147.53
902,champion,2025-07-28,137.84
902,champion,2025-07-16,181.46
902,champion,2025-07-10,159.67
902,champion,2025-03-30,244.12
903,new,2026-06-25,59.64
903,new,2026-04-17,65.73
903,new,2026-02-22,49.08
903,new,2025-12-10,85.83
903,new,2025-04-29,108.21
904,low_value,2025-08-29,72.62
904,low_value,2025-07-12,36.99
905,low_value,2025-12-18,82.2
905,low_value,2025-11-15,18.35
905,low_value,2025-10-30,59.61
906,new,2026-02-26,59.98
906,new,2025-10-12,22.66
906,new,2025-09-02,64.4
906,new,2025-05-12,82.01
907,loyal,2026-07-13,146.42
907,loyal,2026-06-25,129.8
907,loyal,2026-06-23,130.56
907,loyal,2026-06-19,78.77
907,loyal,2026-03-23,151.2
907,loyal,2026-03-21,74.0
907,loyal,2026-02-12,75.79
907,loyal,2026-02-04,121.64
907,loyal,2025-12-21,95.21
907,loyal,2025-09-12,116.2
907,loyal,2025-06-29,122.92
907,loyal,2025-03-28,163.34
907,loyal,2025-03-23,123.01
908,loyal,2026-08-10,75.56
908,loyal,2026-08-02,131.97
908,loyal,2026-06-13,90.74
908,loyal,2026-06-11,102.8
908,loyal,2026-04-09,108.66
908,loyal,2026-03-23,159.31
908,loyal,2026-02-28,127.54
908,loyal,2026-02-02,121.55
908,loyal,2026-01-12,148.9
908,loyal,2026-01-11,91.0
908,loyal,2025-12-22,142.05
908,loyal,2025-09-01,137.04
908,loyal,2025-06-16,136.7
908,loyal,2025-04-28,105.35
908,loyal,2025-03-19,96.88
909,loyal,2026-07-03,103.14
909,loyal,2026-06-27,86.75
909,loyal,2026-06-07,83.59
909,loyal,2026-05-28,160.87
909,loyal,2026-04-20,64.0
909,loyal,2026-02-28,170.69
909,loyal,2026-01-08,118.67
909,loyal,2025-12-06,139.59
909,loyal,2025-10-02,136.05
909,loyal,2025-09-28,128.51
909,loyal,2025-09-11,159.85
909,loyal,2025-04-30,77.53
909,loyal,2025-04-16,105.31
909,loyal,2025-04-16,84.41
910,low_value,2025-12-30,104.9
910,low_value,2025-08-28,83.11
910,low_value,2025-06-22,92.16
911,low_value,2026-05-03,47.99
911,low_value,2026-02-15,60.04
911,low_value,2025-10-09,35.68
912,low_value,2026-01-08,37.56
912,low_value,2025-08-06,67.2
913,low_value,2026-05-30,49.42
913,low_value,2026-03-18,29.51
913,low_value,2026-03-09,15.94
913,low_value,2026-02-04,31.32
913,low_value,2025-09-07,29.97
913,low_value,2025-05-19,63.71
913,low_value,2025-04-19,65.25
913,low_value,2025-03-24,24.0
914,low_value,2026-05-15,48.26
914,low_value,2025-11-04,10.79
915,low_value,2026-01-31,52.94
915,low_value,2025-11-12,30.16
915,low_value,2025-10-13,42.13
915,low_value,2025-09-18,79.16
915,low_value,2025-09-15,17.04
915,low_value,2025-08-07,39.41
916,champion,2026-08-13,238.98
916,champion,2026-06-27,165.01
916,champion,2026-05-01,255.7
916,champion,2026-04-22,123.69
916,champion,2026-04-16,136.65
916,champion,2026-04-06,210.49
916,champion,2026-03-26,166.35
916,champion,2026-02-11,192.29
916,champion,2026-01-07,175.51
916,champion,2025-12-30,174.3
916,champion,2025-11-27,167.83
916,champion,2025-11-26,187.18
916,champion,2025-11-16,205.67
916,champion,2025-10-28,244.58
916,champion,2025-09-23,171.9
916,champion,2025-09-21,164.25
916,champion,2025-08-08,159.1
916,champion,2025-08-08,238.79
916,champion,2025-07-25,207.61
916,champion,2025-05-30,104.04
916,champion,2025-04-14,102.28
917,loyal,2026-06-16,107.45
917,loyal,2026-03-07,114.13
917,loyal,2026-02-15,128.06
917,loyal,2026-01-04,58.55
917,loyal,2026-01-02,102.19
917,loyal,2025-11-21,122.01
917,loyal,2025-11-11,124.31
917,loyal,2025-10-26,145.58
917,loyal,2025-10-10,132.85
917,loyal,2025-07-20,108.17
917,loyal,2025-07-13,130.25
917,loyal,2025-07-12,103.96
917,loyal,2025-03-30,114.4
917,loyal,2025-03-17,133.84
918,at_risk,2026-06-24,116.47
918,at_risk,2026-05-04,147.33
918,at_risk,2026-02-24,36.06
918,at_risk,2025-07-13,147.98
918,at_risk,2025-06-16,159.76
918,at_risk,2025-06-15,114.88
919,new,2026-07-31,47.07
919,new,2026-01-23,69.26
919,new,2025-10-02,53.97
919,new,2025-09-19,104.48
919,new,2025-08-15,111.01
919,new,2025-08-04,67.52
919,new,2025-06-02,99.28
919,new,2025-05-27,111.27
920,loyal,2026-08-16,105.09
920,loyal,2026-03-19,116.65
920,loyal,2026-03-04,162.58
920,loyal,2026-01-25,126.61
920,loyal,2026-01-14,131.29
920,loyal,2025-12-07,158.03
920,loyal,2025-10-03,101.32
920,loyal,2025-09-06,78.59
920,loyal,2025-08-27,163.05
920,loyal,2025-07-14,114.1
920,loyal,2025-06-22,136.81
920,loyal,2025-06-19,87.13
920,loyal,2025-04-03,121.66
921,low_value,2025-11-21,27.45
922,new,2026-08-12,83.7
922,new,2026-05-30,48.04
922,new,2026-05-18,88.05
923,new,2025-11-12,45.94
923,new,2025-08-08,30.14
923,new,2025-07-01,54.97
923,new,2025-04-28,88.99
924,loyal,2026-08-20,133.87
924,loyal,2026-03-24,75.64
924,loyal,2026-03-06,104.24
924,loyal,2026-03-05,71.65
924,loyal,2026-02-24,102.62
924,loyal,2025-11-18,154.45
924,loyal,2025-11-04,100.38
924,loyal,2025-10-17,69.02
924,loyal,2025-07-07,89.6
924,loyal,2025-06-19,61.67
924,loyal,2025-03-26,71.13
925,loyal,2026-06-26,106.75
925,loyal,2026-06-01,99.44
925,loyal,2026-05-02,125.02
925,loyal,2026-04-28,131.6
925,loyal,2026-03-05,86.8
925,loyal,2026-02-13,85.71
925,loyal,2026-01-31,108.92
925,loyal,2026-01-29,63.69
925,loyal,2026-01-14,95.69
925,loyal,2025-09-26,150.44
925,loyal,2025-08-15,64.81
925,loyal,2025-08-08,99.8
925,loyal,2025-07-31,92.23
925,loyal,2025-07-02,170.16
925,loyal,2025-06-04,93.86
925,loyal,2025-03-14,95.61
926,loyal,2026-07-06,100.16
926,loyal,2026-03-08,117.3
926,loyal,2026-03-02,103.61
926,loyal,2025-10-23,153.73
926,loyal,2025-09-28,113.49
926,loyal,2025-05-25,110.26
926,loyal,2025-05-16,96.25
926,loyal,2025-05-15,94.52
926,loyal,2025-05-10,117.13
926,loyal,2025-04-08,134.59
927,low_value,2025-11-21,52.17
928,new,2026-04-15,41.9
928,new,2026-03-13,88.95
928,new,2026-02-17,81.98
928,new,2025-09-10,73.76
929,low_value,2026-03-09,65.76
929,low_value,2026-03-02,48.32
929,low_value,2025-10-28,40.06
929,low_value,2025-10-08,81.93
929,low_value,2025-09-11,56.55
929,low_value,2025-07-23,41.19
930,loyal,2026-05-25,126.65
930,loyal,2026-05-24,88.05
930,loyal,2026-05-17,164.31
930,loyal,2026-05-13,72.99
930,loyal,2026-04-20,119.28
930,loyal,2026-04-05,69.9
930,loyal,2026-02-08,107.06
930,loyal,2025-12-13,92.86
930,loyal,2025-11-26,114.07
930,loyal,2025-11-11,120.25
930,loyal,2025-05-06,81.31
930,loyal,2025-04-12,109.12
931,at_risk,2026-01-13,72.51
931,at_risk,2025-10-29,82.81
931,at_risk,2025-06-08,141.88
931,at_risk,2025-05-09,35.46
931,at_risk,2025-04-02,53.2
932,at_risk,2026-06-22,103.85
932,at_risk,2026-01-27,91.22
932,at_risk,2025-11-09,40.23
932,at_risk,2025-08-26,83.52
933,low_value,2025-07-05,58.1
934,low_value,2026-02-13,25.59
934,low_value,2026-02-13,33.5
934,low_value,2025-11-18,33.27
934,low_value,2025-10-30,42.34
934,low_value,2025-05-04,37.87
935,loyal,2026-07-27,136.25
935,loyal,2026-07-12,161.69
935,loyal,2026-05-11,83.42
935,loyal,2026-03-02,111.18
935,loyal,2026-01-05,142.7
935,loyal,2025-09-18,113.46
935,loyal,2025-08-12,57.58
935,loyal,2025-07-29,123.3
936,low_value,2026-01-27,56.58
936,low_value,2025-12-01,48.24
936,low_value,2025-08-15,50.93
937,loyal,2026-08-07,44.57
937,loyal,2026-07-08,86.93
937,loyal,2026-03-28,69.67
937,loyal,2025-12-17,88.09
937,loyal,2025-11-04,117.27
937,loyal,2025-10-25,112.53
937,loyal,2025-10-22,165.75
937,loyal,2025-09-11,124.49
937,loyal,2025-08-23,167.28
937,loyal,2025-07-19,131.45
937,loyal,2025-07-18,142.57
937,loyal,2025-07-10,99.23
937,loyal,2025-06-03,77.76
937,loyal,2025-05-01,96.53
937,loyal,2025-04-28,109.64
937,loyal,2025-04-21,91.16
938,low_value,2026-08-02,57.01
938,low_value,2026-03-03,56.49
938,low_value,2025-11-25,31.78
938,low_value,2025-06-30,18.92
939,loyal,2026-08-04,154.6
939,loyal,2026-06-20,102.18
939,loyal,2026-06-09,140.6
939,loyal,2026-06-01,131.26
939,loyal,2026-04-09,50.69
939,loyal,2026-03-10,81.01
939,loyal,2025-12-05,73.36
939,loyal,2025-05-20,56.54
939,loyal,2025-05-02,136.38
939,loyal,2025-04-04,172.06
940,loyal,2026-05-21,136.24
940,loyal,2026-05-15,123.85
940,loyal,2026-04-05,122.82
940,loyal,2026-03-16,108.46
940,loyal,2026-03-10,62.21
940,loyal,2025-09-06,136.93
940,loyal,2025-06-29,71.46
940,loyal,2025-05-22,128.58
941,low_value,2026-04-12,87.43
942,loyal,2026-05-21,85.62
942,loyal,2026-04-04,131.22
942,loyal,2026-02-12,115.5
942,loyal,2025-12-26,32.32
942,loyal,2025-11-17,121.46
942,loyal,2025-10-15,101.31
942,loyal,2025-09-22,152.5
942,loyal,2025-08-21,121.86
942,loyal,2025-08-06,132.68
942,loyal,2025-07-11,88.68
942,loyal,2025-04-16,86.3
943,at_risk,2026-04-03,62.98
943,at_risk,2026-04-01,16.77
943,at_risk,2026-03-01,65.15
943,at_risk,2026-02-24,103.47
943,at_risk,2025-12-01,86.27
943,at_risk,2025-09-26,40.38
944,at_risk,2026-03-27,120.24
944,at_risk,2025-08-08,112.96
944,at_risk,2025-07-31,34.19
944,at_risk,2025-04-24,94.48
945,loyal,2026-08-07,43.71
945,loyal,2026-07-12,111.14
945,loyal,2026-06-21,34.06
945,loyal,2026-03-20,114.76
945,loyal,2025-10-19,127.77
945,loyal,2025-10-09,147.08
945,loyal,2025-08-27,91.32
945,loyal,2025-07-20,114.84
945,loyal,2025-07-12,129.55
945,loyal,2025-07-09,74.73
945,loyal,2025-03-30,137.46
946,low_value,2026-07-22,48.43
946,low_value,2026-07-04,27.06
946,low_value,2025-08-24,61.01
946,low_value,2025-07-01,56.84
946,low_value,2025-05-25,29.7
947,low_value,2026-04-03,77.89
947,low_value,2026-03-24,10.0
947,low_value,2026-03-24,35.96
947,low_value,2025-11-17,23.57
947,low_value,2025-07-11,41.09
947,low_value,2025-05-16,36.31
948,low_value,2026-06-03,59.79
948,low_value,2026-05-24,93.66
948,low_value,2026-04-22,59.06
949,at_risk,2026-05-18,142.26
949,at_risk,2026-05-14,87.6
949,at_risk,2026-04-05,76.54
949,at_risk,2025-11-23,84.13
949,at_risk,2025-11-01,81.62
949,at_risk,2025-08-30,53.34
949,at_risk,2025-08-23,100.77
949,at_risk,2025-08-07,74.1
949,at_risk,2025-03-18,118.48
950,new,2026-04-12,66.69
950,new,2026-04-05,43.25
950,new,2026-03-29,67.59
950,new,2026-01-26,87.8
950,new,2025-12-09,35.67
950,new,2025-08-31,77.33
950,new,2025-05-22,99.21
951,loyal,2026-07-05,92.52
951,loyal,2026-06-03,95.07
951,loyal,2026-03-19,72.74
951,loyal,2026-02-04,123.12
951,loyal,2026-02-03,97.29
951,loyal,2026-01-23,84.14
951,loyal,2025-12-20,87.0
951,loyal,2025-10-02,126.11
951,loyal,2025-09-16,76.91
951,loyal,2025-08-31,79.58
951,loyal,2025-07-31,136.89
951,loyal,2025-06-06,105.02
951,loyal,2025-05-30,138.66
951,loyal,2025-03-17,99.22
952,loyal,2026-07-23,131.83
952,loyal,2026-05-24,132.36
952,loyal,2026-04-06,114.47
952,loyal,2026-02-21,115.77
952,loyal,2026-02-10,112.95
952,loyal,2025-12-18,86.36
952,loyal,2025-12-11,89.42
952,loyal,2025-12-06,88.96
952,loyal,2025-08-09,62.02
952,loyal,2025-06-14,114.29
952,loyal,2025-05-06,108.78
952,loyal,2025-04-26,132.86
952,loyal,2025-03-14,147.82
953,loyal,2026-05-09,151.46
953,loyal,2026-04-27,156.68
953,loyal,2025-12-27,124.55
953,loyal,2025-10-16,50.1
953,loyal,2025-07-29,120.97
953,loyal,2025-07-18,126.66
954,low_value,2026-04-07,29.15
954,low_value,2026-03-05,74.5
954,low_value,2025-07-15,10.91
955,low_value,2026-07-22,26.5
956,low_value,2026-03-01,54.06
956,low_value,2025-10-23,19.16
957,new,2026-07-06,53.43
957,new,2026-02-09,49.59
957,new,2026-01-15,41.03
957,new,2025-08-25,90.54
957,new,2025-03-18,100.03
958,new,2026-06-26,71.78
959,new,2025-12-29,51.92
959,new,2025-12-02,52.46
959,new,2025-09-09,83.33
959,new,2025-08-16,73.58
959,new,2025-06-25,55.27
959,new,2025-06-03,90.83
959,new,2025-05-18,70.97
960,new,2025-09-21,88.71
960,new,2025-08-12,60.47
960,new,2025-05-06,23.45
960,new,2025-03-24,39.32
960,new,2025-03-19,80.15
960,new,2025-03-17,87.53
961,at_risk,2026-04-15,44.84
961,at_risk,2026-03-19,155.18
961,at_risk,2026-02-10,131.27
961,at_risk,2026-01-06,121.32
961,at_risk,2026-01-04,15.38
961,at_risk,2025-07-21,96.43
961,at_risk,2025-05-30,90.55
961,at_risk,2025-04-24,118.9
961,at_risk,2025-04-15,79.21
961,at_risk,2025-04-10,86.89
962,loyal,2026-06-05,170.67
962,loyal,2026-05-24,174.55
962,loyal,2026-05-06,123.7
962,loyal,2026-04-15,134.97
962,loyal,2025-12-01,108.86
962,loyal,2025-11-15,103.71
962,loyal,2025-09-26,91.67
962,loyal,2025-08-27,108.53
962,loyal,2025-07-20,126.68
962,loyal,2025-06-03,122.6
962,loyal,2025-04-10,169.6
962,loyal,2025-03-12,113.01
963,loyal,2026-04-27,145.5
963,loyal,2026-03-20,73.34
963,loyal,2026-03-06,139.87
963,loyal,2026-02-06,137.92
963,loyal,2025-09-03,90.23
963,loyal,2025-08-20,50.52
963,loyal,2025-08-17,77.86
963,loyal,2025-07-15,92.14
963,loyal,2025-06-24,156.25
963,loyal,2025-04-28,106.45
963,loyal,2025-04-23,79.8
963,loyal,2025-03-22,114.44
964,low_value,2026-04-22,52.51
964,low_value,2025-10-27,80.0
965,new,2026-08-21,71.47
965,new,2026-07-02,95.2
965,new,2026-01-10,78.86
965,new,2025-11-18,93.69
965,new,2025-08-10,70.67
965,new,2025-05-04,52.38
966,low_value,2026-04-23,31.64
966,low_value,2026-02-11,60.12
966,low_value,2026-01-09,36.85
966,low_value,2025-10-02,36.01
966,low_value,2025-09-21,70.08
967,loyal,2026-07-22,118.14
967,loyal,2026-04-25,102.12
967,loyal,2026-04-03,135.7
967,loyal,2025-11-10,99.58
967,loyal,2025-10-02,92.81
967,loyal,2025-07-13,164.4
968,new,2026-08-06,63.37
968,new,2026-08-01,64.67
968,new,2026-04-15,73.73
968,new,2026-01-13,63.34
968,new,2025-10-13,74.7
968,new,2025-06-17,69.41
968,new,2025-05-28,37.16
969,loyal,2026-06-25,108.81
969,loyal,2026-05-29,127.21
969,loyal,2026-05-16,135.13
969,loyal,2026-04-09,107.68
969,loyal,2026-02-18,93.0
969,loyal,2025-09-19,157.53
969,loyal,2025-09-12,77.83
969,loyal,2025-08-22,81.76
969,loyal,2025-06-11,70.19
969,loyal,2025-03-12,81.69
970,loyal,2026-07-31,120.63
970,loyal,2026-07-29,84.32
970,loyal,2026-07-18,103.25
970,loyal,2026-07-01,89.23
970,loyal,2026-06-21,112.93
970,loyal,2026-05-13,119.3
970,loyal,2026-04-15,99.77
970,loyal,2026-04-12,66.37
970,loyal,2025-12-29,173.96
970,loyal,2025-04-24,117.13
970,loyal,2025-03-12,123.7
971,champion,2026-08-02,104.0
971,champion,2026-07-24,173.82
971,champion,2026-05-15,145.29
971,champion,2026-05-08,189.26
971,champion,2026-04-23,148.36
971,champion,2026-03-24,204.23
971,champion,2026-01-25,219.24
971,champion,2026-01-03,228.14
971,champion,2025-12-14,244.77
971,champion,2025-11-28,112.96
971,champion,2025-11-27,132.04
971,champion,2025-09-23,297.11
971,champion,2025-09-13,220.38
971,champion,2025-09-06,188.98
971,champion,2025-08-09,181.28
971,champion,2025-07-29,177.73
971,champion,2025-07-02,102.65
971,champion,2025-06-19,149.11
971,champion,2025-06-17,175.53
971,champion,2025-05-05,151.37
972,loyal,2026-08-10,123.31
972,loyal,2026-04-10,71.39
972,loyal,2026-02-02,106.77
972,loyal,2025-10-12,104.84
972,loyal,2025-10-04,103.46
972,loyal,2025-09-21,125.28
972,loyal,2025-07-06,129.04
972,loyal,2025-05-29,125.5
972,loyal,2025-04-08,120.17
972,loyal,2025-04-07,112.57
972,loyal,2025-03-30,45.46
973,low_value,2026-03-08,63.94
973,low_value,2026-01-06,38.87
973,low_value,2025-08-17,53.24
973,low_value,2025-05-27,32.58
974,at_risk,2026-05-08,40.3
974,at_risk,2026-01-26,123.99
974,at_risk,2026-01-14,109.0
974,at_risk,2025-12-28,110.96
974,at_risk,2025-10-27,146.56
974,at_risk,2025-09-07,83.94
974,at_risk,2025-07-30,116.34
974,at_risk,2025-06-15,97.31
974,at_risk,2025-04-06,91.98
975,new,2026-07-23,50.4
975,new,2026-05-19,76.01
975,new,2026-05-16,68.89
975,new,2026-04-18,52.09
975,new,2026-04-16,73.73
975,new,2026-02-04,69.17
975,new,2025-04-29,93.2
975,new,2025-04-26,36.49
976,new,2026-08-09,22.24
976,new,2026-07-05,31.16
976,new,2026-03-12,95.07
976,new,2025-08-10,109.24
976,new,2025-05-19,16.77
976,new,2025-04-17,90.39
977,at_risk,2026-08-10,142.28
977,at_risk,2026-04-01,113.92
977,at_risk,2026-03-12,60.1
977,at_risk,2025-11-27,41.45
977,at_risk,2025-09-14,44.42
977,at_risk,2025-08-17,62.32
977,at_risk,2025-05-23,143.21
978,new,2026-07-28,91.32
978,new,2026-07-24,71.36
978,new,2026-03-10,80.21
978,new,2025-12-03,40.38
978,new,2025-09-06,90.31
978,new,2025-06-10,124.31
978,new,2025-03-29,38.43
979,loyal,2026-06-16,69.13
979,loyal,2026-04-18,70.07
979,loyal,2026-04-08,110.26
979,loyal,2026-02-11,114.0
979,loyal,2026-02-08,121.4
979,loyal,2025-12-29,96.81
979,loyal,2025-09-27,137.6
979,loyal,2025-09-02,84.15
979,loyal,2025-05-19,128.8
979,loyal,2025-04-29,116.42
979,loyal,2025-04-11,128.02
979,loyal,2025-04-06,145.46
980,low_value,2026-05-17,62.52
980,low_value,2026-04-03,19.77
980,low_value,2025-10-05,36.15
980,low_value,2025-07-18,53.12
980,low_value,2025-06-08,32.47
981,low_value,2025-07-19,68.63
982,low_value,2026-03-10,36.79
982,low_value,2026-02-21,32.02
982,low_value,2025-08-29,66.09
982,low_value,2025-05-09,69.32
983,new,2026-07-24,56.49
983,new,2026-03-15,67.47
983,new,2025-11-06,32.77
984,loyal,2026-08-19,169.16
984,loyal,2026-07-13,94.81
984,loyal,2026-05-29,180.17
984,loyal,2025-12-26,138.13
984,loyal,2025-10-14,90.64
984,loyal,2025-04-03,32.54
984,loyal,2025-03-11,130.64
985,low_value,2026-02-24,36.46
985,low_value,2025-12-22,59.13
986,at_risk,2026-05-20,84.27
986,at_risk,2025-12-28,79.58
986,at_risk,2025-11-19,115.5
986,at_risk,2025-11-15,32.52
986,at_risk,2025-03-11,138.78
987,champion,2026-07-23,190.62
987,champion,2026-03-02,200.27
987,champion,2026-01-18,161.59
987,champion,2026-01-14,236.28
987,champion,2025-12-13,204.34
987,champion,2025-12-11,237.72
987,champion,2025-10-31,187.1
987,champion,2025-10-29,178.12
987,champion,2025-10-28,203.81
987,champion,2025-09-11,237.7
987,champion,2025-08-18,220.67
987,champion,2025-08-13,185.53
987,champion,2025-07-10,105.71
987,champion,2025-06-14,212.42
987,champion,2025-04-19,122.45
987,champion,2025-04-05,181.4
987,champion,2025-03-19,175.37
987,champion,2025-03-13,123.29
988,at_risk,2026-07-12,60.11
988,at_risk,2026-06-30,96.45
988,at_risk,2026-05-13,107.01
988,at_risk,2026-05-13,78.6
988,at_risk,2026-04-10,143.01
988,at_risk,2026-03-30,97.02
988,at_risk,2026-02-01,64.5
988,at_risk,2025-12-23,55.64
988,at_risk,2025-12-16,87.55
988,at_risk,2025-10-02,133.97
988,at_risk,2025-08-24,66.17
988,at_risk,2025-08-21,115.86
988,at_risk,2025-05-13,98.31
989,low_value,2025-11-11,21.72
989,low_value,2025-10-13,55.72
989,low_value,2025-04-10,46.27
990,new,2026-06-02,47.36
990,new,2026-05-29,54.82
990,new,2026-03-24,105.03
990,new,2025-12-14,96.92
990,new,2025-12-03,43.0
990,new,2025-05-10,71.33
990,new,2025-04-25,59.93
991,low_value,2026-04-10,46.24
991,low_value,2026-02-17,67.18
991,low_value,2025-09-10,52.19
991,low_value,2025-08-19,58.61
991,low_value,2025-08-18,17.8
991,low_value,2025-06-06,33.56
991,low_value,2025-05-11,10.0
992,low_value,2026-02-08,71.65
993,loyal,2026-04-28,145.55
993,loyal,2026-02-23,95.45
993,loyal,2025-12-04,83.86
993,loyal,2025-09-06,107.87
993,loyal,2025-06-07,52.2
993,loyal,2025-04-24,177.92
993,loyal,2025-03-30,114.19
994,low_value,2026-02-11,73.52
995,at_risk,2026-04-17,85.97
995,at_risk,2026-03-23,133.42
995,at_risk,2026-02-14,117.61
995,at_risk,2026-02-05,96.03
995,at_risk,2025-09-18,112.51
995,at_risk,2025-08-01,111.88
995,at_risk,2025-07-12,168.62
995,at_risk,2025-06-04,103.87
995,at_risk,2025-05-26,71.16
996,new,2026-07-30,94.45
996,new,2026-01-24,82.88
996,new,2026-01-04,73.82
996,new,2026-01-03,52.8
996,new,2025-07-08,94.13
996,new,2025-05-23,63.57
996,new,2025-05-04,69.14
997,champion,2026-07-21,220.29
997,champion,2026-07-15,239.97
997,champion,2026-07-06,188.04
997,champion,2026-05-26,204.69
997,champion,2026-04-08,194.85
997,champion,2026-03-21,166.29
997,champion,2026-02-21,116.66
997,champion,2026-01-27,188.6
997,champion,2026-01-26,235.16
997,champion,2026-01-17,203.33
997,champion,2026-01-11,137.3
997,champion,2026-01-07,223.9
997,champion,2025-11-30,167.62
997,champion,2025-08-17,96.32
997,champion,2025-07-17,220.72
997,champion,2025-06-11,142.18
997,champion,2025-05-31,251.23
997,champion,2025-05-24,225.91
997,champion,2025-04-15,170.89
998,low_value,2025-07-01,56.64
998,low_value,2025-04-19,26.28
998,low_value,2025-03-22,11.51
999,loyal,2026-07-06,138.05
999,loyal,2026-06-14,98.13
999,loyal,2026-05-11,81.09
999,loyal,2025-12-19,156.31
999,loyal,2025-11-13,136.19
999,loyal,2025-09-08,114.56
999,loyal,2025-07-04,154.05
999,loyal,2025-05-19,112.5
999,loyal,2025-04-18,91.38
999,loyal,2025-04-08,79.95
1000,champion,2026-08-04,174.51
1000,champion,2026-06-27,259.99
1000,champion,2026-06-11,174.24
1000,champion,2026-04-28,277.87
1000,champion,2026-04-19,211.42
1000,champion,2026-04-01,232.24
1000,champion,2026-03-15,233.4
1000,champion,2026-03-03,180.06
1000,champion,2026-02-13,160.47
1000,champion,2025-11-14,175.38
1000,champion,2025-10-25,140.52
1000,champion,2025-09-19,177.36
1000,champion,2025-08-23,179.82
1000,champion,2025-08-07,247.57
1000,champion,2025-08-06,203.73
1000,champion,2025-07-14,274.5
1000,champion,2025-07-12,93.62
1000,champion,2025-05-29,131.32
1000,champion,2025-04-03,165.79
1000,champion,2025-03-23,239.7
1000,champion,2025-03-12,175.62
1001,new,2026-07-30,105.47
1001,new,2026-06-16,93.69
1001,new,2026-03-23,39.52
1001,new,2026-03-10,94.71
1001,new,2025-09-13,81.89
1001,new,2025-07-21,54.38
1001,new,2025-07-14,74.55
1002,loyal,2026-05-17,88.75
1002,loyal,2026-01-27,145.08
1002,loyal,2025-12-28,106.76
1002,loyal,2025-11-30,74.41
1002,loyal,2025-11-02,77.16
1002,loyal,2025-09-20,113.74
1002,loyal,2025-08-21,62.1
1002,loyal,2025-08-02,164.02
1002,loyal,2025-06-04,141.47
1002,loyal,2025-06-02,164.81
1002,loyal,2025-04-05,161.64
1002,loyal,2025-04-02,99.44
1003,loyal,2026-08-27,148.58
1003,loyal,2026-08-10,63.82
1003,loyal,2026-07-17,69.57
1003,loyal,2026-05-03,154.6
1003,loyal,2026-03-21,131.99
1003,loyal,2026-03-09,102.22
1003,loyal,2025-09-17,161.21
1003,loyal,2025-09-11,69.05
1003,loyal,2025-06-16,137.94
1003,loyal,2025-06-15,107.95
1003,loyal,2025-04-18,128.2
1004,new,2026-08-09,86.4
1004,new,2026-07-09,49.12
1004,new,2026-02-22,89.67
1004,new,2026-02-04,57.37
1004,new,2026-01-10,55.48
1004,new,2025-05-27,87.67
1005,at_risk,2026-06-22,142.13
1005,at_risk,2026-06-21,136.69
1005,at_risk,2026-06-19,105.99
1005,at_risk,2026-06-04,79.47
1005,at_risk,2026-04-13,93.04
1005,at_risk,2026-03-27,110.43
1005,at_risk,2025-08-22,50.99
1005,at_risk,2025-08-05,68.07
1005,at_risk,2025-07-28,45.03
1005,at_risk,2025-05-13,103.23
1006,low_value,2026-02-11,29.09
1006,low_value,2025-10-26,49.64
1006,low_value,2025-06-19,29.42
1006,low_value,2025-03-22,41.05
1007,at_risk,2026-06-09,84.83
1007,at_risk,2026-04-30,102.75
1007,at_risk,2025-12-04,31.1
1007,at_risk,2025-11-12,81.19
1007,at_risk,2025-10-20,33.81
1007,at_risk,2025-06-16,166.45
1007,at_risk,2025-06-09,102.44
1007,at_risk,2025-05-23,99.4
1008,low_value,2025-09-05,43.67
1008,low_value,2025-06-30,42.63
1008,low_value,2025-05-01,10.0
1009,new,2026-06-20,51.03
1009,new,2026-04-03,60.88
1009,new,2026-03-09,89.95
1009,new,2026-02-28,69.15
1009,new,2026-02-19,69.79
1009,new,2025-07-14,71.47
1009,new,2025-05-26,12.19
1010,low_value,2026-07-30,18.56
1010,low_value,2026-05-10,29.14
1010,low_value,2026-02-13,79.21
1011,new,2026-04-29,41.37
1011,new,2026-04-10,104.15
1011,new,2026-03-08,92.06
1011,new,2025-09-09,62.88
1011,new,2025-05-03,78.8
1012,new,2026-07-28,86.31
1012,new,2025-12-18,49.26
1012,new,2025-08-18,81.35
1012,new,2025-05-14,90.93
1013,low_value,2026-02-24,10.0
1013,low_value,2025-03-30,39.59
1013,low_value,2025-03-16,54.83
1014,at_risk,2026-03-14,92.43
1014,at_risk,2026-01-23,78.17
1014,at_risk,2026-01-02,122.74
1014,at_risk,2025-12-21,59.49
1014,at_risk,2025-11-08,83.74
1014,at_risk,2025-07-10,29.91
1014,at_risk,2025-07-06,115.8
1014,at_risk,2025-06-16,138.64
1015,loyal,2026-08-07,137.17
1015,loyal,2026-07-31,110.28
1015,loyal,2026-02-10,192.94
1015,loyal,2026-02-02,82.41
1015,loyal,2026-01-13,123.35
1015,loyal,2025-12-08,148.74
1015,loyal,2025-10-22,141.97
1015,loyal,2025-10-13,129.65
1015,loyal,2025-09-18,142.11
1015,loyal,2025-09-13,111.66
1015,loyal,2025-08-21,159.89
1015,loyal,2025-08-20,148.49
1015,loyal,2025-06-02,84.43
1015,loyal,2025-05-10,119.65
1015,loyal,2025-05-08,63.58
1015,loyal,2025-04-29,155.65
1015,loyal,2025-04-27,116.73
1015,loyal,2025-03-17,150.46
1016,low_value,2026-03-30,85.72
1016,low_value,2025-08-26,40.95
1016,low_value,2025-05-14,43.02
1017,low_value,2025-11-10,35.96
1017,low_value,2025-08-29,66.46
1017,low_value,2025-06-19,10.0
1018,champion,2026-08-13,180.59
1018,champion,2026-08-02,189.27
1018,champion,2026-07-24,192.62
1018,champion,2026-07-06,224.74
1018,champion,2026-06-17,199.06
1018,champion,2026-05-25,172.88
1018,champion,2026-03-01,146.4
1018,champion,2026-02-10,161.1
1018,champion,2026-02-07,190.45
1018,champion,2026-01-27,151.76
1018,champion,2026-01-24,217.84
1018,champion,2026-01-22,197.2
1018,champion,2026-01-14,225.74
1018,champion,2025-08-02,154.45
1018,champion,2025-07-15,146.76
1018,champion,2025-07-03,225.44
1018,champion,2025-06-28,185.2
1018,champion,2025-06-09,171.9
1018,champion,2025-05-31,207.95
1018,champion,2025-05-20,206.46
1019,at_risk,2026-04-16,86.27
1019,at_risk,2026-04-11,80.82
1019,at_risk,2025-12-09,139.62
1019,at_risk,2025-11-20,54.15
1019,at_risk,2025-10-16,78.91
1019,at_risk,2025-09-24,125.33
1019,at_risk,2025-08-25,51.88
1019,at_risk,2025-07-06,157.14
1019,at_risk,2025-03-12,87.41
1020,low_value,2025-08-09,44.14
1020,low_value,2025-04-19,59.25
1021,low_value,2026-03-08,43.3
1021,low_value,2025-12-04,37.86
1021,low_value,2025-06-17,39.61
1021,low_value,2025-06-11,34.93
1022,low_value,2025-06-17,38.1
1022,low_value,2025-05-12,64.63
1023,new,2026-07-11,87.94
1023,new,2026-07-02,52.42
1023,new,2026-06-23,86.76
1023,new,2026-04-30,104.21
1023,new,2026-04-26,100.01
1023,new,2025-09-17,78.83
1023,new,2025-08-02,67.74
1023,new,2025-07-29,113.39
1024,low_value,2026-01-20,89.14
1024,low_value,2026-01-13,53.7
1024,low_value,2025-12-31,38.45
1024,low_value,2025-05-15,22.33
1024,low_value,2025-04-21,68.61
1025,at_risk,2026-03-15,63.32
1025,at_risk,2025-12-30,77.93
1025,at_risk,2025-06-15,68.96
1026,low_value,2026-07-08,68.89
1026,low_value,2026-02-10,82.73
1026,low_value,2025-08-17,58.55
1027,at_risk,2026-04-26,73.09
1027,at_risk,2026-02-06,138.63
1027,at_risk,2026-01-15,10.0
1027,at_risk,2025-10-05,162.56
1027,at_risk,2025-05-03,48.15
1027,at_risk,2025-04-12,112.33
1028,low_value,2026-03-02,10.0
1028,low_value,2025-12-06,45.91
1028,low_value,2025-06-20,23.48
1029,at_risk,2026-05-02,94.68
1029,at_risk,2026-03-02,143.71
1029,at_risk,2025-12-16,96.01
1029,at_risk,2025-12-06,93.41
1029,at_risk,2025-11-19,109.6
1029,at_risk,2025-09-18,74.11
1029,at_risk,2025-09-08,72.42
1029,at_risk,2025-08-16,91.57
1029,at_risk,2025-06-11,62.79
1029,at_risk,2025-06-07,86.98
1029,at_risk,2025-04-25,162.88
1030,new,2026-07-07,82.55
1030,new,2026-07-06,46.48
1030,new,2026-07-02,74.43
1030,new,2026-06-19,103.38
1030,new,2026-05-02,79.66
1030,new,2025-10-28,61.01
1030,new,2025-05-07,83.54
1030,new,2025-04-09,34.84
1031,low_value,2025-10-15,53.12
1032,new,2026-07-20,96.32
1032,new,2026-06-19,104.46
1032,new,2025-09-03,94.78
1032,new,2025-06-30,73.94
1032,new,2025-05-08,59.12
1033,low_value,2026-01-12,34.8
1033,low_value,2025-11-30,53.54
1033,low_value,2025-05-09,51.34
1034,at_risk,2026-05-11,88.6
1034,at_risk,2026-03-17,28.25
1034,at_risk,2026-02-21,114.56
1034,at_risk,2025-10-10,124.69
1034,at_risk,2025-09-14,60.15
1035,new,2026-06-05,89.37
1035,new,2025-12-17,84.21
1035,new,2025-09-13,85.14
1035,new,2025-04-10,89.04
1036,at_risk,2026-04-23,41.78
1036,at_risk,2026-04-09,104.21
1036,at_risk,2026-01-07,93.52
1036,at_risk,2025-12-01,105.93
1036,at_risk,2025-09-03,92.29
1036,at_risk,2025-08-18,82.39
1036,at_risk,2025-07-26,125.62
1036,at_risk,2025-05-13,113.66
1036,at_risk,2025-05-02,143.86
1036,at_risk,2025-04-27,112.32
1037,at_risk,2026-05-03,106.84
1037,at_risk,2026-04-05,101.5
1037,at_risk,2026-01-01,73.02
1037,at_risk,2025-12-24,43.01
1037,at_risk,2025-08-07,104.91
1037,at_risk,2025-07-31,50.11
1038,at_risk,2026-05-25,126.27
1038,at_risk,2026-01-20,60.74
1038,at_risk,2025-10-22,121.72
1038,at_risk,2025-07-09,115.29
1038,at_risk,2025-06-16,123.47
1038,at_risk,2025-04-20,122.83
1038,at_risk,2025-03-25,148.84
1039,loyal,2026-05-28,145.25
1039,loyal,2026-05-11,60.25
1039,loyal,2026-01-24,136.74
1039,loyal,2025-11-07,108.26
1039,loyal,2025-10-27,92.0
1039,loyal,2025-10-25,102.48
1039,loyal,2025-10-21,141.1
1039,loyal,2025-10-04,131.94
1039,loyal,2025-04-22,106.16
1039,loyal,2025-04-09,75.83
1039,loyal,2025-03-24,77.94
1040,loyal,2026-08-12,114.29
1040,loyal,2026-05-08,216.69
1040,loyal,2026-03-10,95.83
1040,loyal,2026-02-26,121.67
1040,loyal,2025-11-13,86.18
1040,loyal,2025-06-02,143.96
1040,loyal,2025-05-30,126.22
1040,loyal,2025-05-24,84.16
1041,low_value,2025-10-13,37.68
1041,low_value,2025-05-24,83.43
1042,low_value,2025-12-03,67.54
1043,low_value,2025-10-16,44.22
1043,low_value,2025-10-15,69.59
1043,low_value,2025-06-03,43.95
1044,champion,2026-07-09,188.87
1044,champion,2026-07-01,190.66
1044,champion,2026-06-24,160.78
1044,champion,2026-05-27,261.34
1044,champion,2026-04-29,197.19
1044,champion,2026-01-07,225.14
1044,champion,2025-12-10,121.75
1044,champion,2025-12-03,121.41
1044,champion,2025-11-30,198.4
1044,champion,2025-11-23,254.19
1044,champion,2025-11-22,139.6
1044,champion,2025-11-06,185.74
1044,champion,2025-10-06,130.6
1044,champion,2025-10-05,151.26
1044,champion,2025-08-17,187.72
1044,champion,2025-06-29,160.3
1044,champion,2025-06-10,127.78
1044,champion,2025-05-28,126.88
1044,champion,2025-03-16,104.56
1044,champion,2025-03-12,199.06
1045,at_risk,2026-04-09,72.28
1045,at_risk,2025-12-19,101.73
1045,at_risk,2025-11-30,151.6
1045,at_risk,2025-06-24,134.82
1046,loyal,2026-07-11,92.9
1046,loyal,2026-07-06,197.68
1046,loyal,2026-06-03,124.72
1046,loyal,2026-01-24,87.51
1046,loyal,2025-12-22,86.14
1046,loyal,2025-10-02,180.95
1046,loyal,2025-08-06,124.79
1046,loyal,2025-03-19,93.02
1047,low_value,2025-04-26,80.47
1047,low_value,2025-03-11,22.44
1048,low_value,2025-06-29,10.0
1048,low_value,2025-03-31,49.49
1049,loyal,2026-08-07,140.66
1049,loyal,2026-04-19,163.08
1049,loyal,2026-04-11,74.6
1049,loyal,2026-02-07,73.48
1049,loyal,2026-01-03,128.51
1049,loyal,2025-11-24,122.43
1049,loyal,2025-05-13,147.49
1049,loyal,2025-05-02,61.08
1049,loyal,2025-04-12,131.11
1050,low_value,2026-03-24,32.69
1050,low_value,2026-03-08,35.18
1050,low_value,2026-02-12,29.82
1050,low_value,2025-07-23,19.01
1050,low_value,2025-07-10,84.22
1051,loyal,2026-08-15,21.41
1051,loyal,2026-07-24,85.27
1051,loyal,2026-07-24,106.43
1051,loyal,2026-05-11,106.08
1051,loyal,2026-03-30,185.16
1051,loyal,2026-03-29,99.87
1051,loyal,2025-12-06,139.71
1051,loyal,2025-11-25,164.35
1051,loyal,2025-11-17,130.12
1051,loyal,2025-08-16,89.79
1051,loyal,2025-07-18,71.47
1051,loyal,2025-06-20,132.36
1052,loyal,2026-08-08,73.0
1052,loyal,2026-08-05,97.79
1052,loyal,2026-04-10,86.15
1052,loyal,2026-03-10,140.35
1052,loyal,2026-01-27,140.7
1052,loyal,2026-01-04,126.81
1052,loyal,2026-01-03,71.97
1052,loyal,2025-12-18,107.06
1052,loyal,2025-11-21,69.58
1052,loyal,2025-11-10,105.58
1052,loyal,2025-10-06,129.42
1052,loyal,2025-10-06,139.76
1052,loyal,2025-10-03,124.19
1052,loyal,2025-09-12,147.75
1052,loyal,2025-08-30,117.79
1052,loyal,2025-08-15,102.99
1052,loyal,2025-05-21,136.21
1052,loyal,2025-05-02,137.19
1052,loyal,2025-04-28,94.27
1052,loyal,2025-04-24,121.37
1052,loyal,2025-03-14,101.17
1053,loyal,2026-06-25,77.75
1053,loyal,2026-03-17,120.93
1053,loyal,2026-02-13,103.49
1053,loyal,2026-02-13,133.72
1053,loyal,2026-01-11,79.64
1053,loyal,2025-11-26,116.33
1053,loyal,2025-10-30,184.09
1053,loyal,2025-09-08,102.82
1053,loyal,2025-09-07,115.6
1053,loyal,2025-06-04,60.17
1053,loyal,2025-06-01,84.41
1053,loyal,2025-05-19,123.79
1053,loyal,2025-04-10,100.1
1054,loyal,2026-05-23,114.68
1054,loyal,2026-03-08,129.72
1054,loyal,2026-01-25,145.52
1054,loyal,2025-12-07,97.88
1054,loyal,2025-12-01,140.36
1054,loyal,2025-10-19,149.91
1054,loyal,2025-09-25,163.52
1054,loyal,2025-08-27,125.06
1054,loyal,2025-06-21,114.72
1054,loyal,2025-06-08,95.76
1054,loyal,2025-06-05,66.23
1054,loyal,2025-06-02,101.66
1054,loyal,2025-05-31,113.37
1054,loyal,2025-03-18,106.72
1055,low_value,2026-03-15,64.91
1055,low_value,2025-09-11,57.32
1056,low_value,2026-04-01,44.93
1056,low_value,2025-10-24,36.06
1056,low_value,2025-04-24,88.43
1057,loyal,2026-06-18,92.03
1057,loyal,2026-06-04,114.22
1057,loyal,2026-03-17,119.49
1057,loyal,2026-01-12,76.97
1057,loyal,2025-07-26,101.9
1057,loyal,2025-06-19,79.24
1057,loyal,2025-06-18,136.06
1058,new,2026-07-10,113.12
1058,new,2026-06-25,37.91
1058,new,2026-06-05,60.01
1058,new,2026-04-22,72.69
1058,new,2025-10-26,63.72
1058,new,2025-08-27,50.9
1058,new,2025-07-17,24.71
1058,new,2025-07-03,52.71
1058,new,2025-05-08,46.02
1059,low_value,2026-01-24,34.99
1059,low_value,2025-12-05,37.91
1059,low_value,2025-07-13,18.73
1059,low_value,2025-03-24,30.96
1060,low_value,2026-02-06,48.09
1060,low_value,2025-09-11,33.76
1060,low_value,2025-09-11,11.44
1060,low_value,2025-07-31,88.5
1061,new,2026-06-16,72.43
1061,new,2025-11-01,38.32
1061,new,2025-08-20,78.24
1061,new,2025-08-04,62.2
1061,new,2025-06-25,20.31
1062,loyal,2026-07-10,111.79
1062,loyal,2026-05-27,91.14
1062,loyal,2026-03-21,110.26
1062,loyal,2026-02-01,123.84
1062,loyal,2026-01-06,79.81
1062,loyal,2025-12-07,119.51
1062,loyal,2025-10-04,62.64
1062,loyal,2025-09-27,143.17
1062,loyal,2025-09-02,125.82
1062,loyal,2025-08-23,158.88
1062,loyal,2025-06-30,76.5
1062,loyal,2025-06-11,144.0
1062,loyal,2025-03-16,138.07
1062,loyal,2025-03-15,104.53
1063,new,2026-07-24,78.94
1063,new,2026-04-08,81.13
1063,new,2026-01-16,93.66
1063,new,2025-10-25,58.85
1063,new,2025-08-07,72.19
1064,at_risk,2026-02-07,50.12
1064,at_risk,2026-01-30,94.71
1064,at_risk,2025-11-28,105.5
1064,at_risk,2025-10-04,91.51
1064,at_risk,2025-10-02,93.67
1064,at_risk,2025-08-12,149.85
1064,at_risk,2025-05-08,68.51
1064,at_risk,2025-03-18,122.97
1065,low_value,2026-03-21,28.48
1065,low_value,2026-01-09,10.0
1065,low_value,2025-07-06,53.65
1066,at_risk,2026-06-11,96.41
1066,at_risk,2025-09-22,97.39
1066,at_risk,2025-09-12,83.6
1066,at_risk,2025-08-24,63.86
1066,at_risk,2025-03-26,62.7
1067,low_value,2026-04-05,48.36
1067,low_value,2025-08-21,72.32
1067,low_value,2025-06-27,69.79
1067,low_value,2025-04-09,17.39
1067,low_value,2025-03-21,40.54
1067,low_value,2025-03-20,44.67
1068,champion,2026-07-26,234.16
1068,champion,2026-07-21,177.23
1068,champion,2026-07-07,190.02
1068,champion,2026-06-29,161.9
1068,champion,2026-05-29,205.08
1068,champion,2026-04-15,132.24
1068,champion,2026-04-04,251.83
1068,champion,2026-04-03,225.6
1068,champion,2026-02-22,132.04
1068,champion,2026-02-07,148.44
1068,champion,2026-02-05,196.85
1068,champion,2025-12-27,166.47
1068,champion,2025-10-11,201.78
1068,champion,2025-08-11,165.62
1068,champion,2025-07-17,240.99
1068,champion,2025-06-29,180.33
1068,champion,2025-05-14,276.82
1068,champion,2025-05-02,204.11
1068,champion,2025-04-24,126.02
1068,champion,2025-04-22,263.46
1068,champion,2025-04-03,223.95
1068,champion,2025-03-19,195.21
1069,at_risk,2026-03-23,100.06
1069,at_risk,2026-02-26,107.06
1069,at_risk,2026-02-21,93.48
1069,at_risk,2026-02-21,25.1
1069,at_risk,2025-11-24,153.19
1069,at_risk,2025-07-27,82.13
1069,at_risk,2025-05-27,73.38
1069,at_risk,2025-04-28,142.53
1069,at_risk,2025-04-25,129.25
1069,at_risk,2025-04-20,104.56
1070,low_value,2026-02-06,32.8
1070,low_value,2025-12-17,10.0
1070,low_value,2025-11-23,65.46
1070,low_value,2025-11-19,52.01
1070,low_value,2025-11-07,51.2
1070,low_value,2025-09-26,51.07
1070,low_value,2025-05-03,10.0
1070,low_value,2025-04-29,25.3
1071,new,2026-05-26,46.9
1071,new,2026-02-21,65.18
1071,new,2025-10-03,81.66
1071,new,2025-07-19,70.28
1072,at_risk,2026-04-10,69.53
1072,at_risk,2026-02-12,68.25
1072,at_risk,2026-01-04,36.25
1072,at_risk,2025-11-04,165.16
1072,at_risk,2025-07-22,79.29
1072,at_risk,2025-06-17,64.95
1073,low_value,2025-10-25,56.04
1073,low_value,2025-08-12,42.86
1073,low_value,2025-04-19,40.54
1074,low_value,2026-01-27,23.31
1074,low_value,2025-06-13,50.38
1074,low_value,2025-05-27,10.0
1075,at_risk,2026-01-13,98.36
1075,at_risk,2025-10-31,148.58
1075,at_risk,2025-07-21,131.71
1075,at_risk,2025-06-18,131.95
1075,at_risk,2025-05-27,48.03
1075,at_risk,2025-04-22,53.7
1075,at_risk,2025-04-11,102.62
1075,at_risk,2025-03-20,121.98
1075,at_risk,2025-03-17,76.83
1076,new,2026-06-13,51.19
1076,new,2026-01-18,54.73
1076,new,2025-12-20,47.17
1076,new,2025-03-28,57.22
1077,new,2026-08-11,58.89
1077,new,2026-04-12,55.71
1077,new,2026-04-08,102.99
1077,new,2026-03-29,70.63
1077,new,2025-11-12,66.85
1077,new,2025-07-22,53.88
1078,new,2026-05-23,10.0
1078,new,2026-05-22,109.41
1078,new,2025-11-11,96.37
1078,new,2025-08-13,54.3
1078,new,2025-04-20,58.73
1079,at_risk,2026-08-22,120.94
1079,at_risk,2026-08-03,21.98
1079,at_risk,2025-11-24,82.72
1079,at_risk,2025-09-24,79.08
1079,at_risk,2025-03-24,89.35
1080,loyal,2026-08-02,131.3
1080,loyal,2026-07-03,126.25
1080,loyal,2026-06-03,109.27
1080,loyal,2026-01-29,98.01
1080,loyal,2026-01-08,78.04
1080,loyal,2025-12-28,76.05
1080,loyal,2025-08-23,120.41
1080,loyal,2025-08-08,108.37
1080,loyal,2025-04-07,97.53
1081,low_value,2026-02-17,49.19
1081,low_value,2025-09-02,43.89
1081,low_value,2025-05-28,29.78
1082,low_value,2026-05-31,82.46
1082,low_value,2026-02-28,11.53
1082,low_value,2026-01-16,28.68
1082,low_value,2025-11-15,46.4
1082,low_value,2025-11-12,34.69
1082,low_value,2025-10-11,44.37
1082,low_value,2025-05-25,42.65
1083,low_value,2026-03-06,44.55
1083,low_value,2025-12-29,10.0
1083,low_value,2025-12-27,10.0
1083,low_value,2025-12-14,38.63
1083,low_value,2025-07-03,50.57
1083,low_value,2025-03-26,40.3
1084,low_value,2025-12-26,60.58
1085,low_value,2026-07-13,44.44
1085,low_value,2025-08-03,68.37
1085,low_value,2025-04-16,21.8
1086,low_value,2025-12-12,55.94
1086,low_value,2025-10-06,21.08
1086,low_value,2025-06-29,60.46
1086,low_value,2025-03-27,45.19
1087,low_value,2026-01-31,70.78
1087,low_value,2025-12-12,59.3
1087,low_value,2025-10-28,10.0
1087,low_value,2025-09-18,32.28
1087,low_value,2025-08-29,33.31
1087,low_value,2025-05-09,45.9
1088,new,2026-03-05,93.11
1088,new,2025-08-20,86.25
1088,new,2025-06-24,50.76
1088,new,2025-05-10,82.55
1089,new,2026-04-01,53.35
1089,new,2025-11-14,98.55
1089,new,2025-10-27,96.71
1089,new,2025-08-21,58.85
1089,new,2025-06-09,70.74
1090,loyal,2026-08-18,98.68
1090,loyal,2026-07-23,96.22
1090,loyal,2026-05-13,76.48
1090,loyal,2026-04-19,97.83
1090,loyal,2026-04-04,168.98
1090,loyal,2026-02-06,118.27
1090,loyal,2026-02-04,92.43
1090,loyal,2026-01-18,79.82
1090,loyal,2026-01-14,62.04
1090,loyal,2025-12-17,85.09
1090,loyal,2025-12-15,132.78
1090,loyal,2025-11-07,97.19
1090,loyal,2025-09-21,81.25
1090,loyal,2025-08-28,84.55
1090,loyal,2025-05-13,129.48
1091,new,2026-03-21,48.19
1091,new,2026-01-10,53.47
1091,new,2025-12-19,85.51
1091,new,2025-09-16,88.0
1091,new,2025-07-06,73.52
1091,new,2025-04-10,73.24
1091,new,2025-04-08,71.25
1092,loyal,2026-07-02,88.61
1092,loyal,2026-06-01,134.42
1092,loyal,2026-03-14,108.46
1092,loyal,2026-03-13,134.59
1092,loyal,2025-11-23,129.11
1092,loyal,2025-11-16,135.29
1092,loyal,2025-11-05,95.71
1092,loyal,2025-10-26,122.27
1092,loyal,2025-07-26,132.14
1092,loyal,2025-06-11,63.46
1092,loyal,2025-05-11,161.05
1092,loyal,2025-05-09,177.98
1092,loyal,2025-04-06,138.42
1092,loyal,2025-03-24,134.18
1092,loyal,2025-03-21,127.66
1093,loyal,2026-07-16,79.2
1093,loyal,2026-06-05,117.83
1093,loyal,2026-05-30,124.58
1093,loyal,2026-05-09,124.83
1093,loyal,2026-05-08,128.29
1093,loyal,2026-02-18,91.21
1093,loyal,2026-02-15,84.78
1093,loyal,2025-09-19,121.25
1093,loyal,2025-09-18,103.65
1093,loyal,2025-08-05,137.21
1093,loyal,2025-06-21,121.44
1093,loyal,2025-06-06,148.51
1093,loyal,2025-05-25,96.03
1093,loyal,2025-05-12,142.03
1094,new,2026-01-22,77.01
1094,new,2025-12-07,79.77
1094,new,2025-08-05,90.3
1094,new,2025-06-06,82.97
1094,new,2025-05-14,66.53
1095,at_risk,2025-10-21,85.99
1095,at_risk,2025-10-20,99.67
1095,at_risk,2025-09-30,87.29
1095,at_risk,2025-04-14,81.56
1096,loyal,2026-05-09,96.77
1096,loyal,2026-05-01,129.05
1096,loyal,2026-04-04,88.84
1096,loyal,2025-11-13,134.43
1096,loyal,2025-10-06,141.12
1096,loyal,2025-08-09,142.54
1096,loyal,2025-07-03,154.13
1096,loyal,2025-06-29,118.77
1096,loyal,2025-05-13,147.14
1096,loyal,2025-05-01,158.73
1096,loyal,2025-03-19,76.34
1097,low_value,2026-01-29,11.19
1097,low_value,2026-01-19,44.16
1097,low_value,2025-11-28,45.34
1097,low_value,2025-08-13,10.0
1097,low_value,2025-05-20,30.73
1098,low_value,2025-07-05,68.59
1099,loyal,2026-07-06,94.34
1099,loyal,2026-06-19,133.68
1099,loyal,2026-02-13,128.93
1099,loyal,2025-12-04,147.11
1099,loyal,2025-11-25,167.4
1099,loyal,2025-10-17,119.99
1099,loyal,2025-10-09,57.63
1099,loyal,2025-10-07,88.99
1099,loyal,2025-10-02,175.58
1099,loyal,2025-08-20,67.57
1099,loyal,2025-07-08,124.9
1099,loyal,2025-07-07,34.56
1099,loyal,2025-07-06,69.46
1099,loyal,2025-06-05,136.61
1099,loyal,2025-04-17,111.08
1099,loyal,2025-04-17,98.71
1100,champion,2026-08-10,153.0
1100,champion,2026-07-02,205.45
1100,champion,2026-06-13,198.62
1100,champion,2026-06-05,151.61
1100,champion,2026-05-28,161.43
1100,champion,2026-04-21,207.19
1100,champion,2026-04-07,235.08
1100,champion,2026-04-06,107.53
1100,champion,2026-03-16,245.6
1100,champion,2026-01-04,226.57
1100,champion,2025-12-30,187.96
1100,champion,2025-12-20,170.37
1100,champion,2025-11-02,195.62
1100,champion,2025-10-31,154.38
1100,champion,2025-10-18,172.89
1100,champion,2025-10-09,121.0
1100,champion,2025-10-07,110.34
1100,champion,2025-09-21,273.29
1100,champion,2025-09-12,182.52
1100,champion,2025-09-05,188.15
1100,champion,2025-08-23,178.77
1100,champion,2025-08-05,146.89
1100,champion,2025-07-22,167.72
1100,champion,2025-07-06,183.65
1100,champion,2025-06-26,172.13
1100,champion,2025-06-05,149.91
1100,champion,2025-04-23,199.18
1100,champion,2025-04-14,187.53
1100,champion,2025-03-11,195.72
1101,at_risk,2026-07-24,86.16
1101,at_risk,2026-07-16,31.33
1101,at_risk,2026-07-07,58.06
1101,at_risk,2026-05-09,69.2
1101,at_risk,2026-05-05,149.44
1101,at_risk,2026-03-20,119.76
1101,at_risk,2026-03-10,82.83
1101,at_risk,2026-02-15,111.48
1101,at_risk,2026-02-13,23.62
1101,at_risk,2026-01-31,75.23
1101,at_risk,2026-01-24,109.03
1101,at_risk,2025-12-22,100.79
1101,at_risk,2025-12-14,76.12
1101,at_risk,2025-07-30,93.66
1101,at_risk,2025-03-30,106.83
1102,low_value,2025-10-21,61.55
1102,low_value,2025-06-03,79.82
1102,low_value,2025-03-26,31.56
1103,low_value,2026-05-12,45.66
1103,low_value,2026-03-26,28.68
1103,low_value,2026-03-18,75.69
1103,low_value,2025-12-05,23.45
1103,low_value,2025-07-13,80.81
1103,low_value,2025-05-24,71.88
1103,low_value,2025-04-12,74.79
1104,loyal,2026-06-26,128.38
1104,loyal,2026-01-30,104.9
1104,loyal,2026-01-28,73.43
1104,loyal,2026-01-12,136.57
1104,loyal,2026-01-02,125.45
1104,loyal,2025-11-01,102.53
1104,loyal,2025-09-15,131.34
1104,loyal,2025-06-30,112.85
1104,loyal,2025-05-19,149.94
1104,loyal,2025-04-04,114.54
1105,low_value,2026-06-13,13.19
1105,low_value,2026-04-05,38.25
1105,low_value,2026-03-31,41.45
1105,low_value,2026-02-07,60.94
1105,low_value,2026-01-29,50.39
1105,low_value,2025-10-25,23.8
1105,low_value,2025-10-17,49.78
1106,loyal,2026-01-04,115.13
1106,loyal,2025-12-28,68.74
1106,loyal,2025-10-26,80.4
1106,loyal,2025-08-06,111.01
1106,loyal,2025-08-02,117.87
1106,loyal,2025-04-19,61.14
1106,loyal,2025-04-12,78.27
1106,loyal,2025-03-30,99.04
1107,at_risk,2026-04-05,61.8
1107,at_risk,2025-10-12,84.11
1107,at_risk,2025-10-08,179.55
1107,at_risk,2025-09-22,84.04
1107,at_risk,2025-09-05,121.07
1107,at_risk,2025-08-07,108.24
1107,at_risk,2025-05-25,107.46
1107,at_risk,2025-05-13,94.18
1108,low_value,2026-01-27,26.62
1108,low_value,2025-09-30,27.5
1108,low_value,2025-08-26,38.63
1108,low_value,2025-07-11,61.43
1108,low_value,2025-06-30,10.0
1109,loyal,2026-07-15,119.91
1109,loyal,2026-07-08,150.04
1109,loyal,2026-03-22,74.76
1109,loyal,2025-11-06,57.39
1109,loyal,2025-06-27,163.59
1109,loyal,2025-06-23,82.2
1109,loyal,2025-05-20,100.67
1109,loyal,2025-03-18,125.82
1110,loyal,2026-05-27,125.31
1110,loyal,2026-05-08,108.89
1110,loyal,2026-05-07,123.53
1110,loyal,2026-05-04,107.41
1110,loyal,2026-04-15,131.42
1110,loyal,2026-04-06,175.56
1110,loyal,2026-03-28,69.76
1110,loyal,2026-03-24,14.36
1110,loyal,2025-12-28,97.53
1110,loyal,2025-12-20,95.48
1110,loyal,2025-12-01,98.67
1110,loyal,2025-11-27,82.21
1110,loyal,2025-10-12,136.17
1110,loyal,2025-09-18,68.56
1110,loyal,2025-07-28,123.52
1110,loyal,2025-07-21,129.15
1110,loyal,2025-06-15,119.49
1110,loyal,2025-05-23,124.61
1110,loyal,2025-05-20,138.48
1111,at_risk,2026-02-28,85.4
1111,at_risk,2026-02-14,69.48
1111,at_risk,2025-08-09,115.89
1111,at_risk,2025-05-21,90.34
1111,at_risk,2025-04-02,144.93
1111,at_risk,2025-04-01,157.05
1112,new,2026-07-17,53.12
1112,new,2025-10-06,52.41
1113,low_value,2025-08-16,16.7
1114,low_value,2026-02-09,55.89
1114,low_value,2025-12-24,41.75
1114,low_value,2025-09-23,24.48
1114,low_value,2025-07-19,30.73
1114,low_value,2025-05-16,45.13
1114,low_value,2025-05-14,50.52
1114,low_value,2025-04-18,56.31
1114,low_value,2025-04-13,52.76
1115,champion,2026-08-25,149.69
1115,champion,2026-07-30,150.31
1115,champion,2026-07-23,183.64
1115,champion,2026-05-05,199.3
1115,champion,2026-02-23,172.84
1115,champion,2026-01-29,191.7
1115,champion,2026-01-17,203.54
1115,champion,2026-01-08,123.18
1115,champion,2025-12-27,166.36
1115,champion,2025-12-22,159.25
1115,champion,2025-11-01,161.2
1115,champion,2025-10-25,196.28
1115,champion,2025-10-12,159.81
1115,champion,2025-06-21,99.8
1115,champion,2025-06-06,170.54
1115,champion,2025-05-08,137.42
1115,champion,2025-04-07,199.85
1115,champion,2025-03-21,212.23
1115,champion,2025-03-15,93.01
1116,loyal,2026-08-09,163.87
1116,loyal,2026-06-22,104.15
1116,loyal,2026-05-25,77.22
1116,loyal,2026-04-23,135.13
1116,loyal,2026-02-27,106.19
1116,loyal,2026-01-28,124.34
1116,loyal,2025-12-11,119.08
1116,loyal,2025-10-30,112.79
1116,loyal,2025-08-28,140.86
1116,loyal,2025-08-01,141.97
1116,loyal,2025-07-29,94.32
1116,loyal,2025-07-22,82.31
1116,loyal,2025-07-17,35.03
1116,loyal,2025-07-03,99.62
1117,low_value,2026-04-30,42.67
1117,low_value,2025-10-17,78.73
1117,low_value,2025-08-26,59.76
1118,loyal,2026-07-06,120.22
1118,loyal,2026-04-20,103.75
1118,loyal,2026-01-06,55.11
1118,loyal,2025-12-10,110.33
1118,loyal,2025-11-22,125.57
1118,loyal,2025-11-14,111.31
1118,loyal,2025-10-27,53.35
1118,loyal,2025-10-17,101.4
1118,loyal,2025-08-04,129.36
1118,loyal,2025-06-29,79.22
1118,loyal,2025-05-26,114.97
1118,loyal,2025-05-10,122.95
1118,loyal,2025-03-29,143.54
1118,loyal,2025-03-22,161.38
1119,low_value,2026-01-18,43.78
1119,low_value,2025-12-23,30.79
1119,low_value,2025-11-25,78.56
1119,low_value,2025-08-15,52.51
1119,low_value,2025-07-01,29.09
1119,low_value,2025-04-13,10.0
1120,low_value,2025-09-07,12.22
1120,low_value,2025-06-21,17.1
1120,low_value,2025-06-15,85.63
1120,low_value,2025-03-29,63.64
1121,loyal,2026-05-30,165.04
1121,loyal,2026-04-07,95.63
1121,loyal,2025-12-14,76.08
1121,loyal,2025-10-31,121.67
1121,loyal,2025-09-22,158.94
1121,loyal,2025-06-15,97.9
1121,loyal,2025-05-18,135.51
1121,loyal,2025-05-12,84.89
1121,loyal,2025-05-07,110.64
1121,loyal,2025-04-23,75.14
1122,low_value,2026-01-10,50.99
1122,low_value,2025-12-27,49.04
1122,low_value,2025-09-23,41.85
1122,low_value,2025-07-23,74.75
1123,loyal,2026-08-02,122.15
1123,loyal,2026-07-17,103.23
1123,loyal,2026-07-09,92.27
1123,loyal,2026-06-07,84.15
1123,loyal,2026-03-28,106.1
1123,loyal,2026-03-21,137.73
1123,loyal,2026-03-19,116.2
1123,loyal,2026-01-16,102.89
1123,loyal,2025-12-28,119.25
1123,loyal,2025-11-24,150.93
1123,loyal,2025-11-05,124.71
1123,loyal,2025-09-01,117.81
1123,loyal,2025-06-15,129.16
1123,loyal,2025-06-05,105.26
1123,loyal,2025-04-19,115.52
1123,loyal,2025-04-02,95.33
1123,loyal,2025-03-30,63.48
1124,at_risk,2026-03-18,129.29
1124,at_risk,2026-02-17,24.56
1124,at_risk,2026-02-14,104.86
1124,at_risk,2025-12-20,18.08
1124,at_risk,2025-09-17,75.8
1124,at_risk,2025-07-02,133.28
1124,at_risk,2025-05-21,200.34
1124,at_risk,2025-05-16,86.64
1124,at_risk,2025-04-05,51.35
1125,new,2026-07-10,53.25
1125,new,2026-05-29,59.65
1125,new,2025-12-30,45.01
1125,new,2025-05-21,52.32
1126,new,2026-03-04,95.62
1127,low_value,2026-04-30,43.54
1127,low_value,2026-03-13,41.22
1127,low_value,2025-04-25,15.4
1128,low_value,2026-07-12,48.84
1129,low_value,2026-03-27,37.93
1129,low_value,2026-03-20,62.51
1129,low_value,2025-12-21,66.53
1129,low_value,2025-12-04,23.38
1129,low_value,2025-10-05,26.38
1130,low_value,2026-03-17,72.92
1130,low_value,2026-02-09,51.68
1130,low_value,2025-12-29,100.52
1130,low_value,2025-10-29,40.05
1130,low_value,2025-03-26,66.96
1131,new,2026-06-21,73.74
1131,new,2026-06-17,84.14
1131,new,2026-01-17,55.29
1131,new,2026-01-11,63.2
1131,new,2025-12-10,43.05
1131,new,2025-07-25,58.04
1131,new,2025-06-09,67.39
1131,new,2025-05-20,28.49
1131,new,2025-05-05,84.42
1132,loyal,2026-06-27,36.97
1132,loyal,2026-05-10,85.51
1132,loyal,2026-03-08,134.89
1132,loyal,2026-03-06,88.94
1132,loyal,2026-02-24,86.65
1132,loyal,2026-01-26,170.97
1132,loyal,2025-12-16,121.35
1132,loyal,2025-07-20,138.03
1132,loyal,2025-06-13,124.84
1132,loyal,2025-04-14,114.85
1133,low_value,2026-02-22,67.01
1133,low_value,2026-01-13,72.29
1133,low_value,2025-11-22,21.02
1133,low_value,2025-10-29,28.88
1133,low_value,2025-08-01,30.53
1134,low_value,2026-04-29,25.42
1134,low_value,2026-02-09,30.37
1134,low_value,2026-02-08,49.38
1134,low_value,2025-12-27,29.14
1134,low_value,2025-12-05,75.48
1134,low_value,2025-06-27,55.06
1135,at_risk,2026-07-23,84.4
1135,at_risk,2026-07-15,148.48
1135,at_risk,2026-05-20,127.57
1135,at_risk,2026-04-15,77.51
1135,at_risk,2025-11-19,58.39
1135,at_risk,2025-06-14,74.54
1135,at_risk,2025-04-26,129.35
1135,at_risk,2025-04-06,136.25
1135,at_risk,2025-03-13,114.42
1136,new,2026-07-02,59.9
1136,new,2026-06-27,57.72
1136,new,2026-03-24,63.75
1136,new,2026-03-11,57.23
1136,new,2025-12-13,103.68
1136,new,2025-09-27,101.89
1136,new,2025-03-15,32.59
1137,at_risk,2026-04-28,140.97
1137,at_risk,2026-02-06,119.11
1137,at_risk,2026-01-26,64.89
1137,at_risk,2025-12-02,47.67
1137,at_risk,2025-09-22,113.2
1137,at_risk,2025-07-04,147.52
1137,at_risk,2025-05-31,94.13
1137,at_risk,2025-05-09,41.54
1138,champion,2026-08-21,246.57
1138,champion,2026-07-25,215.79
1138,champion,2026-07-09,159.03
1138,champion,2026-06-23,133.26
1138,champion,2026-06-14,191.11
1138,champion,2026-05-19,160.29
1138,champion,2026-04-14,163.27
1138,champion,2026-03-30,134.59
1138,champion,2026-03-17,139.54
1138,champion,2026-03-06,186.51
1138,champion,2026-03-02,169.32
1138,champion,2025-10-20,279.86
1138,champion,2025-09-20,203.77
1138,champion,2025-08-17,133.93
1138,champion,2025-04-12,118.57
1139,low_value,2026-04-02,24.61
1139,low_value,2026-02-06,31.49
1140,at_risk,2026-06-24,146.15
1140,at_risk,2026-05-25,103.6
1140,at_risk,2026-03-23,66.41
1141,low_value,2026-01-23,33.98
1141,low_value,2025-12-14,52.14
1141,low_value,2025-10-07,28.5
1141,low_value,2025-08-19,14.64
1141,low_value,2025-05-23,52.06
1142,low_value,2026-03-19,56.7
1142,low_value,2026-01-07,47.73
1142,low_value,2025-11-28,34.0
1142,low_value,2025-09-01,29.31
1143,low_value,2025-09-28,63.99
1143,low_value,2025-06-21,47.77
1144,at_risk,2026-06-16,71.01
1144,at_risk,2026-06-06,97.99
1144,at_risk,2026-05-01,76.6
1144,at_risk,2026-01-02,34.44
1144,at_risk,2025-10-11,44.01
1144,at_risk,2025-10-02,130.71
1144,at_risk,2025-09-16,139.86
1144,at_risk,2025-09-01,151.0
1145,at_risk,2025-12-10,77.81
1145,at_risk,2025-11-14,107.03
1145,at_risk,2025-07-11,52.49
1145,at_risk,2025-07-03,99.58
1145,at_risk,2025-04-30,117.8
1145,at_risk,2025-04-09,144.69
1145,at_risk,2025-03-25,105.86
1146,low_value,2026-03-28,67.57
1146,low_value,2026-03-22,40.78
1146,low_value,2025-05-20,39.29
1147,low_value,2026-07-11,62.18
1147,low_value,2026-06-04,24.43
1147,low_value,2026-02-16,79.77
1147,low_value,2025-10-11,49.4
1147,low_value,2025-05-13,10.0
1148,new,2026-02-25,76.78
1148,new,2025-12-11,79.83
1148,new,2025-10-30,85.27
1148,new,2025-09-28,67.67
1148,new,2025-06-30,44.49
1148,new,2025-03-13,115.13
1149,low_value,2026-08-09,42.97
1149,low_value,2026-03-29,36.6
1149,low_value,2025-07-20,10.0
1149,low_value,2025-06-15,44.74
1150,loyal,2026-07-27,66.38
1150,loyal,2026-04-23,63.82
1150,loyal,2026-03-09,60.43
1150,loyal,2026-02-22,120.1
1150,loyal,2026-02-20,80.67
1150,loyal,2026-02-10,67.69
1150,loyal,2026-01-19,121.39
1150,loyal,2025-12-18,134.72
1150,loyal,2025-11-12,141.53
1150,loyal,2025-11-10,136.26
1150,loyal,2025-11-05,82.46
1150,loyal,2025-09-29,118.28
1150,loyal,2025-08-30,124.91
1150,loyal,2025-08-24,95.75
1151,low_value,2026-06-12,28.29
1151,low_value,2026-03-02,28.94
1151,low_value,2026-02-15,56.5
1151,low_value,2025-10-28,63.9
1151,low_value,2025-07-12,59.73
1151,low_value,2025-05-07,68.65
1152,loyal,2026-06-23,119.2
1152,loyal,2026-06-21,107.27
1152,loyal,2026-05-24,134.82
1152,loyal,2026-04-27,68.77
1152,loyal,2026-03-11,64.08
1152,loyal,2026-03-09,132.5
1152,loyal,2026-01-03,98.27
1152,loyal,2025-12-24,107.28
1152,loyal,2025-12-01,90.21
1152,loyal,2025-10-09,137.38
1152,loyal,2025-09-21,118.98
1152,loyal,2025-09-09,117.22
1152,loyal,2025-09-05,74.91
1152,loyal,2025-08-20,125.05
1152,loyal,2025-05-31,80.23
1152,loyal,2025-05-28,90.24
1152,loyal,2025-03-29,69.04
1153,loyal,2026-05-27,115.32
1153,loyal,2026-05-09,78.8
1153,loyal,2026-01-11,113.2
1153,loyal,2025-11-07,57.34
1153,loyal,2025-09-29,127.27
1153,loyal,2025-09-14,76.92
1153,loyal,2025-08-28,145.33
1153,loyal,2025-07-12,36.64
1153,loyal,2025-04-02,160.23
1154,new,2026-07-24,62.45
1154,new,2026-06-15,56.54
1154,new,2026-01-05,21.65
1154,new,2025-10-01,69.38
1155,champion,2026-08-24,147.15
1155,champion,2026-08-11,159.59
1155,champion,2026-08-07,199.03
1155,champion,2026-08-04,158.05
1155,champion,2026-06-19,218.94
1155,champion,2026-05-06,140.55
1155,champion,2026-04-03,140.42
1155,champion,2026-03-31,256.24
1155,champion,2026-03-24,118.79
1155,champion,2026-03-19,178.93
1155,champion,2026-03-18,254.06
1155,champion,2026-03-08,178.86
1155,champion,2026-02-07,233.87
1155,champion,2026-01-19,206.1
1155,champion,2026-01-17,179.71
1155,champion,2026-01-10,174.77
1155,champion,2025-12-06,95.23
1155,champion,2025-11-18,167.24
1155,champion,2025-09-20,189.29
1155,champion,2025-09-14,189.27
1155,champion,2025-08-26,278.63
1155,champion,2025-06-06,191.24
1155,champion,2025-05-29,205.21
1155,champion,2025-05-23,226.6
1155,champion,2025-05-22,201.62
1155,champion,2025-05-14,176.56
1155,champion,2025-05-05,176.75
1155,champion,2025-04-24,165.97
1156,champion,2026-04-18,215.21
1156,champion,2026-01-22,267.71
1156,champion,2026-01-13,199.22
1156,champion,2025-12-17,201.65
1156,champion,2025-12-11,172.7
1156,champion,2025-12-02,226.31
1156,champion,2025-12-01,178.43
1156,champion,2025-11-28,190.69
1156,champion,2025-11-15,117.39
1156,champion,2025-09-16,158.83
1156,champion,2025-09-16,194.69
1156,champion,2025-09-14,216.29
1156,champion,2025-08-24,217.4
1156,champion,2025-08-13,116.83
1156,champion,2025-07-15,120.89
1156,champion,2025-06-14,203.37
1156,champion,2025-06-06,150.13
1156,champion,2025-05-02,215.78
1156,champion,2025-03-26,114.79
1156,champion,2025-03-18,176.06
1157,champion,2026-08-21,200.73
1157,champion,2026-06-08,118.69
1157,champion,2026-05-16,167.52
1157,champion,2026-05-06,214.72
1157,champion,2026-04-20,175.84
1157,champion,2026-04-05,167.77
1157,champion,2026-03-06,256.25
1157,champion,2026-01-20,137.2
1157,champion,2026-01-07,229.33
1157,champion,2025-12-23,220.85
1157,champion,2025-12-17,170.99
1157,champion,2025-12-06,178.68
1157,champion,2025-09-23,178.54
1157,champion,2025-08-24,187.28
1157,champion,2025-08-03,156.22
1157,champion,2025-07-27,162.87
1157,champion,2025-07-14,165.79
1157,champion,2025-06-28,167.07
1157,champion,2025-06-19,167.57
1157,champion,2025-06-16,90.37
1157,champion,2025-06-06,183.91
1157,champion,2025-05-17,158.9
1157,champion,2025-04-21,105.33
1157,champion,2025-03-31,166.0
1157,champion,2025-03-11,164.76
1158,at_risk,2026-04-04,98.93
1158,at_risk,2026-02-05,62.91
1158,at_risk,2025-12-28,111.73
1158,at_risk,2025-11-20,96.57
1158,at_risk,2025-11-11,51.32
1158,at_risk,2025-09-06,77.76
1158,at_risk,2025-05-26,116.72
1158,at_risk,2025-05-19,135.18
1158,at_risk,2025-04-07,63.42
1159,low_value,2025-10-19,79.3
1159,low_value,2025-08-05,50.09
1159,low_value,2025-04-08,66.3
1160,champion,2026-08-11,175.02
1160,champion,2026-08-06,181.85
1160,champion,2026-07-09,178.55
1160,champion,2026-07-01,148.78
1160,champion,2026-06-10,224.28
1160,champion,2026-06-07,160.71
1160,champion,2026-05-22,185.17
1160,champion,2026-05-11,97.59
1160,champion,2026-05-08,171.39
1160,champion,2026-04-19,136.02
1160,champion,2026-04-11,140.84
1160,champion,2026-03-25,276.89
1160,champion,2026-02-11,189.98
1160,champion,2026-01-26,229.04
1160,champion,2026-01-23,214.21
1160,champion,2025-12-16,219.33
1160,champion,2025-12-15,172.04
1160,champion,2025-12-01,244.26
1160,champion,2025-10-31,213.87
1160,champion,2025-09-21,181.65
1160,champion,2025-09-14,190.53
1160,champion,2025-09-13,174.53
1160,champion,2025-09-04,182.09
1160,champion,2025-08-04,178.26
1160,champion,2025-07-22,195.26
1160,champion,2025-07-05,249.6
1160,champion,2025-04-21,131.79
1161,low_value,2026-03-20,10.39
1161,low_value,2025-12-20,79.78
1161,low_value,2025-03-31,26.14
1162,low_value,2026-03-06,10.0
1162,low_value,2026-01-22,34.54
1162,low_value,2025-10-07,54.37
1162,low_value,2025-06-21,23.73
1162,low_value,2025-03-14,55.24
1162,low_value,2025-03-14,53.65
1163,loyal,2025-11-18,123.77
1163,loyal,2025-08-28,77.62
1163,loyal,2025-08-08,105.17
1163,loyal,2025-06-22,123.4
1163,loyal,2025-04-19,37.86
1164,loyal,2026-05-12,96.58
1164,loyal,2026-02-09,142.18
1164,loyal,2026-01-09,92.17
1164,loyal,2026-01-06,145.71
1164,loyal,2025-12-31,149.64
1164,loyal,2025-11-27,141.5
1164,loyal,2025-11-15,104.58
1164,loyal,2025-10-03,186.41
1164,loyal,2025-09-18,114.56
1164,loyal,2025-07-18,117.23
1164,loyal,2025-06-14,109.34
1164,loyal,2025-05-27,76.11
1165,low_value,2026-04-02,42.67
1165,low_value,2025-11-07,61.05
1165,low_value,2025-10-26,40.25
1165,low_value,2025-10-09,33.2
1165,low_value,2025-07-13,39.05
1165,low_value,2025-06-27,69.31
1166,low_value,2026-03-29,75.55
1166,low_value,2026-03-06,47.36
1166,low_value,2026-01-28,61.73
1166,low_value,2025-08-26,20.61
1166,low_value,2025-03-22,51.97
1167,new,2026-04-05,122.44
1167,new,2026-01-04,69.84
1167,new,2025-11-20,21.03
1167,new,2025-11-05,30.98
1167,new,2025-10-22,89.25
1167,new,2025-03-31,73.24
1168,low_value,2026-02-23,37.75
1168,low_value,2025-10-14,48.49
1168,low_value,2025-08-07,51.05
1169,loyal,2026-07-27,90.99
1169,loyal,2026-05-02,66.25
1169,loyal,2026-03-21,92.91
1169,loyal,2026-03-02,129.48
1169,loyal,2026-02-06,109.88
1169,loyal,2025-12-15,125.14
1169,loyal,2025-10-26,95.12
1169,loyal,2025-08-26,137.09
1169,loyal,2025-07-05,94.75
1169,loyal,2025-07-02,46.74
1169,loyal,2025-06-05,119.5
1169,loyal,2025-04-25,133.02
1170,at_risk,2026-03-26,104.77
1170,at_risk,2026-02-12,72.12
1170,at_risk,2025-11-19,74.58
1170,at_risk,2025-09-25,97.16
1170,at_risk,2025-07-19,23.55
1170,at_risk,2025-03-22,78.38
1171,low_value,2025-09-27,46.86
1171,low_value,2025-08-23,77.49
1171,low_value,2025-07-24,64.2
1171,low_value,2025-06-26,63.6
1172,loyal,2026-07-22,105.6
1172,loyal,2026-04-20,98.88
1172,loyal,2026-04-11,89.99
1172,loyal,2026-02-06,114.01
1172,loyal,2026-02-06,94.14
1172,loyal,2026-01-28,99.23
1172,loyal,2026-01-10,118.35
1172,loyal,2025-11-23,89.97
1172,loyal,2025-08-19,106.82
1172,loyal,2025-06-24,90.63
1172,loyal,2025-06-16,73.83
1172,loyal,2025-04-21,132.91
1172,loyal,2025-04-16,161.23
1172,loyal,2025-04-14,141.94
1172,loyal,2025-03-30,119.95
1173,low_value,2026-04-14,15.91
1173,low_value,2026-02-09,46.74
1173,low_value,2025-10-15,32.65
1173,low_value,2025-06-05,53.32
1173,low_value,2025-05-20,58.4
1174,new,2025-11-13,40.6
1175,low_value,2026-03-08,36.76
1175,low_value,2026-01-02,62.71
1175,low_value,2025-12-14,46.21
1175,low_value,2025-11-22,29.03
1175,low_value,2025-11-09,64.43
1175,low_value,2025-10-30,59.58
1175,low_value,2025-10-19,16.78
1175,low_value,2025-07-23,50.05
1175,low_value,2025-03-31,30.7
1176,new,2026-07-24,33.78
1176,new,2026-05-23,43.72
1176,new,2026-02-06,78.5
1176,new,2026-01-02,87.88
1176,new,2025-12-30,50.01
1176,new,2025-12-24,55.53
1176,new,2025-12-17,41.72
1176,new,2025-04-05,111.46
1176,new,2025-04-01,58.13
1176,new,2025-03-30,70.78
1176,new,2025-03-14,72.09
1177,at_risk,2026-04-26,119.4
1177,at_risk,2026-04-15,109.74
1177,at_risk,2025-11-07,58.31
1177,at_risk,2025-10-23,69.28
1178,loyal,2026-07-22,138.62
1178,loyal,2026-06-12,123.2
1178,loyal,2026-04-12,91.81
1178,loyal,2026-03-23,145.38
1178,loyal,2026-03-18,117.31
1178,loyal,2026-03-06,117.9
1178,loyal,2026-03-05,136.52
1178,loyal,2026-02-14,130.06
1178,loyal,2026-02-01,118.81
1178,loyal,2025-11-13,104.34
1178,loyal,2025-09-26,169.51
1178,loyal,2025-08-25,87.99
1178,loyal,2025-04-25,132.38
1179,loyal,2026-07-07,131.34
1179,loyal,2025-11-22,96.96
1179,loyal,2025-11-06,143.11
1179,loyal,2025-11-01,85.06
1179,loyal,2025-09-18,109.13
1179,loyal,2025-08-14,97.12
1179,loyal,2025-07-26,132.54
1179,loyal,2025-07-23,95.61
1179,loyal,2025-07-03,132.75
1179,loyal,2025-06-07,127.83
1179,loyal,2025-04-16,98.74
1180,low_value,2026-06-01,57.47
1180,low_value,2026-05-14,67.92
1180,low_value,2026-01-29,32.32
1180,low_value,2026-01-08,44.4
1180,low_value,2026-01-06,32.29
1180,low_value,2025-12-31,48.26
1180,low_value,2025-12-16,29.43
1180,low_value,2025-10-22,36.52
1180,low_value,2025-08-30,36.62
1180,low_value,2025-04-21,50.87
1181,loyal,2026-07-17,121.45
1181,loyal,2026-06-10,112.2
1181,loyal,2026-02-22,89.23
1181,loyal,2026-02-20,134.07
1181,loyal,2026-01-10,101.89
1181,loyal,2025-09-17,64.24
1181,loyal,2025-09-09,104.15
1181,loyal,2025-08-29,115.74
1181,loyal,2025-08-22,85.44
1181,loyal,2025-06-30,106.45
1181,loyal,2025-04-22,107.86
1181,loyal,2025-04-14,108.32
1181,loyal,2025-03-28,147.04
1182,loyal,2026-07-22,139.81
1182,loyal,2026-07-08,68.47
1182,loyal,2026-07-06,84.33
1182,loyal,2026-06-06,114.95
1182,loyal,2026-05-27,124.19
1182,loyal,2026-03-16,123.28
1182,loyal,2026-03-04,80.48
1182,loyal,2025-10-23,62.06
1182,loyal,2025-10-10,126.17
1182,loyal,2025-05-11,152.99
1182,loyal,2025-04-07,99.64
1183,loyal,2026-06-16,93.56
1183,loyal,2026-04-01,87.6
1183,loyal,2026-03-27,115.72
1183,loyal,2026-03-23,116.34
1183,loyal,2025-12-29,59.78
1183,loyal,2025-12-17,134.14
1183,loyal,2025-10-11,110.48
1183,loyal,2025-10-04,120.73
1183,loyal,2025-09-19,132.34
1183,loyal,2025-08-14,86.99
1183,loyal,2025-07-06,147.77
1183,loyal,2025-06-28,105.75
1183,loyal,2025-06-10,155.38
1184,loyal,2026-05-19,108.78
1184,loyal,2026-05-03,77.26
1184,loyal,2026-04-08,26.1
1184,loyal,2026-03-10,185.23
1184,loyal,2025-12-01,112.19
1184,loyal,2025-10-14,21.69
1184,loyal,2025-08-20,119.08
1184,loyal,2025-08-08,130.69
1184,loyal,2025-08-03,88.55
1184,loyal,2025-06-06,88.75
1184,loyal,2025-04-28,109.4
1185,low_value,2026-05-12,55.53
1185,low_value,2026-04-18,46.2
1185,low_value,2026-02-01,57.69
1185,low_value,2025-10-19,62.27
1185,low_value,2025-08-26,55.62
1186,at_risk,2026-07-26,91.08
1186,at_risk,2026-06-21,78.78
1186,at_risk,2026-06-16,79.38
1186,at_risk,2026-01-18,83.07
1186,at_risk,2025-07-28,57.22
1186,at_risk,2025-07-19,78.48
1186,at_risk,2025-05-28,99.12
1186,at_risk,2025-05-13,109.15
1186,at_risk,2025-04-17,137.14
1187,low_value,2025-11-11,50.25
1187,low_value,2025-08-27,55.39
1187,low_value,2025-07-04,50.39
1188,loyal,2026-07-18,111.06
1188,loyal,2026-06-11,124.73
1188,loyal,2026-02-17,110.1
1188,loyal,2026-02-04,35.66
1188,loyal,2025-08-13,121.71
1188,loyal,2025-05-16,149.79
1189,low_value,2026-06-24,23.43
1189,low_value,2025-07-25,60.64
1190,at_risk,2026-05-18,123.09
1190,at_risk,2026-05-11,10.0
1190,at_risk,2026-01-30,92.45
1190,at_risk,2025-12-08,91.4
1190,at_risk,2025-12-05,90.13
1190,at_risk,2025-09-30,64.31
1190,at_risk,2025-09-29,126.71
1190,at_risk,2025-07-21,77.34
1190,at_risk,2025-07-13,102.01
1190,at_risk,2025-07-04,93.7
1191,at_risk,2026-02-15,98.73
1191,at_risk,2025-12-21,67.2
1191,at_risk,2025-11-16,87.23
1191,at_risk,2025-10-19,41.59
1191,at_risk,2025-08-01,88.54
1192,low_value,2025-06-30,71.97
1193,low_value,2025-12-18,10.0
1193,low_value,2025-11-19,61.47
1193,low_value,2025-11-18,68.69
1193,low_value,2025-11-09,23.96
1193,low_value,2025-04-08,34.76
1194,low_value,2025-10-30,82.27
1194,low_value,2025-04-21,31.61
1194,low_value,2025-03-24,98.83
1195,loyal,2026-06-29,120.73
1195,loyal,2026-04-23,106.0
1195,loyal,2026-04-14,94.51
1195,loyal,2026-03-05,142.37
1195,loyal,2025-12-19,83.49
1195,loyal,2025-10-11,96.34
1195,loyal,2025-09-01,90.59
1195,loyal,2025-07-03,125.31
1195,loyal,2025-06-15,58.42
1195,loyal,2025-04-03,95.07
1196,loyal,2026-06-01,20.81
1196,loyal,2026-05-04,136.84
1196,loyal,2026-04-25,96.23
1196,loyal,2026-03-26,101.77
1196,loyal,2026-03-23,120.08
1196,loyal,2026-03-21,67.26
1196,loyal,2026-03-19,112.24
1196,loyal,2026-02-12,126.03
1196,loyal,2026-01-09,120.92
1196,loyal,2025-09-06,92.03
1196,loyal,2025-06-11,139.76
1196,loyal,2025-05-09,80.08
1196,loyal,2025-03-15,91.23
1197,low_value,2026-02-12,46.51
1197,low_value,2025-06-10,50.2
1198,loyal,2026-07-21,119.06
1198,loyal,2026-06-29,78.43
1198,loyal,2026-06-18,86.48
1198,loyal,2026-03-27,150.82
1198,loyal,2026-03-19,70.68
1198,loyal,2026-02-24,173.05
1198,loyal,2026-01-30,166.28
1198,loyal,2026-01-28,174.04
1198,loyal,2026-01-04,121.42
1198,loyal,2026-01-04,99.75
1198,loyal,2025-08-02,120.69
1198,loyal,2025-07-29,137.26
1198,loyal,2025-07-25,90.48
1198,loyal,2025-07-01,76.96
1198,loyal,2025-07-01,101.48
1198,loyal,2025-05-31,86.83
1198,loyal,2025-05-18,147.23
1198,loyal,2025-04-20,91.51
1198,loyal,2025-03-21,112.87
1199,low_value,2026-01-16,40.87
1199,low_value,2025-09-29,25.15
1199,low_value,2025-09-16,55.48
1199,low_value,2025-08-19,39.28
1199,low_value,2025-08-12,18.81
1199,low_value,2025-07-14,24.3
1199,low_value,2025-06-04,19.15
1199,low_value,2025-05-25,34.51
1200,new,2026-03-23,94.0
1200,new,2026-02-10,69.46
1200,new,2025-12-20,99.58
1200,new,2025-10-17,61.94
1200,new,2025-03-27,77.14
1201,new,2026-03-14,69.69
1201,new,2026-02-08,56.63
1201,new,2025-12-17,71.39
1201,new,2025-11-22,70.56
1201,new,2025-10-25,85.55
1201,new,2025-05-28,29.71
1201,new,2025-03-15,67.44
1202,low_value,2026-01-30,33.87
1202,low_value,2025-08-22,33.05
1202,low_value,2025-04-26,37.1
1203,low_value,2025-09-21,68.71
1203,low_value,2025-06-21,29.9
1203,low_value,2025-05-26,63.89
1204,champion,2026-08-16,185.06
1204,champion,2026-08-02,180.12
1204,champion,2026-08-02,205.44
1204,champion,2026-07-24,154.55
1204,champion,2026-07-15,152.72
1204,champion,2026-06-13,198.5
1204,champion,2026-06-10,235.89
1204,champion,2026-06-03,205.16
1204,champion,2026-05-16,253.9
1204,champion,2026-04-18,202.21
1204,champion,2026-03-06,200.77
1204,champion,2026-02-24,207.17
1204,champion,2026-02-06,239.53
1204,champion,2026-01-24,229.5
1204,champion,2026-01-14,136.6
1204,champion,2025-12-29,212.02
1204,champion,2025-10-17,190.61
1204,champion,2025-09-21,172.24
1204,champion,2025-08-21,109.08
1204,champion,2025-07-11,118.39
1204,champion,2025-06-10,165.42
1204,champion,2025-05-12,121.42
1204,champion,2025-05-06,166.25
1204,champion,2025-03-31,208.57
1204,champion,2025-03-29,156.76
1205,champion,2026-08-07,172.41
1205,champion,2026-06-19,262.43
1205,champion,2026-06-03,164.64
1205,champion,2026-03-26,191.59
1205,champion,2026-01-29,198.64
1205,champion,2026-01-09,236.02
1205,champion,2025-12-31,147.55
1205,champion,2025-12-21,233.59
1205,champion,2025-11-08,174.1
1205,champion,2025-10-01,280.05
1205,champion,2025-09-30,194.5
1205,champion,2025-09-26,130.84
1205,champion,2025-08-27,172.11
1205,champion,2025-07-18,233.45
1205,champion,2025-07-17,183.26
1205,champion,2025-07-06,177.61
1205,champion,2025-06-04,208.76
1205,champion,2025-04-27,166.2
1205,champion,2025-04-24,171.57
1206,new,2025-11-21,38.65
1206,new,2025-08-23,45.03
1206,new,2025-08-04,83.06
1207,new,2025-11-10,41.54
1207,new,2025-10-28,49.36
1207,new,2025-08-19,63.5
1207,new,2025-04-23,41.39
1208,loyal,2026-08-14,127.22
1208,loyal,2026-06-14,182.05
1208,loyal,2026-04-24,144.52
1208,loyal,2026-04-03,60.91
1208,loyal,2026-03-17,99.19
1208,loyal,2026-02-16,102.0
1208,loyal,2026-02-01,127.25
1208,loyal,2025-12-24,81.99
1208,loyal,2025-07-10,94.06
1208,loyal,2025-03-20,72.67
1209,at_risk,2026-05-09,142.97
1209,at_risk,2026-04-13,128.45
1209,at_risk,2026-03-29,128.99
1209,at_risk,2026-03-11,100.97
1209,at_risk,2026-02-21,54.62
1209,at_risk,2026-02-16,68.05
1209,at_risk,2025-09-18,97.13
1209,at_risk,2025-08-18,52.96
1209,at_risk,2025-08-11,105.64
1209,at_risk,2025-04-14,123.18
1209,at_risk,2025-03-14,114.09
1210,low_value,2026-01-05,52.17
1210,low_value,2025-08-24,19.44
1210,low_value,2025-04-24,23.03
1211,low_value,2025-10-31,52.85
1212,new,2026-01-22,76.05
1212,new,2025-08-18,55.02
1212,new,2025-04-08,78.99
1213,at_risk,2026-05-02,156.69
1213,at_risk,2026-02-08,112.54
1213,at_risk,2025-12-10,139.65
1213,at_risk,2025-11-07,85.66
1213,at_risk,2025-10-18,120.36
1213,at_risk,2025-08-30,80.18
1213,at_risk,2025-07-09,47.56
1214,loyal,2026-08-09,109.95
1214,loyal,2026-07-04,107.95
1214,loyal,2026-04-20,70.37
1214,loyal,2026-03-29,170.41
1214,loyal,2025-12-31,126.07
1214,loyal,2025-10-03,116.27
1214,loyal,2025-09-25,91.27
1214,loyal,2025-08-22,79.89
1214,loyal,2025-08-13,135.8
1214,loyal,2025-07-17,105.2
1214,loyal,2025-06-30,128.63
1214,loyal,2025-05-12,69.44
1214,loyal,2025-05-04,156.41
1215,new,2026-07-28,70.67
1215,new,2026-05-06,44.93
1215,new,2026-03-25,82.72
1215,new,2026-03-12,65.06
1215,new,2025-12-23,69.46
1215,new,2025-06-16,129.43
1215,new,2025-04-01,91.73
1216,at_risk,2026-08-05,137.33
1216,at_risk,2026-07-14,93.99
1216,at_risk,2026-06-17,63.53
1216,at_risk,2026-04-03,127.34
1216,at_risk,2026-03-09,60.89
1216,at_risk,2026-01-28,40.58
1216,at_risk,2025-11-24,112.44
1216,at_risk,2025-09-19,137.65
1217,new,2026-04-05,33.57
1217,new,2025-12-28,93.14
1217,new,2025-11-13,41.59
1217,new,2025-03-31,79.3
1218,low_value,2026-04-11,26.81
1218,low_value,2026-03-06,40.31
1218,low_value,2025-12-30,70.56
1219,champion,2026-08-14,184.71
1219,champion,2026-07-31,135.71
1219,champion,2026-07-10,243.43
1219,champion,2026-07-09,199.83
1219,champion,2026-05-29,185.45
1219,champion,2026-05-24,183.4
1219,champion,2026-05-04,194.43
1219,champion,2026-04-09,210.87
1219,champion,2026-03-27,215.82
1219,champion,2026-03-24,244.43
1219,champion,2026-03-02,189.71
1219,champion,2026-01-31,250.17
1219,champion,2026-01-13,222.31
1219,champion,2025-12-24,177.59
1219,champion,2025-12-05,113.31
1219,champion,2025-11-23,183.42
1219,champion,2025-11-15,242.34
1219,champion,2025-10-08,148.99
1219,champion,2025-07-25,183.3
1219,champion,2025-07-08,186.61
1219,champion,2025-06-24,217.69
1219,champion,2025-06-02,164.49
1219,champion,2025-05-14,145.22
1219,champion,2025-05-11,202.8
1219,champion,2025-05-09,150.26
1220,champion,2026-08-25,130.7
1220,champion,2026-08-22,131.34
1220,champion,2026-08-08,203.65
1220,champion,2026-04-30,163.4
1220,champion,2026-03-19,199.42
1220,champion,2026-01-08,219.59
1220,champion,2025-11-20,198.46
1220,champion,2025-11-12,154.71
1220,champion,2025-10-06,231.32
1220,champion,2025-10-05,209.68
1220,champion,2025-09-28,181.07
1220,champion,2025-09-08,179.14
1220,champion,2025-09-05,194.96
1220,champion,2025-08-26,167.52
1220,champion,2025-08-24,114.75
1220,champion,2025-08-15,210.01
1220,champion,2025-08-06,207.63
1220,champion,2025-07-23,87.96
1220,champion,2025-07-10,200.43
1220,champion,2025-06-14,250.26
1220,champion,2025-03-24,134.89
1221,loyal,2026-05-04,162.9
1221,loyal,2026-04-08,95.82
1221,loyal,2026-04-07,68.33
1221,loyal,2026-03-13,94.25
1221,loyal,2026-03-03,129.59
1221,loyal,2026-02-06,86.05
1221,loyal,2025-11-14,119.07
1221,loyal,2025-10-20,126.88
1221,loyal,2025-09-08,73.73
1221,loyal,2025-09-05,93.09
1221,loyal,2025-07-26,120.47
1221,loyal,2025-06-21,131.07
1221,loyal,2025-03-23,93.84
1222,low_value,2026-04-10,92.42
1222,low_value,2026-01-07,38.27
1222,low_value,2025-11-02,42.17
1222,low_value,2025-08-20,32.06
1222,low_value,2025-03-31,24.34
1223,new,2026-07-01,77.23
1223,new,2026-02-25,76.82
1223,new,2025-12-17,75.22
1223,new,2025-10-17,55.18
1223,new,2025-06-01,95.56
1223,new,2025-05-26,80.26
1223,new,2025-04-06,95.85
1224,loyal,2026-07-20,173.26
1224,loyal,2026-06-25,151.61
1224,loyal,2026-03-14,100.64
1224,loyal,2026-02-10,105.89
1224,loyal,2026-01-18,100.01
1224,loyal,2025-12-25,120.9
1224,loyal,2025-10-21,80.84
1224,loyal,2025-10-19,86.31
1224,loyal,2025-10-14,44.98
1224,loyal,2025-10-06,98.04
1224,loyal,2025-08-27,141.94
1224,loyal,2025-07-24,105.44
1224,loyal,2025-06-27,107.12
1224,loyal,2025-06-17,118.34
1224,loyal,2025-06-10,79.93
1224,loyal,2025-05-18,110.76
1224,loyal,2025-03-18,136.71
1224,loyal,2025-03-11,119.2
1225,low_value,2026-07-08,59.33
1225,low_value,2026-06-07,45.3
1225,low_value,2026-05-24,34.61
1225,low_value,2026-04-25,39.25
1225,low_value,2026-01-19,68.84
1225,low_value,2025-06-08,58.36
1226,new,2025-11-21,94.44
1226,new,2025-10-11,83.63
1226,new,2025-06-03,90.69
1227,new,2026-08-06,29.02
1227,new,2026-04-16,63.18
1227,new,2026-02-10,82.92
1227,new,2026-01-24,89.03
1227,new,2025-11-22,35.02
1228,low_value,2026-02-27,46.88
1228,low_value,2025-04-19,58.56
1229,champion,2026-08-23,184.35
1229,champion,2026-07-31,155.02
1229,champion,2026-07-31,187.54
1229,champion,2026-07-24,173.06
1229,champion,2026-07-10,208.1
1229,champion,2026-05-26,189.1
1229,champion,2026-04-29,195.04
1229,champion,2026-04-17,219.18
1229,champion,2026-04-16,202.2
1229,champion,2026-03-26,179.76
1229,champion,2026-02-15,96.52
1229,champion,2026-01-12,200.55
1229,champion,2026-01-10,143.52
1229,champion,2025-12-20,176.55
1229,champion,2025-11-07,194.84
1229,champion,2025-10-09,233.32
1229,champion,2025-08-09,253.69
1229,champion,2025-07-03,143.15
1229,champion,2025-06-28,127.37
1229,champion,2025-04-25,193.03
1230,loyal,2026-06-28,130.82
1230,loyal,2026-03-18,100.21
1230,loyal,2026-01-12,111.66
1230,loyal,2025-09-19,177.39
1230,loyal,2025-09-13,81.31
1230,loyal,2025-08-18,90.41
1230,loyal,2025-08-10,130.34
1230,loyal,2025-08-05,139.64
1230,loyal,2025-07-30,122.44
1230,loyal,2025-07-16,164.27
1230,loyal,2025-03-19,119.52
1231,new,2026-07-06,61.89
1231,new,2026-02-19,68.04
1231,new,2025-10-06,104.8
1231,new,2025-04-08,20.71
1232,loyal,2026-06-03,90.93
1232,loyal,2026-05-23,64.26
1232,loyal,2026-03-06,113.67
1232,loyal,2026-03-02,94.61
1232,loyal,2026-01-15,74.03
1232,loyal,2025-11-28,112.15
1232,loyal,2025-11-16,133.02
1232,loyal,2025-09-23,110.6
1232,loyal,2025-09-08,78.01
1232,loyal,2025-04-30,124.45
1232,loyal,2025-03-23,141.05
1233,low_value,2026-04-02,83.37
1233,low_value,2025-12-31,68.92
1233,low_value,2025-08-31,24.73
1233,low_value,2025-04-21,45.27
1234,loyal,2026-08-04,103.45
1234,loyal,2026-02-27,111.79
1234,loyal,2026-01-19,127.14
1234,loyal,2025-12-30,123.17
1234,loyal,2025-12-17,59.94
1234,loyal,2025-10-20,82.85
1234,loyal,2025-08-16,98.12
1234,loyal,2025-07-05,84.18
1234,loyal,2025-06-07,154.01
1234,loyal,2025-06-03,129.03
1234,loyal,2025-05-01,76.71
1235,loyal,2026-08-10,144.4
1235,loyal,2026-08-05,99.14
1235,loyal,2026-06-23,124.98
1235,loyal,2026-05-23,126.3
1235,loyal,2026-05-06,82.13
1235,loyal,2026-02-26,81.25
1235,loyal,2026-01-28,103.86
1235,loyal,2026-01-02,143.16
1235,loyal,2025-12-09,55.06
1235,loyal,2025-10-04,99.11
1235,loyal,2025-08-26,149.3
1235,loyal,2025-07-22,73.04
1235,loyal,2025-06-23,147.62
1236,loyal,2026-08-06,145.64
1236,loyal,2026-06-03,112.09
1236,loyal,2026-04-20,109.03
1236,loyal,2026-02-21,118.92
1236,loyal,2026-01-14,85.97
1236,loyal,2025-12-27,114.14
1236,loyal,2025-12-14,74.21
1236,loyal,2025-10-30,150.47
1236,loyal,2025-10-29,79.18
1236,loyal,2025-10-06,123.17
1236,loyal,2025-09-20,78.96
1236,loyal,2025-04-15,94.0
1237,at_risk,2026-02-13,114.0
1237,at_risk,2026-02-08,89.71
1237,at_risk,2026-02-07,133.18
1237,at_risk,2025-12-10,85.98
1237,at_risk,2025-11-01,82.79
1237,at_risk,2025-10-28,145.45
1237,at_risk,2025-10-25,56.26
1237,at_risk,2025-09-16,35.4
1237,at_risk,2025-09-05,64.63
1237,at_risk,2025-06-12,108.55
1237,at_risk,2025-04-17,139.93
1238,loyal,2026-06-17,133.96
1238,loyal,2026-06-07,160.45
1238,loyal,2026-04-12,128.43
1238,loyal,2026-04-06,139.25
1238,loyal,2026-04-03,111.63
1238,loyal,2026-02-16,132.01
1238,loyal,2026-02-10,108.98
1238,loyal,2026-01-16,109.39
1238,loyal,2025-11-24,113.59
1238,loyal,2025-11-20,98.1
1238,loyal,2025-10-07,125.13
1238,loyal,2025-10-01,125.06
1238,loyal,2025-07-07,134.57
1238,loyal,2025-05-12,129.19
1238,loyal,2025-05-07,170.0
1238,loyal,2025-04-10,141.58
1239,loyal,2026-07-15,137.23
1239,loyal,2026-07-11,71.35
1239,loyal,2026-05-07,66.72
1239,loyal,2026-04-27,144.79
1239,loyal,2026-04-07,163.69
1239,loyal,2026-04-02,89.98
1239,loyal,2026-03-03,140.09
1239,loyal,2026-02-24,133.9
1239,loyal,2026-01-23,107.25
1239,loyal,2025-10-19,150.07
1239,loyal,2025-04-14,105.09
1239,loyal,2025-03-24,125.53
1239,loyal,2025-03-22,72.39
1239,loyal,2025-03-17,73.67
1240,low_value,2025-06-08,82.95
1240,low_value,2025-04-10,53.78
1241,at_risk,2025-09-16,69.73
1241,at_risk,2025-09-09,57.03
1241,at_risk,2025-08-21,92.63
1241,at_risk,2025-08-19,66.0
1241,at_risk,2025-04-30,101.5
1241,at_risk,2025-04-18,58.85
1242,at_risk,2026-03-05,82.26
1242,at_risk,2026-01-19,147.43
1242,at_risk,2026-01-12,188.77
1242,at_risk,2026-01-10,75.12
1242,at_risk,2025-12-06,105.29
1242,at_risk,2025-11-06,131.33
1242,at_risk,2025-10-29,85.7
1242,at_risk,2025-10-05,60.2
1242,at_risk,2025-06-28,155.84
1242,at_risk,2025-03-12,119.02
1243,champion,2026-07-28,172.85
1243,champion,2026-07-22,179.39
1243,champion,2026-07-08,150.98
1243,champion,2026-07-04,125.33
1243,champion,2026-05-29,192.35
1243,champion,2026-05-27,158.66
1243,champion,2026-05-21,158.55
1243,champion,2026-05-14,176.45
1243,champion,2026-05-06,182.09
1243,champion,2026-05-02,180.3
1243,champion,2026-05-01,249.53
1243,champion,2026-04-23,206.5
1243,champion,2026-04-20,264.31
1243,champion,2026-04-10,162.44
1243,champion,2026-03-20,211.35
1243,champion,2026-01-30,164.66
1243,champion,2025-11-01,157.55
1243,champion,2025-09-06,265.82
1243,champion,2025-09-05,149.27
1243,champion,2025-08-23,90.73
1243,champion,2025-06-12,151.68
1243,champion,2025-06-09,99.67
1243,champion,2025-06-08,141.95
1243,champion,2025-05-12,145.65
1243,champion,2025-04-15,181.41
1243,champion,2025-03-28,98.02
1244,at_risk,2026-04-14,109.45
1244,at_risk,2025-12-24,131.02
1244,at_risk,2025-12-12,123.88
1244,at_risk,2025-08-21,106.26
1244,at_risk,2025-05-28,103.14
1245,loyal,2026-06-29,105.95
1245,loyal,2026-06-20,136.42
1245,loyal,2026-06-07,94.21
1245,loyal,2026-05-25,115.6
1245,loyal,2026-05-03,173.28
1245,loyal,2026-02-23,119.95
1245,loyal,2026-01-27,42.82
1245,loyal,2026-01-26,67.7
1245,loyal,2026-01-16,102.47
1245,loyal,2025-09-10,85.89
1245,loyal,2025-04-07,113.1
1246,new,2026-05-14,37.45
1246,new,2026-04-25,77.83
1246,new,2025-12-01,103.81
1246,new,2025-11-28,98.76
1246,new,2025-10-20,76.88
1246,new,2025-07-14,123.64
1246,new,2025-07-02,54.3
1246,new,2025-04-21,40.36
1247,loyal,2026-08-23,136.22
1247,loyal,2026-08-04,77.28
1247,loyal,2026-07-29,94.9
1247,loyal,2026-03-03,160.97
1247,loyal,2026-02-28,79.28
1247,loyal,2026-02-05,90.24
1247,loyal,2026-01-24,72.41
1247,loyal,2025-12-20,85.18
1247,loyal,2025-11-07,114.15
1247,loyal,2025-11-05,131.2
1247,loyal,2025-11-02,109.44
1247,loyal,2025-09-19,100.26
1247,loyal,2025-08-30,72.72
1247,loyal,2025-08-11,88.19
1247,loyal,2025-08-07,63.62
1247,loyal,2025-06-06,132.1
1247,loyal,2025-03-31,134.18
1248,low_value,2025-11-19,24.52
1248,low_value,2025-10-18,38.03
1249,low_value,2026-06-02,65.61
1249,low_value,2026-04-02,30.71
1249,low_value,2025-12-25,10.0
1249,low_value,2025-11-23,10.0
1249,low_value,2025-04-29,50.23
1250,loyal,2026-01-30,79.41
1250,loyal,2026-01-16,104.85
1250,loyal,2026-01-12,144.19
1250,loyal,2026-01-07,112.43
1250,loyal,2025-12-31,143.07
1250,loyal,2025-11-26,148.98
1250,loyal,2025-11-07,57.29
1250,loyal,2025-10-27,44.67
1250,loyal,2025-10-08,144.86
1250,loyal,2025-07-25,146.07
1250,loyal,2025-07-13,117.7
1250,loyal,2025-06-06,121.77
1250,loyal,2025-03-23,136.79
1251,loyal,2026-07-02,84.22
1251,loyal,2026-05-16,87.71
1251,loyal,2026-02-21,177.02
1251,loyal,2026-02-15,83.24
1251,loyal,2026-01-06,121.1
1251,loyal,2025-12-09,127.39
1251,loyal,2025-09-04,108.37
1251,loyal,2025-05-05,130.14
1252,loyal,2026-08-08,120.27
1252,loyal,2026-07-11,82.25
1252,loyal,2026-06-12,117.73
1252,loyal,2026-05-15,103.23
1252,loyal,2026-02-21,85.19
1252,loyal,2025-10-26,84.82
1252,loyal,2025-09-03,183.05
1252,loyal,2025-08-11,112.74
1253,new,2026-06-05,58.26
1253,new,2026-05-07,54.79
1253,new,2026-03-28,76.91
1253,new,2025-11-09,125.66
1253,new,2025-09-30,103.29
1253,new,2025-08-21,118.55
1254,loyal,2026-07-15,87.46
1254,loyal,2026-07-07,117.69
1254,loyal,2026-06-07,107.11
1254,loyal,2026-02-09,103.9
1254,loyal,2025-11-23,89.62
1254,loyal,2025-11-21,137.45
1254,loyal,2025-11-20,120.36
1254,loyal,2025-10-15,117.34
1254,loyal,2025-09-22,171.52
1254,loyal,2025-08-31,124.21
1254,loyal,2025-08-13,146.01
1254,loyal,2025-06-25,118.19
1254,loyal,2025-05-27,99.41
1254,loyal,2025-04-21,78.23
1254,loyal,2025-04-19,117.24
1254,loyal,2025-04-16,30.1
1254,loyal,2025-03-31,118.17
1255,low_value,2025-11-11,38.25
1255,low_value,2025-05-11,25.56
1256,low_value,2026-04-13,71.92
1256,low_value,2026-01-25,54.39
1256,low_value,2025-09-28,44.31
1257,low_value,2026-06-26,22.21
1257,low_value,2025-10-02,63.14
1257,low_value,2025-03-22,75.1
1258,new,2026-04-23,62.46
1258,new,2026-03-20,108.43
1258,new,2025-09-08,110.87
1259,low_value,2025-09-11,67.67
1259,low_value,2025-07-18,27.55
1260,champion,2026-07-25,270.21
1260,champion,2026-07-19,154.59
1260,champion,2026-07-13,189.6
1260,champion,2026-07-12,202.85
1260,champion,2026-07-02,168.33
1260,champion,2026-04-21,235.29
1260,champion,2026-03-26,201.81
1260,champion,2026-03-25,171.8
1260,champion,2026-03-20,234.85
1260,champion,2026-03-19,139.38
1260,champion,2026-02-09,157.38
1260,champion,2026-02-03,202.5
1260,champion,2025-11-28,212.06
1260,champion,2025-11-26,192.9
1260,champion,2025-10-29,174.91
1260,champion,2025-10-15,169.94
1260,champion,2025-09-24,225.26
1260,champion,2025-09-21,189.62
1260,champion,2025-09-09,145.11
1260,champion,2025-07-12,142.8
1260,champion,2025-06-30,240.54
1260,champion,2025-06-06,151.25
1260,champion,2025-05-15,190.91
1260,champion,2025-04-04,234.04
1260,champion,2025-04-02,201.68
1261,at_risk,2026-07-15,103.81
1261,at_risk,2026-07-09,134.38
1261,at_risk,2026-07-08,143.51
1261,at_risk,2026-06-25,104.04
1261,at_risk,2026-06-22,106.15
1261,at_risk,2026-06-15,75.49
1261,at_risk,2026-05-16,60.43
1261,at_risk,2026-04-27,139.87
1261,at_risk,2025-12-15,116.2
1261,at_risk,2025-12-10,119.04
1261,at_risk,2025-10-30,74.33
1261,at_risk,2025-08-10,151.84
1261,at_risk,2025-06-18,87.0
1261,at_risk,2025-06-13,66.94
1261,at_risk,2025-06-09,74.92
1261,at_risk,2025-04-24,149.99
1261,at_risk,2025-03-29,56.11
1262,at_risk,2026-07-08,90.82
1262,at_risk,2026-07-04,192.57
1262,at_risk,2026-03-17,126.01
1262,at_risk,2025-11-11,108.05
1262,at_risk,2025-08-13,52.13
1262,at_risk,2025-07-13,20.8
1263,low_value,2026-02-03,44.22
1263,low_value,2026-01-01,59.13
1263,low_value,2025-11-12,27.96
1263,low_value,2025-08-06,64.56
1263,low_value,2025-08-03,33.41
1264,new,2026-08-05,63.12
1264,new,2026-01-14,17.29
1264,new,2026-01-09,82.84
1264,new,2025-12-30,43.04
1264,new,2025-11-09,88.55
1264,new,2025-10-18,69.97
1264,new,2025-07-24,93.58
1264,new,2025-05-08,46.29
1265,low_value,2026-03-09,51.9
1265,low_value,2025-09-15,51.35
1265,low_value,2025-08-02,36.99
1265,low_value,2025-07-26,50.96
1266,loyal,2026-08-16,97.33
1266,loyal,2026-07-03,139.09
1266,loyal,2026-04-22,97.02
1266,loyal,2026-04-15,120.65
1266,loyal,2026-04-12,106.24
1266,loyal,2026-04-08,111.33
1266,loyal,2026-01-05,112.79
1266,loyal,2025-11-12,96.63
1266,loyal,2025-11-12,73.11
1266,loyal,2025-10-10,132.98
1266,loyal,2025-10-03,157.81
1266,loyal,2025-09-10,159.78
1266,loyal,2025-06-23,93.4
1266,loyal,2025-06-04,88.0
1266,loyal,2025-04-27,93.37
1266,loyal,2025-03-23,104.72
1267,low_value,2026-04-06,60.6
1267,low_value,2026-03-25,65.95
1267,low_value,2025-12-09,66.42
1267,low_value,2025-09-23,38.07
1267,low_value,2025-09-17,22.3
1268,new,2026-06-06,84.28
1268,new,2026-02-23,71.59
1268,new,2025-12-06,81.71
1268,new,2025-10-21,61.56
1268,new,2025-10-19,64.91
1268,new,2025-05-12,67.71
1269,new,2026-04-23,11.57
1269,new,2026-02-08,32.16
1269,new,2026-01-23,122.31
1269,new,2025-12-12,71.26
1269,new,2025-10-11,45.04
1269,new,2025-09-23,76.07
1270,low_value,2025-08-12,29.23
1271,at_risk,2026-01-27,138.87
1271,at_risk,2025-12-30,140.69
1271,at_risk,2025-11-29,73.08
1271,at_risk,2025-11-07,33.4
1271,at_risk,2025-08-11,70.1
1271,at_risk,2025-05-21,63.61
1271,at_risk,2025-04-28,124.11
1272,at_risk,2026-06-13,74.8
1272,at_risk,2026-06-13,132.19
1272,at_risk,2026-03-14,94.36
1272,at_risk,2025-11-15,85.3
1272,at_risk,2025-09-01,142.71
1272,at_risk,2025-08-18,49.41
1272,at_risk,2025-08-04,145.2
1272,at_risk,2025-07-12,72.62
1272,at_risk,2025-06-23,100.68
1273,new,2026-04-08,57.97
1273,new,2025-10-01,98.97
1273,new,2025-04-11,95.68
1274,loyal,2026-04-23,30.96
1274,loyal,2026-04-23,115.87
1274,loyal,2026-04-21,102.95
1274,loyal,2025-12-14,114.82
1274,loyal,2025-10-18,75.8
1274,loyal,2025-08-10,120.52
1274,loyal,2025-07-24,116.18
1274,loyal,2025-07-10,192.83
1274,loyal,2025-06-17,113.9
1274,loyal,2025-05-11,150.45
1274,loyal,2025-05-01,65.04
1275,at_risk,2026-05-17,113.01
1275,at_risk,2025-12-05,57.12
1275,at_risk,2025-09-02,110.34
1275,at_risk,2025-07-19,66.81
1275,at_risk,2025-05-26,85.15
1275,at_risk,2025-04-09,75.93
1276,loyal,2026-07-22,109.45
1276,loyal,2026-05-08,126.11
1276,loyal,2026-04-23,130.83
1276,loyal,2026-03-30,71.82
1276,loyal,2026-03-28,83.99
1276,loyal,2026-01-15,128.34
1276,loyal,2025-12-31,98.97
1276,loyal,2025-11-28,68.08
1276,loyal,2025-10-03,107.87
1276,loyal,2025-09-23,106.43
1276,loyal,2025-06-15,115.31
1276,loyal,2025-05-31,125.88
1276,loyal,2025-05-20,123.97
1276,loyal,2025-04-12,86.95
1277,loyal,2026-08-09,77.89
1277,loyal,2026-08-08,67.35
1277,loyal,2026-06-10,133.65
1277,loyal,2026-04-17,52.63
1277,loyal,2025-12-03,107.64
1277,loyal,2025-10-15,131.54
1277,loyal,2025-08-18,115.63
1277,loyal,2025-08-17,96.8
1277,loyal,2025-07-12,120.39
1277,loyal,2025-07-05,141.11
1277,loyal,2025-03-15,106.77
1277,loyal,2025-03-13,42.83
1278,low_value,2026-04-18,39.03
1278,low_value,2025-03-25,27.49
1279,new,2026-06-03,57.61
1279,new,2025-06-11,54.44
1279,new,2025-03-13,58.63
1280,at_risk,2026-05-01,73.82
1280,at_risk,2026-02-16,152.35
1280,at_risk,2026-01-13,96.15
1280,at_risk,2025-11-30,148.48
1280,at_risk,2025-07-17,199.5
1280,at_risk,2025-07-03,77.78
1280,at_risk,2025-07-02,53.1
1280,at_risk,2025-05-10,85.71
1281,at_risk,2026-03-25,10.0
1281,at_risk,2025-06-27,93.61
1281,at_risk,2025-04-12,54.62
1282,at_risk,2026-01-07,151.33
1282,at_risk,2025-12-20,156.68
1282,at_risk,2025-11-07,90.66
1282,at_risk,2025-11-01,96.59
1282,at_risk,2025-10-30,93.22
1283,new,2026-06-07,92.54
1283,new,2026-05-20,74.92
1283,new,2026-05-01,73.57
1283,new,2025-09-30,95.64
1283,new,2025-06-17,91.08
1283,new,2025-04-18,34.89
1284,low_value,2026-07-09,28.66
1284,low_value,2026-06-05,68.19
1284,low_value,2025-11-16,10.0
1284,low_value,2025-06-30,34.93
1284,low_value,2025-04-21,67.96
1285,low_value,2026-04-16,35.32
1285,low_value,2026-01-10,79.35
1285,low_value,2025-09-20,39.59
1285,low_value,2025-08-24,68.87
1285,low_value,2025-07-11,50.26
1285,low_value,2025-05-20,81.54
1286,at_risk,2026-05-05,77.04
1286,at_risk,2026-02-17,111.32
1286,at_risk,2026-02-04,150.27
1286,at_risk,2025-06-26,106.47
1286,at_risk,2025-05-30,142.03
1286,at_risk,2025-05-08,150.26
1286,at_risk,2025-05-05,74.47
1286,at_risk,2025-04-06,104.62
1286,at_risk,2025-04-05,80.13
1287,at_risk,2026-07-11,134.43
1287,at_risk,2026-07-05,83.75
1287,at_risk,2026-05-20,98.88
1287,at_risk,2025-10-21,88.05
1287,at_risk,2025-06-27,112.76
1287,at_risk,2025-06-14,131.5
1288,new,2026-08-13,97.45
1288,new,2026-08-08,49.93
1288,new,2026-06-30,127.14
1288,new,2026-05-09,65.58
1288,new,2026-02-14,73.75
1288,new,2025-12-30,108.57
1289,new,2025-03-13,58.94
1290,new,2026-05-22,42.35
1290,new,2026-03-23,21.53
1290,new,2026-03-21,44.94
1290,new,2025-11-07,90.66
1290,new,2025-10-19,33.83
1290,new,2025-07-06,47.99
1290,new,2025-06-04,80.45
1291,low_value,2026-03-28,30.67
1291,low_value,2026-02-23,47.48
1291,low_value,2025-09-30,59.46
1291,low_value,2025-06-07,41.47
1291,low_value,2025-04-22,63.27
1292,new,2026-06-25,78.94
1292,new,2026-03-18,49.83
1292,new,2025-08-29,120.22
1292,new,2025-04-30,67.44
1292,new,2025-04-06,69.81
1293,at_risk,2026-06-27,99.26
1293,at_risk,2026-04-16,102.32
1293,at_risk,2026-01-04,70.15
1293,at_risk,2025-12-28,76.84
1293,at_risk,2025-08-13,102.58
1293,at_risk,2025-08-01,59.26
1293,at_risk,2025-07-18,73.86
1293,at_risk,2025-05-06,113.69
1293,at_risk,2025-03-24,94.17
1293,at_risk,2025-03-19,78.3
1294,at_risk,2026-06-21,105.98
1294,at_risk,2026-06-02,71.01
1294,at_risk,2026-05-06,120.86
1294,at_risk,2026-03-16,105.27
1294,at_risk,2025-09-25,138.91
1294,at_risk,2025-08-14,120.13
1294,at_risk,2025-08-09,70.73
1295,at_risk,2026-07-22,65.34
1295,at_risk,2026-07-20,168.78
1295,at_risk,2026-04-08,163.91
1295,at_risk,2025-12-18,123.03
1295,at_risk,2025-08-30,96.35
1296,loyal,2026-06-17,59.7
1296,loyal,2026-03-16,136.7
1296,loyal,2026-02-09,109.77
1296,loyal,2025-11-29,104.03
1296,loyal,2025-09-09,124.79
1296,loyal,2025-04-14,57.72
1296,loyal,2025-03-20,109.66
1297,loyal,2026-07-26,125.17
1297,loyal,2026-07-21,78.25
1297,loyal,2026-07-13,83.93
1297,loyal,2026-06-01,101.73
1297,loyal,2026-05-21,138.72
1297,loyal,2026-04-24,116.99
1297,loyal,2026-02-16,103.8
1297,loyal,2026-02-03,151.17
1297,loyal,2026-01-16,50.53
1297,loyal,2026-01-16,71.13
1297,loyal,2025-11-13,35.1
1297,loyal,2025-10-14,146.25
1297,loyal,2025-09-13,107.1
1297,loyal,2025-09-03,138.99
1297,loyal,2025-08-03,106.72
1297,loyal,2025-06-17,140.7
1297,loyal,2025-05-25,106.2
1297,loyal,2025-05-11,122.3
1297,loyal,2025-03-14,117.91
1298,low_value,2026-03-28,37.04
1298,low_value,2025-10-13,34.31
1298,low_value,2025-09-14,75.6
1299,at_risk,2026-01-16,43.19
1299,at_risk,2025-12-05,104.84
1299,at_risk,2025-11-22,141.09
1299,at_risk,2025-11-18,101.01
1299,at_risk,2025-08-04,49.15
1299,at_risk,2025-05-25,83.32
1299,at_risk,2025-03-14,114.49
1299,at_risk,2025-03-11,157.85
1300,loyal,2026-05-28,69.89
1300,loyal,2026-04-28,152.77
1300,loyal,2026-04-18,134.86
1300,loyal,2025-10-22,126.91
1300,loyal,2025-09-30,89.27
1300,loyal,2025-09-17,139.56
1300,loyal,2025-06-18,171.27
1300,loyal,2025-06-12,106.36
1300,loyal,2025-05-10,112.83
1300,loyal,2025-05-09,78.04
1300,loyal,2025-04-29,88.41
1300,loyal,2025-04-13,77.76
1300,loyal,2025-04-04,113.92
1301,new,2026-06-19,62.53
1301,new,2026-04-06,75.43
1301,new,2026-04-04,23.25
1301,new,2026-03-26,38.93
1301,new,2026-01-15,60.25
1301,new,2025-12-13,104.39
1301,new,2025-10-04,83.18
1301,new,2025-04-09,73.25
1302,low_value,2026-02-21,11.14
1302,low_value,2025-11-10,49.22
1302,low_value,2025-10-02,74.39
1302,low_value,2025-04-26,24.17
1303,loyal,2026-08-03,70.21
1303,loyal,2026-07-15,81.07
1303,loyal,2026-04-20,128.12
1303,loyal,2026-04-13,100.92
1303,loyal,2026-03-19,143.36
1303,loyal,2026-02-28,119.32
1303,loyal,2026-02-01,111.69
1303,loyal,2026-01-30,104.89
1303,loyal,2026-01-10,118.78
1303,loyal,2025-12-03,134.09
1303,loyal,2025-07-14,126.02
1303,loyal,2025-05-09,97.31
1304,low_value,2026-04-16,49.83
1304,low_value,2025-09-25,77.8
1304,low_value,2025-05-15,49.4
1305,low_value,2026-03-03,81.69
1305,low_value,2025-12-28,41.2
1305,low_value,2025-05-20,34.04
1305,low_value,2025-03-21,10.0
1306,new,2026-04-13,114.29
1306,new,2025-12-12,125.36
1306,new,2025-09-18,62.45
1306,new,2025-05-24,48.04
1306,new,2025-03-19,115.84
1307,low_value,2026-03-28,45.13
1307,low_value,2025-10-01,56.54
1307,low_value,2025-07-11,54.35
1307,low_value,2025-04-04,40.86
1307,low_value,2025-03-31,64.76
1308,champion,2026-08-03,101.8
1308,champion,2026-08-02,203.44
1308,champion,2026-07-27,264.41
1308,champion,2026-07-21,185.98
1308,champion,2026-07-10,191.65
1308,champion,2026-07-07,195.17
1308,champion,2026-06-20,187.93
1308,champion,2026-06-14,274.02
1308,champion,2026-05-29,146.27
1308,champion,2026-05-25,141.25
1308,champion,2026-05-10,166.9
1308,champion,2026-05-01,249.63
1308,champion,2026-04-12,156.92
1308,champion,2026-03-07,197.21
1308,champion,2026-02-22,222.84
1308,champion,2026-01-16,211.16
1308,champion,2026-01-09,220.72
1308,champion,2025-12-14,236.72
1308,champion,2025-12-06,192.33
1308,champion,2025-11-24,161.72
1308,champion,2025-11-12,185.89
1308,champion,2025-09-03,166.44
1308,champion,2025-08-20,280.86
1308,champion,2025-08-11,158.69
1308,champion,2025-07-05,199.33
1308,champion,2025-05-15,119.97
1308,champion,2025-04-12,185.31
1308,champion,2025-03-24,168.52
1309,low_value,2026-05-28,71.75
1310,at_risk,2026-07-01,138.63
1310,at_risk,2026-04-21,84.93
1310,at_risk,2025-12-04,98.55
1310,at_risk,2025-09-04,118.25
1310,at_risk,2025-07-15,83.26
1310,at_risk,2025-04-07,108.39
1310,at_risk,2025-03-29,103.78
1311,low_value,2025-07-25,43.72
1311,low_value,2025-07-09,42.72
1311,low_value,2025-06-29,36.84
1311,low_value,2025-05-10,52.66
1312,new,2026-08-07,84.52
1312,new,2026-07-24,41.05
1312,new,2026-05-31,91.46
1312,new,2026-05-05,27.73
1312,new,2026-04-21,102.97
1312,new,2025-12-10,58.12
1312,new,2025-09-28,108.28
1312,new,2025-07-10,48.99
1312,new,2025-07-03,118.12
1312,new,2025-03-11,46.06
1313,champion,2026-07-11,159.4
1313,champion,2026-05-26,157.54
1313,champion,2026-04-24,152.05
1313,champion,2026-04-15,255.87
1313,champion,2026-03-02,154.29
1313,champion,2026-02-18,231.87
1313,champion,2026-02-04,138.74
1313,champion,2026-01-09,200.26
1313,champion,2025-12-29,190.5
1313,champion,2025-12-26,229.33
1313,champion,2025-12-24,223.54
1313,champion,2025-10-27,183.28
1313,champion,2025-09-19,158.52
1313,champion,2025-09-03,245.0
1313,champion,2025-08-09,154.52
1313,champion,2025-07-14,89.29
1313,champion,2025-07-13,105.66
1313,champion,2025-04-24,115.4
1313,champion,2025-04-13,203.83
1313,champion,2025-03-27,268.58
1313,champion,2025-03-25,98.4
1314,champion,2026-08-10,212.62
1314,champion,2026-07-20,156.77
1314,champion,2026-06-15,187.46
1314,champion,2026-06-05,131.17
1314,champion,2026-06-03,222.51
1314,champion,2026-03-16,206.08
1314,champion,2026-02-16,180.79
1314,champion,2026-02-03,186.75
1314,champion,2026-01-25,124.26
1314,champion,2026-01-24,126.04
1314,champion,2026-01-23,175.12
1314,champion,2026-01-10,200.55
1314,champion,2026-01-03,202.58
1314,champion,2025-12-28,165.48
1314,champion,2025-12-13,209.82
1314,champion,2025-12-08,236.83
1314,champion,2025-11-07,176.45
1314,champion,2025-10-29,192.39
1314,champion,2025-09-30,171.69
1314,champion,2025-09-26,174.95
1314,champion,2025-07-30,186.78
1314,champion,2025-06-10,248.13
1314,champion,2025-05-01,216.61
1314,champion,2025-04-09,213.01
1315,low_value,2026-01-30,79.47
1315,low_value,2025-07-25,10.0
1316,new,2026-07-31,40.63
1316,new,2026-06-20,10.0
1316,new,2026-04-25,78.39
1317,champion,2026-08-14,172.48
1317,champion,2026-07-26,218.85
1317,champion,2026-07-12,197.99
1317,champion,2026-06-14,189.68
1317,champion,2026-06-01,179.72
1317,champion,2026-04-25,192.36
1317,champion,2026-03-24,140.24
1317,champion,2026-02-26,211.21
1317,champion,2026-02-17,213.85
1317,champion,2026-02-15,165.79
1317,champion,2026-01-23,197.48
1317,champion,2026-01-19,111.34
1317,champion,2025-12-23,187.2
1317,champion,2025-11-12,174.67
1317,champion,2025-11-08,230.37
1317,champion,2025-10-25,172.05
1317,champion,2025-10-04,214.75
1317,champion,2025-08-26,164.35
1317,champion,2025-07-23,88.56
1317,champion,2025-07-09,170.98
1317,champion,2025-06-15,187.87
1317,champion,2025-06-05,186.03
1317,champion,2025-05-09,186.64
1317,champion,2025-03-11,159.74
1318,low_value,2025-12-05,10.0
1319,low_value,2026-05-16,66.6
1320,new,2026-08-21,59.79
1320,new,2026-08-02,44.79
1320,new,2026-07-02,86.32
1320,new,2025-03-23,22.3
1321,new,2026-06-07,85.73
1321,new,2026-02-14,70.08
1321,new,2025-12-09,95.5
1321,new,2025-11-13,75.74
1321,new,2025-08-19,88.87
1321,new,2025-07-01,105.71
1321,new,2025-05-24,72.31
1321,new,2025-03-21,59.39
1322,champion,2026-08-29,194.81
1322,champion,2026-08-03,198.02
1322,champion,2026-07-26,209.62
1322,champion,2026-07-17,103.69
1322,champion,2026-06-18,134.91
1322,champion,2026-06-09,202.2
1322,champion,2026-05-10,188.46
1322,champion,2026-05-04,219.08
1322,champion,2026-04-22,118.24
1322,champion,2026-04-21,160.99
1322,champion,2026-04-10,168.14
1322,champion,2026-04-02,186.66
1322,champion,2026-02-04,181.44
1322,champion,2025-12-03,198.76
1322,champion,2025-10-28,175.41
1322,champion,2025-10-24,234.89
1322,champion,2025-09-05,247.65
1322,champion,2025-08-25,135.28
1322,champion,2025-08-08,181.8
1322,champion,2025-07-10,211.92
1322,champion,2025-04-25,203.41
1322,champion,2025-03-30,163.69
1323,low_value,2025-11-12,15.79
1324,at_risk,2026-02-22,80.14
1324,at_risk,2026-02-06,95.75
1324,at_risk,2025-12-20,75.51
1324,at_risk,2025-05-08,130.71
1325,low_value,2026-06-11,22.94
1325,low_value,2026-05-18,39.63
1325,low_value,2026-05-11,44.39
1325,low_value,2026-04-27,44.63
1325,low_value,2025-11-20,52.62
1325,low_value,2025-09-29,38.12
1326,at_risk,2026-04-27,36.12
1326,at_risk,2026-02-01,111.76
1326,at_risk,2025-09-02,63.7
1326,at_risk,2025-06-16,72.34
1326,at_risk,2025-05-17,136.08
1326,at_risk,2025-05-16,18.59
1326,at_risk,2025-04-26,106.29
1326,at_risk,2025-04-14,106.16
1327,new,2026-04-16,78.91
1327,new,2026-04-11,75.69
1327,new,2026-03-06,50.62
1327,new,2026-01-20,74.5
1327,new,2026-01-12,41.38
1327,new,2025-12-27,59.34
1327,new,2025-10-28,38.38
1327,new,2025-08-21,66.24
1328,loyal,2026-07-31,94.52
1328,loyal,2026-07-27,77.05
1328,loyal,2026-06-08,111.3
1328,loyal,2026-05-10,115.46
1328,loyal,2026-01-28,106.33
1328,loyal,2026-01-08,126.51
1328,loyal,2025-12-21,92.45
1328,loyal,2025-12-04,108.62
1328,loyal,2025-11-16,79.9
1328,loyal,2025-11-12,118.54
1328,loyal,2025-11-09,112.28
1328,loyal,2025-11-06,74.04
1328,loyal,2025-10-08,105.35
1328,loyal,2025-10-06,108.87
1328,loyal,2025-10-03,118.43
1328,loyal,2025-10-02,119.54
1328,loyal,2025-05-24,88.36
1329,loyal,2026-08-14,112.54
1329,loyal,2026-07-28,38.12
1329,loyal,2026-07-27,100.03
1329,loyal,2026-06-30,96.69
1329,loyal,2026-06-15,146.32
1329,loyal,2026-04-27,83.87
1329,loyal,2026-03-05,126.89
1329,loyal,2025-11-25,106.79
1329,loyal,2025-11-23,66.63
1329,loyal,2025-08-12,93.43
1329,loyal,2025-06-01,155.95
1329,loyal,2025-03-22,104.8
1330,low_value,2026-01-17,10.0
1330,low_value,2026-01-04,28.48
1330,low_value,2025-12-05,46.63
1330,low_value,2025-11-25,95.41
1330,low_value,2025-11-20,61.32
1330,low_value,2025-04-23,35.35
1331,new,2026-08-07,95.65
1331,new,2026-03-12,21.53
1331,new,2025-12-23,60.08
1331,new,2025-07-09,39.66
1332,new,2026-03-18,94.27
1332,new,2025-12-22,59.54
1332,new,2025-09-23,60.09
1332,new,2025-07-13,60.2
1333,low_value,2025-09-26,52.82
1334,low_value,2026-05-20,10.0
1334,low_value,2026-02-20,64.3
1334,low_value,2026-02-14,46.54
1334,low_value,2025-04-24,10.0
1335,low_value,2025-06-30,38.25
1336,loyal,2026-07-19,128.16
1336,loyal,2026-07-13,124.52
1336,loyal,2026-05-02,115.45
1336,loyal,2026-04-11,89.24
1336,loyal,2026-02-01,102.42
1336,loyal,2026-01-24,107.63
1336,loyal,2026-01-05,135.39
1336,loyal,2025-11-28,122.78
1336,loyal,2025-11-25,82.16
1336,loyal,2025-10-03,133.69
1336,loyal,2025-09-27,59.64
1336,loyal,2025-09-24,100.39
1336,loyal,2025-09-19,75.74
1336,loyal,2025-08-19,84.29
1336,loyal,2025-06-03,167.8
1336,loyal,2025-06-02,65.88
1336,loyal,2025-04-22,85.42
1336,loyal,2025-04-11,125.31
1337,new,2026-07-27,70.52
1337,new,2026-06-25,79.02
1337,new,2025-09-15,79.04
1337,new,2025-07-26,67.69
1337,new,2025-03-12,54.87
1338,low_value,2025-09-22,69.08
1338,low_value,2025-07-04,109.05
1338,low_value,2025-04-24,10.0
1339,at_risk,2026-05-27,101.64
1339,at_risk,2026-03-21,101.36
1339,at_risk,2026-01-24,28.08
1339,at_risk,2025-11-28,69.92
1339,at_risk,2025-11-17,69.27
1339,at_risk,2025-09-07,73.98
1339,at_risk,2025-09-04,57.56
1339,at_risk,2025-06-14,96.53
1339,at_risk,2025-04-02,143.91
1340,loyal,2026-08-06,150.59
1340,loyal,2026-02-14,92.72
1340,loyal,2026-02-06,112.28
1340,loyal,2025-08-21,97.13
1340,loyal,2025-08-02,91.11
1340,loyal,2025-05-02,115.69
1340,loyal,2025-03-23,90.1
1341,low_value,2026-03-11,59.19
1341,low_value,2026-02-28,77.88
1341,low_value,2026-01-11,54.97
1341,low_value,2026-01-10,78.24
1341,low_value,2025-05-12,33.03
1342,new,2026-06-04,41.2
1342,new,2026-03-19,22.57
1342,new,2026-02-04,55.11
1342,new,2025-11-28,35.44
1342,new,2025-09-05,49.11
1343,new,2026-06-28,74.75
1343,new,2026-05-10,105.2
1343,new,2026-03-31,60.04
1343,new,2026-02-12,136.53
1343,new,2025-10-02,88.98
1343,new,2025-09-24,10.82
1343,new,2025-09-09,33.66
1343,new,2025-03-12,75.92
1344,low_value,2026-01-26,10.0
1344,low_value,2026-01-26,65.91
1344,low_value,2025-04-09,66.49
1345,new,2026-01-17,68.3
1345,new,2026-01-10,107.15
1345,new,2025-12-16,60.49
1345,new,2025-12-06,60.75
1345,new,2025-08-14,78.38
1346,at_risk,2026-04-20,70.06
1346,at_risk,2026-02-19,70.31
1346,at_risk,2025-11-28,113.9
1346,at_risk,2025-09-20,110.45
1346,at_risk,2025-04-23,97.51
1346,at_risk,2025-04-07,123.64
1346,at_risk,2025-03-15,103.84
1347,at_risk,2026-02-24,162.79
1347,at_risk,2025-11-22,96.02
1347,at_risk,2025-11-07,158.37
1347,at_risk,2025-10-10,125.32
1347,at_risk,2025-07-14,172.65
1348,at_risk,2025-12-19,120.36
1348,at_risk,2025-09-10,121.25
1348,at_risk,2025-08-01,106.88
1348,at_risk,2025-06-23,66.14
1348,at_risk,2025-06-13,71.72
1348,at_risk,2025-04-30,111.14
1349,loyal,2026-06-08,112.99
1349,loyal,2026-05-25,167.24
1349,loyal,2026-05-14,105.08
1349,loyal,2026-04-26,110.94
1349,loyal,2026-01-12,80.27
1349,loyal,2025-08-09,99.58
1349,loyal,2025-05-16,74.3
1349,loyal,2025-05-14,63.64
1349,loyal,2025-05-01,74.81
1349,loyal,2025-04-27,112.56
1350,low_value,2026-04-26,42.86
1350,low_value,2026-01-26,56.27
1350,low_value,2026-01-02,45.99
1350,low_value,2025-12-07,49.52
1350,low_value,2025-09-02,40.07
1350,low_value,2025-06-23,36.7
1350,low_value,2025-04-21,64.92
1350,low_value,2025-03-12,10.0
1351,low_value,2026-04-02,59.8
1351,low_value,2025-08-04,61.16
1351,low_value,2025-06-16,14.07
1352,loyal,2026-05-29,71.65
1352,loyal,2026-02-22,156.91
1352,loyal,2025-12-05,91.68
1352,loyal,2025-10-25,135.87
1352,loyal,2025-09-08,101.14
1352,loyal,2025-09-05,113.47
1352,loyal,2025-08-21,127.87
1352,loyal,2025-08-14,91.6
1352,loyal,2025-07-10,134.03
1352,loyal,2025-06-01,102.02
1352,loyal,2025-03-30,115.34
1352,loyal,2025-03-20,30.64
1353,at_risk,2026-06-28,127.29
1353,at_risk,2026-04-14,117.04
1353,at_risk,2026-02-03,80.9
1353,at_risk,2025-06-13,104.85
1353,at_risk,2025-04-01,143.77
1354,low_value,2025-06-10,82.81
1354,low_value,2025-06-01,27.47
1354,low_value,2025-03-13,28.92
1355,champion,2026-08-05,155.4
1355,champion,2026-05-12,296.94
1355,champion,2026-05-03,235.34
1355,champion,2026-04-22,248.08
1355,champion,2026-03-30,212.1
1355,champion,2026-03-22,195.28
1355,champion,2026-02-25,163.9
1355,champion,2026-02-22,156.03
1355,champion,2026-02-13,148.0
1355,champion,2026-02-13,204.7
1355,champion,2026-01-07,242.42
1355,champion,2025-12-24,165.73
1355,champion,2025-12-14,151.11
1355,champion,2025-12-14,120.66
1355,champion,2025-12-05,189.79
1355,champion,2025-11-27,229.17
1355,champion,2025-11-22,231.17
1355,champion,2025-11-19,235.14
1355,champion,2025-08-28,196.62
1355,champion,2025-07-24,183.61
1355,champion,2025-07-09,231.29
1355,champion,2025-06-24,135.6
1355,champion,2025-06-14,162.37
1355,champion,2025-06-03,248.43
1355,champion,2025-05-01,137.02
1356,new,2026-08-16,38.08
1356,new,2026-03-19,69.68
1356,new,2025-11-09,73.4
1356,new,2025-07-26,80.41
1356,new,2025-07-23,101.85
1356,new,2025-05-16,115.98
1356,new,2025-03-15,70.94
1357,new,2026-05-06,87.68
1357,new,2026-02-11,58.42
1357,new,2026-01-16,81.57
1357,new,2025-10-08,86.69
1357,new,2025-07-21,73.5
1357,new,2025-06-10,52.47
1357,new,2025-05-10,94.03
1357,new,2025-04-14,90.94
1358,low_value,2026-02-03,28.92
1358,low_value,2026-01-18,44.66
1358,low_value,2025-10-02,44.85
1358,low_value,2025-09-03,67.15
1359,loyal,2026-07-10,96.98
1359,loyal,2026-04-23,100.39
1359,loyal,2026-04-20,107.67
1359,loyal,2025-09-14,128.59
1359,loyal,2025-08-29,113.19
1359,loyal,2025-08-03,128.44
1359,loyal,2025-03-11,97.94
1360,low_value,2026-02-24,36.5
1360,low_value,2025-08-25,36.99
1360,low_value,2025-05-02,40.1
1361,at_risk,2026-05-02,90.02
1361,at_risk,2026-04-01,129.01
1361,at_risk,2026-03-28,101.92
1361,at_risk,2026-02-25,130.13
1361,at_risk,2026-02-03,116.12
1361,at_risk,2026-01-26,102.13
1361,at_risk,2026-01-08,105.87
1361,at_risk,2025-11-25,55.7
1361,at_risk,2025-09-17,89.79
1361,at_risk,2025-08-24,132.94
1361,at_risk,2025-07-21,63.55
1361,at_risk,2025-05-04,69.97
1361,at_risk,2025-04-05,64.21
1362,new,2026-06-14,58.96
1362,new,2026-04-20,77.69
1362,new,2025-08-22,47.85
1362,new,2025-08-21,41.88
1362,new,2025-07-05,88.3
1362,new,2025-04-26,97.72
1363,champion,2026-08-22,158.82
1363,champion,2026-08-22,224.96
1363,champion,2026-08-16,163.8
1363,champion,2026-07-31,156.82
1363,champion,2026-06-17,134.91
1363,champion,2026-06-03,147.19
1363,champion,2026-05-17,150.62
1363,champion,2026-05-16,204.84
1363,champion,2026-05-12,139.24
1363,champion,2026-03-25,105.69
1363,champion,2026-02-28,192.13
1363,champion,2026-01-12,154.64
1363,champion,2026-01-03,179.35
1363,champion,2025-12-23,231.3
1363,champion,2025-11-08,182.86
1363,champion,2025-09-05,240.38
1363,champion,2025-08-20,177.27
1363,champion,2025-07-05,220.28
1363,champion,2025-06-17,158.1
1363,champion,2025-06-02,184.31
1363,champion,2025-03-28,142.68
1363,champion,2025-03-27,147.43
1363,champion,2025-03-23,171.01
1363,champion,2025-03-11,126.86
1364,new,2026-05-25,57.29
1364,new,2026-04-04,64.71
1364,new,2026-03-04,70.3
1364,new,2025-12-27,70.6
1364,new,2025-12-21,104.23
1364,new,2025-11-15,37.79
1364,new,2025-07-02,66.2
1364,new,2025-06-07,48.03
1364,new,2025-04-23,101.4
1364,new,2025-03-20,55.96
1365,new,2026-06-23,102.14
1365,new,2026-04-13,95.96
1365,new,2026-04-12,92.42
1365,new,2026-03-02,75.17
1365,new,2025-07-23,126.76
1366,loyal,2026-08-19,124.74
1366,loyal,2026-05-28,65.68
1366,loyal,2025-10-06,142.44
1367,loyal,2026-07-22,137.69
1367,loyal,2026-07-20,54.59
1367,loyal,2026-06-06,149.96
1367,loyal,2026-02-20,90.94
1367,loyal,2026-02-07,149.71
1367,loyal,2026-01-28,88.32
1367,loyal,2026-01-23,124.66
1367,loyal,2025-12-08,90.79
1367,loyal,2025-12-05,99.1
1367,loyal,2025-09-28,128.67
1367,loyal,2025-07-19,70.43
1368,loyal,2026-07-27,119.25
1368,loyal,2026-06-19,107.9
1368,loyal,2026-05-16,122.77
1368,loyal,2025-12-23,120.95
1368,loyal,2025-12-03,134.73
1368,loyal,2025-11-12,97.7
1368,loyal,2025-08-30,87.85
1368,loyal,2025-07-08,114.69
1368,loyal,2025-06-14,108.35
1368,loyal,2025-05-15,117.59
1368,loyal,2025-04-10,88.65
1368,loyal,2025-03-26,129.27
1369,at_risk,2026-05-19,39.52
1369,at_risk,2025-08-14,42.71
1369,at_risk,2025-03-29,99.09
1370,loyal,2026-02-21,152.64
1370,loyal,2026-02-16,79.07
1370,loyal,2026-02-12,148.82
1370,loyal,2026-01-28,52.39
1370,loyal,2025-12-27,121.7
1370,loyal,2025-11-29,106.89
1370,loyal,2025-10-31,103.87
1370,loyal,2025-08-25,110.94
1370,loyal,2025-06-19,84.39
1370,loyal,2025-06-08,123.38
1371,low_value,2026-01-29,61.3
1371,low_value,2025-12-11,71.09
1371,low_value,2025-07-30,32.64
1371,low_value,2025-06-21,45.6
1371,low_value,2025-05-13,22.88
1371,low_value,2025-04-13,42.42
1372,at_risk,2026-03-16,73.95
1372,at_risk,2026-02-22,195.41
1372,at_risk,2026-01-19,31.25
1372,at_risk,2026-01-13,103.44
1372,at_risk,2026-01-11,86.5
1372,at_risk,2025-12-26,159.27
1372,at_risk,2025-12-02,56.11
1372,at_risk,2025-11-01,98.55
1372,at_risk,2025-07-07,119.02
1372,at_risk,2025-06-25,88.72
1372,at_risk,2025-05-27,68.14
1372,at_risk,2025-05-26,94.22
1372,at_risk,2025-05-08,84.17
1372,at_risk,2025-04-30,84.07
1372,at_risk,2025-04-23,127.57
1372,at_risk,2025-04-19,109.1
1372,at_risk,2025-04-18,114.31
1372,at_risk,2025-04-08,106.56
1373,low_value,2025-07-20,61.39
1374,low_value,2025-04-29,20.5
1374,low_value,2025-03-28,19.57
1375,loyal,2026-07-22,130.52
1375,loyal,2026-07-19,102.64
1375,loyal,2026-04-22,99.87
1375,loyal,2026-04-22,108.51
1375,loyal,2026-04-09,129.3
1375,loyal,2026-04-04,83.23
1375,loyal,2025-12-28,125.07
1375,loyal,2025-11-05,184.93
1375,loyal,2025-11-05,115.49
1375,loyal,2025-08-30,111.07
1375,loyal,2025-08-14,107.47
1375,loyal,2025-06-03,124.35
1376,low_value,2026-07-15,45.63
1376,low_value,2026-01-23,33.85
1377,low_value,2026-05-10,43.99
1377,low_value,2026-03-04,58.6
1377,low_value,2026-02-26,10.0
1377,low_value,2026-02-22,27.88
1377,low_value,2025-07-23,52.97
1377,low_value,2025-07-01,76.89
1377,low_value,2025-06-16,36.21
1378,new,2026-05-18,24.72
1378,new,2025-09-16,39.64
1378,new,2025-08-21,65.91
1378,new,2025-08-20,13.98
1378,new,2025-05-04,19.8
1378,new,2025-04-24,61.64
1378,new,2025-04-15,66.79
1379,at_risk,2026-05-04,112.0
1379,at_risk,2026-03-14,74.22
1379,at_risk,2026-02-22,23.16
1379,at_risk,2026-01-19,86.36
1379,at_risk,2026-01-14,44.27
1379,at_risk,2025-08-09,97.75
1379,at_risk,2025-08-02,86.02
1379,at_risk,2025-05-15,74.42
1379,at_risk,2025-03-26,49.66
1380,at_risk,2026-07-03,126.66
1380,at_risk,2025-12-01,75.98
1380,at_risk,2025-10-01,53.26
1380,at_risk,2025-09-10,121.4
1380,at_risk,2025-06-07,142.58
1380,at_risk,2025-05-14,24.0
1380,at_risk,2025-04-16,133.02
1380,at_risk,2025-04-07,86.08
1380,at_risk,2025-04-05,31.68
1381,champion,2026-08-06,147.45
1381,champion,2026-07-27,200.83
1381,champion,2026-07-17,125.34
1381,champion,2026-07-09,124.88
1381,champion,2026-07-03,156.87
1381,champion,2026-06-22,196.37
1381,champion,2026-06-02,247.07
1381,champion,2026-04-29,254.36
1381,champion,2026-04-24,165.8
1381,champion,2026-03-21,192.22
1381,champion,2026-03-16,217.72
1381,champion,2026-03-11,210.62
1381,champion,2026-02-15,173.22
1381,champion,2025-12-16,183.04
1381,champion,2025-09-13,175.59
1381,champion,2025-08-07,171.67
1381,champion,2025-06-28,166.34
1381,champion,2025-03-22,175.21
1381,champion,2025-03-20,163.77
1382,new,2026-08-09,88.51
1382,new,2026-05-03,32.85
1382,new,2026-04-16,76.63
1382,new,2026-02-07,75.53
1382,new,2025-12-15,58.71
1382,new,2025-10-22,55.33
1382,new,2025-08-24,51.59
1382,new,2025-07-02,73.52
1382,new,2025-04-05,98.17
1383,low_value,2026-04-18,57.46
1383,low_value,2026-03-06,19.37
1383,low_value,2026-01-30,47.65
1383,low_value,2025-12-21,20.76
1383,low_value,2025-09-28,72.51
1383,low_value,2025-06-01,49.13
1383,low_value,2025-06-01,32.2
1384,low_value,2026-01-23,37.46
1384,low_value,2025-10-01,43.57
1384,low_value,2025-05-14,38.19
1384,low_value,2025-05-01,49.79
1384,low_value,2025-03-28,30.4
1385,champion,2026-07-12,133.67
1385,champion,2026-07-09,155.73
1385,champion,2026-03-31,138.19
1385,champion,2026-03-05,168.94
1385,champion,2026-01-15,233.8
1385,champion,2025-12-01,203.24
1385,champion,2025-11-14,122.7
1385,champion,2025-10-14,169.07
1385,champion,2025-10-08,189.34
1385,champion,2025-09-02,209.76
1385,champion,2025-07-14,153.97
1385,champion,2025-05-27,130.5
1385,champion,2025-05-13,177.75
1385,champion,2025-05-13,202.76
1385,champion,2025-05-06,189.39
1385,champion,2025-03-31,144.61
1385,champion,2025-03-20,250.18
1386,low_value,2025-08-02,66.88
1386,low_value,2025-07-21,60.14
1386,low_value,2025-06-02,65.3
1386,low_value,2025-03-15,45.74
1387,at_risk,2026-03-03,107.1
1387,at_risk,2026-02-25,87.87
1387,at_risk,2026-01-16,124.94
1387,at_risk,2025-12-16,47.15
1387,at_risk,2025-08-22,35.15
1387,at_risk,2025-07-27,129.17
1387,at_risk,2025-06-17,102.37
1387,at_risk,2025-04-11,128.74
1388,low_value,2025-11-01,27.87
1388,low_value,2025-06-20,37.3
1388,low_value,2025-04-18,51.62
1389,champion,2026-07-02,95.24
1389,champion,2026-06-23,226.39
1389,champion,2026-05-25,144.27
1389,champion,2026-04-13,134.76
1389,champion,2026-03-27,135.86
1389,champion,2026-03-26,279.38
1389,champion,2026-02-11,197.62
1389,champion,2026-01-11,138.34
1389,champion,2026-01-01,152.66
1389,champion,2025-11-19,179.97
1389,champion,2025-10-16,201.7
1389,champion,2025-10-09,191.17
1389,champion,2025-10-07,142.86
1389,champion,2025-08-15,192.69
1389,champion,2025-08-02,155.55
1389,champion,2025-03-29,221.88
1390,low_value,2026-02-18,59.2
1390,low_value,2026-01-31,40.72
1390,low_value,2025-05-18,11.19
1390,low_value,2025-05-13,48.73
1391,low_value,2026-03-06,55.51
1391,low_value,2025-12-31,47.07
1391,low_value,2025-11-30,34.66
1391,low_value,2025-11-10,26.9
1391,low_value,2025-08-24,76.81
1391,low_value,2025-04-28,53.77
1392,loyal,2026-06-15,190.19
1392,loyal,2026-02-10,122.23
1392,loyal,2026-01-17,90.17
1392,loyal,2026-01-16,74.13
1392,loyal,2025-08-12,82.86
1392,loyal,2025-06-22,86.78
1392,loyal,2025-06-21,22.97
1392,loyal,2025-05-04,89.73
1393,champion,2026-08-19,186.19
1393,champion,2026-08-04,205.99
1393,champion,2026-07-30,146.26
1393,champion,2026-07-08,131.09
1393,champion,2026-06-16,199.09
1393,champion,2026-05-09,207.3
1393,champion,2026-04-04,200.76
1393,champion,2026-03-16,185.26
1393,champion,2026-03-09,167.04
1393,champion,2026-03-05,188.44
1393,champion,2026-02-10,195.17
1393,champion,2026-01-16,197.57
1393,champion,2025-11-06,284.29
1393,champion,2025-10-29,143.17
1393,champion,2025-09-10,309.04
1393,champion,2025-08-21,129.73
1393,champion,2025-07-12,195.43
1393,champion,2025-05-22,132.21
1393,champion,2025-04-29,192.25
1393,champion,2025-04-08,219.28
1393,champion,2025-04-02,181.3
1393,champion,2025-03-12,218.92
1394,low_value,2026-03-03,68.77
1394,low_value,2026-02-12,86.2
1394,low_value,2025-12-18,73.09
1394,low_value,2025-11-25,48.23
1394,low_value,2025-05-29,50.15
1395,loyal,2026-05-18,142.64
1395,loyal,2026-04-20,88.89
1395,loyal,2026-02-21,87.3
1395,loyal,2026-01-27,149.84
1395,loyal,2026-01-08,91.22
1395,loyal,2025-12-27,62.96
1395,loyal,2025-08-10,78.8
1395,loyal,2025-06-17,135.7
1395,loyal,2025-06-04,132.82
1395,loyal,2025-05-23,87.12
1395,loyal,2025-03-23,91.05
1396,new,2026-08-04,95.75
1396,new,2026-06-28,45.74
1396,new,2025-11-17,66.29
1396,new,2025-11-13,39.62
1396,new,2025-11-13,75.66
1396,new,2025-11-05,65.11
1396,new,2025-11-01,96.73
1396,new,2025-10-27,69.88
1396,new,2025-09-25,58.9
1396,new,2025-07-17,63.83
1397,low_value,2025-12-25,32.27
1397,low_value,2025-07-17,54.81
1398,new,2026-07-27,99.74
1398,new,2026-05-23,128.74
1398,new,2025-12-04,59.29
1398,new,2025-10-12,48.37
1398,new,2025-03-13,83.06
1399,at_risk,2026-04-22,94.63
1399,at_risk,2026-03-18,106.6
1399,at_risk,2026-01-27,10.0
1399,at_risk,2025-12-01,134.05
1399,at_risk,2025-11-25,130.69
1399,at_risk,2025-09-23,142.46
1399,at_risk,2025-09-19,62.22
1399,at_risk,2025-09-17,128.67
1399,at_risk,2025-08-01,130.66
1399,at_risk,2025-05-21,72.22
1399,at_risk,2025-05-18,131.96
1400,at_risk,2026-06-26,90.07
1400,at_risk,2026-02-17,117.88
1400,at_risk,2025-11-24,103.95
1400,at_risk,2025-11-21,73.51
1400,at_risk,2025-11-19,83.17
1400,at_risk,2025-09-21,152.7
1400,at_risk,2025-06-10,35.7
1400,at_risk,2025-04-08,119.83
1401,champion,2026-08-27,82.73
1401,champion,2026-07-31,213.32
1401,champion,2026-07-12,226.16
1401,champion,2026-05-25,183.16
1401,champion,2026-04-26,253.26
1401,champion,2026-04-03,233.9
1401,champion,2026-03-12,199.19
1401,champion,2026-02-14,175.47
1401,champion,2026-02-04,166.02
1401,champion,2026-01-28,202.5
1401,champion,2026-01-27,174.35
1401,champion,2025-12-24,201.93
1401,champion,2025-10-13,204.9
1401,champion,2025-10-07,170.82
1401,champion,2025-10-02,223.83
1401,champion,2025-09-28,170.86
1401,champion,2025-09-14,180.85
1401,champion,2025-09-10,140.9
1401,champion,2025-08-16,169.18
1401,champion,2025-07-13,266.33
1401,champion,2025-06-09,143.98
1401,champion,2025-03-29,197.51
1401,champion,2025-03-14,161.82
1402,low_value,2026-03-22,27.64
1402,low_value,2026-01-11,59.14
1402,low_value,2025-12-23,41.21
1402,low_value,2025-11-10,10.0
1403,at_risk,2026-05-17,81.48
1403,at_risk,2026-04-11,156.8
1403,at_risk,2025-12-16,107.03
1403,at_risk,2025-11-20,36.49
1403,at_risk,2025-11-11,92.26
1403,at_risk,2025-09-06,152.23
1403,at_risk,2025-07-01,66.31
1403,at_risk,2025-05-26,92.61
1403,at_risk,2025-04-28,47.41
1403,at_risk,2025-04-23,52.96
1403,at_risk,2025-04-17,65.8
1403,at_risk,2025-04-09,52.04
1404,loyal,2026-08-04,85.05
1404,loyal,2026-06-17,132.97
1404,loyal,2026-04-05,90.97
1404,loyal,2026-01-25,130.99
1404,loyal,2026-01-10,160.32
1404,loyal,2025-08-26,66.34
1404,loyal,2025-08-23,99.29
1404,loyal,2025-08-16,104.05
1404,loyal,2025-07-18,94.21
1404,loyal,2025-04-21,91.76
1404,loyal,2025-03-18,95.24
1405,loyal,2026-08-19,135.81
1405,loyal,2026-06-17,153.81
1405,loyal,2026-06-15,118.71
1405,loyal,2026-04-19,132.59
1405,loyal,2026-03-19,151.06
1405,loyal,2026-02-17,86.62
1405,loyal,2026-02-01,103.7
1405,loyal,2025-12-05,193.13
1405,loyal,2025-12-03,135.69
1405,loyal,2025-08-26,125.32
1405,loyal,2025-07-08,136.81
1405,loyal,2025-06-14,69.93
1405,loyal,2025-06-01,90.6
1405,loyal,2025-05-14,79.63
1405,loyal,2025-04-15,122.56
1406,low_value,2025-12-13,62.7
1406,low_value,2025-09-19,10.0
1407,loyal,2026-07-24,73.51
1407,loyal,2026-06-23,112.02
1407,loyal,2026-05-31,128.81
1407,loyal,2026-05-17,106.99
1407,loyal,2026-04-19,77.21
1407,loyal,2026-04-08,106.97
1407,loyal,2026-02-23,88.24
1407,loyal,2026-02-13,128.12
1407,loyal,2026-02-10,142.26
1407,loyal,2025-12-24,140.34
1407,loyal,2025-12-14,109.41
1407,loyal,2025-12-02,143.68
1407,loyal,2025-10-26,79.37
1407,loyal,2025-10-13,163.49
1407,loyal,2025-09-23,79.2
1407,loyal,2025-09-12,49.1
1407,loyal,2025-08-25,150.96
1407,loyal,2025-08-19,88.7
1407,loyal,2025-06-23,113.5
1407,loyal,2025-06-10,79.08
1407,loyal,2025-05-23,180.91
1407,loyal,2025-04-23,164.65
1407,loyal,2025-04-14,156.4
1408,low_value,2025-10-06,76.69
1408,low_value,2025-09-24,35.78
1408,low_value,2025-08-10,38.05
1409,low_value,2025-10-19,75.37
1409,low_value,2025-06-05,46.55
1409,low_value,2025-04-07,89.37
1410,low_value,2025-10-11,88.71
1410,low_value,2025-07-19,29.43
1410,low_value,2025-06-29,52.75
1410,low_value,2025-06-14,37.03
1410,low_value,2025-05-24,61.54
1410,low_value,2025-05-02,21.11
1411,low_value,2026-01-03,16.01
1412,low_value,2026-06-08,47.4
1412,low_value,2026-01-17,95.75
1412,low_value,2025-05-04,59.68
1413,low_value,2026-06-07,49.26
1413,low_value,2025-10-16,34.89
1413,low_value,2025-09-06,10.0
1414,loyal,2026-04-28,93.9
1414,loyal,2026-04-24,59.21
1414,loyal,2026-03-27,133.86
1414,loyal,2026-03-26,89.7
1414,loyal,2026-03-23,76.48
1414,loyal,2026-03-04,110.88
1414,loyal,2025-12-13,99.98
1414,loyal,2025-09-06,64.46
1414,loyal,2025-08-09,68.58
1414,loyal,2025-08-02,120.1
1414,loyal,2025-06-27,90.33
1414,loyal,2025-06-18,125.31
1414,loyal,2025-06-05,114.4
1414,loyal,2025-05-25,141.43
1415,low_value,2025-09-09,28.34
1415,low_value,2025-06-20,10.93
1415,low_value,2025-04-28,30.28
1416,new,2026-07-18,100.28
1416,new,2026-07-03,46.25
1416,new,2026-06-14,60.24
1416,new,2026-05-16,62.35
1416,new,2026-03-28,108.24
1417,new,2026-05-28,91.22
1417,new,2026-03-09,29.42
1417,new,2025-11-19,88.87
1417,new,2025-11-02,80.11
1418,low_value,2025-10-20,27.1
1418,low_value,2025-07-21,49.95
1418,low_value,2025-05-13,74.54
1419,low_value,2025-07-13,58.76
1419,low_value,2025-06-24,49.2
1419,low_value,2025-04-24,10.0
1419,low_value,2025-03-30,101.45
1420,low_value,2025-04-18,63.54
1420,low_value,2025-03-21,40.72
1421,new,2026-08-07,87.9
1421,new,2026-03-23,54.47
1421,new,2025-12-18,89.21
1421,new,2025-09-19,55.12
1421,new,2025-03-21,64.21
1422,new,2026-05-14,50.26
1422,new,2026-04-16,80.67
1422,new,2026-04-14,57.66
1422,new,2026-04-07,106.47
1422,new,2026-01-02,71.69
1423,at_risk,2026-05-12,72.9
1423,at_risk,2026-03-06,118.28
1423,at_risk,2026-01-17,149.3
1423,at_risk,2025-09-22,133.71
1423,at_risk,2025-08-13,150.36
1423,at_risk,2025-05-02,100.67
1423,at_risk,2025-03-30,61.05
1424,at_risk,2026-03-28,89.31
1424,at_risk,2026-03-28,144.23
1424,at_risk,2026-03-14,45.32
1424,at_risk,2026-02-07,162.61
1424,at_risk,2026-01-30,71.41
1424,at_risk,2025-11-16,102.03
1424,at_risk,2025-11-15,139.77
1424,at_risk,2025-10-30,150.45
1424,at_risk,2025-10-27,111.44
1424,at_risk,2025-10-03,70.69
1424,at_risk,2025-06-06,67.6
1424,at_risk,2025-04-09,74.88
1425,at_risk,2026-06-13,69.0
1425,at_risk,2026-05-30,66.92
1425,at_risk,2026-02-23,28.14
1425,at_risk,2025-08-09,138.27
1425,at_risk,2025-05-22,125.76
1425,at_risk,2025-04-24,58.8
1425,at_risk,2025-04-15,105.12
1425,at_risk,2025-03-21,137.06
1426,loyal,2026-07-04,122.17
1426,loyal,2026-06-05,73.17
1426,loyal,2026-04-15,106.43
1426,loyal,2025-12-31,140.0
1426,loyal,2025-12-20,107.89
1426,loyal,2025-12-18,133.83
1426,loyal,2025-11-25,61.85
1426,loyal,2025-10-05,66.97
1426,loyal,2025-09-28,87.95
1426,loyal,2025-08-01,101.53
1426,loyal,2025-06-10,120.02
1426,loyal,2025-05-09,129.1
1426,loyal,2025-03-18,183.98
1427,champion,2026-07-24,71.0
1427,champion,2026-06-11,212.97
1427,champion,2026-05-16,135.94
1427,champion,2026-04-09,202.7
1427,champion,2026-02-06,210.2
1427,champion,2026-01-24,224.81
1427,champion,2026-01-11,215.61
1427,champion,2026-01-09,182.24
1427,champion,2025-12-14,164.78
1427,champion,2025-12-01,177.02
1427,champion,2025-10-24,135.36
1427,champion,2025-09-07,171.53
1427,champion,2025-08-23,168.37
1427,champion,2025-08-13,148.47
1427,champion,2025-07-25,110.35
1427,champion,2025-07-21,128.92
1427,champion,2025-05-24,54.0
1427,champion,2025-03-21,167.68
1427,champion,2025-03-19,194.42
1428,low_value,2025-10-29,36.38
1428,low_value,2025-07-14,66.02
1429,at_risk,2026-04-06,60.62
1429,at_risk,2026-01-19,97.32
1429,at_risk,2026-01-11,138.08
1429,at_risk,2025-09-24,117.83
1429,at_risk,2025-09-18,122.88
1429,at_risk,2025-05-24,120.82
1429,at_risk,2025-03-11,95.89
1430,low_value,2026-05-31,10.0
1430,low_value,2026-01-09,87.4
1430,low_value,2025-10-27,44.88
1430,low_value,2025-09-04,10.0
1430,low_value,2025-05-27,64.75
1431,new,2025-12-10,62.51
1431,new,2025-05-19,91.3
1432,champion,2026-08-10,271.24
1432,champion,2026-08-06,172.99
1432,champion,2026-08-03,162.02
1432,champion,2026-07-11,147.65
1432,champion,2026-06-24,287.45
1432,champion,2026-06-23,185.15
1432,champion,2026-06-17,224.6
1432,champion,2026-06-12,207.87
1432,champion,2026-05-18,268.34
1432,champion,2026-05-03,170.09
1432,champion,2026-04-19,135.72
1432,champion,2026-03-31,254.38
1432,champion,2026-03-20,216.13
1432,champion,2026-03-11,198.25
1432,champion,2026-02-25,241.41
1432,champion,2026-02-19,200.53
1432,champion,2026-01-02,242.8
1432,champion,2025-12-31,189.86
1432,champion,2025-08-24,216.08
1432,champion,2025-07-29,201.06
1432,champion,2025-07-22,166.99
1432,champion,2025-06-07,171.78
1432,champion,2025-05-05,164.29
1432,champion,2025-04-26,190.62
1432,champion,2025-03-31,161.77
1433,loyal,2026-07-18,113.0
1433,loyal,2026-06-15,88.57
1433,loyal,2026-05-26,48.48
1433,loyal,2026-05-03,177.57
1433,loyal,2026-01-22,103.06
1433,loyal,2026-01-12,153.41
1433,loyal,2025-11-14,94.19
1433,loyal,2025-10-02,160.94
1433,loyal,2025-09-25,75.45
1433,loyal,2025-06-06,115.28
1433,loyal,2025-05-10,77.23
1433,loyal,2025-04-18,188.02
1433,loyal,2025-04-15,102.52
1434,loyal,2026-08-02,125.58
1434,loyal,2026-07-12,167.45
1434,loyal,2026-06-24,97.5
1434,loyal,2026-03-29,54.38
1434,loyal,2025-12-31,77.1
1434,loyal,2025-10-21,79.34
1434,loyal,2025-09-21,83.56
1434,loyal,2025-09-08,84.59
1434,loyal,2025-06-11,109.29
1434,loyal,2025-03-24,117.42
1435,low_value,2026-01-23,50.47
1435,low_value,2025-07-30,60.96
1435,low_value,2025-04-21,59.41
1435,low_value,2025-04-04,42.51
1436,loyal,2026-05-31,89.59
1436,loyal,2026-04-12,104.6
1436,loyal,2026-03-27,80.75
1436,loyal,2026-03-05,46.54
1436,loyal,2026-02-21,63.65
1436,loyal,2025-12-31,151.24
1436,loyal,2025-11-09,165.72
1436,loyal,2025-06-28,132.62
1436,loyal,2025-06-22,108.26
1436,loyal,2025-06-10,68.21
1436,loyal,2025-06-08,105.17
1436,loyal,2025-04-19,128.36
1436,loyal,2025-04-02,134.9
1437,new,2026-05-03,44.52
1437,new,2026-03-09,112.27
1437,new,2026-01-15,91.23
1437,new,2025-10-04,97.37
1437,new,2025-08-30,74.9
1437,new,2025-05-05,35.6
1437,new,2025-04-08,72.12
1437,new,2025-04-03,32.16
1438,low_value,2026-04-05,43.15
1439,low_value,2025-12-15,55.61
1439,low_value,2025-06-13,66.79
1440,loyal,2026-07-07,174.49
1440,loyal,2026-06-02,129.97
1440,loyal,2026-05-17,73.73
1440,loyal,2026-03-16,171.19
1440,loyal,2026-01-31,141.65
1440,loyal,2025-12-13,49.84
1440,loyal,2025-10-19,79.09
1440,loyal,2025-09-04,95.25
1440,loyal,2025-08-17,135.14
1440,loyal,2025-06-14,38.62
1440,loyal,2025-03-20,106.43
1441,champion,2026-06-12,163.7
1441,champion,2026-05-12,210.44
1441,champion,2026-04-01,210.88
1441,champion,2026-03-07,196.71
1441,champion,2026-02-28,247.08
1441,champion,2026-02-23,150.94
1441,champion,2026-02-17,163.14
1441,champion,2026-01-20,148.92
1441,champion,2025-11-23,209.0
1441,champion,2025-11-20,169.1
1441,champion,2025-11-16,152.17
1441,champion,2025-11-01,246.53
1441,champion,2025-10-30,252.38
1441,champion,2025-10-30,166.85
1441,champion,2025-10-23,125.3
1441,champion,2025-10-22,254.54
1441,champion,2025-09-30,198.83
1441,champion,2025-09-10,196.83
1441,champion,2025-09-06,184.2
1441,champion,2025-09-01,147.99
1441,champion,2025-08-25,163.47
1441,champion,2025-08-23,207.11
1441,champion,2025-06-17,162.1
1441,champion,2025-05-29,197.32
1441,champion,2025-05-12,180.53
1441,champion,2025-04-02,137.72
1442,loyal,2026-04-16,119.78
1442,loyal,2026-03-30,114.24
1442,loyal,2026-02-05,145.36
1442,loyal,2025-12-15,65.08
1442,loyal,2025-12-03,86.02
1442,loyal,2025-11-14,122.43
1442,loyal,2025-07-07,117.92
1442,loyal,2025-07-05,70.54
1442,loyal,2025-06-26,145.9
1442,loyal,2025-05-04,156.3
1442,loyal,2025-05-01,122.77
1443,champion,2026-08-27,135.12
1443,champion,2026-05-31,82.37
1443,champion,2026-05-23,186.97
1443,champion,2026-04-27,164.49
1443,champion,2026-04-14,166.63
1443,champion,2026-04-11,221.15
1443,champion,2026-03-10,175.52
1443,champion,2026-02-15,255.8
1443,champion,2025-12-24,157.08
1443,champion,2025-12-13,141.16
1443,champion,2025-11-24,129.69
1443,champion,2025-11-23,208.91
1443,champion,2025-09-30,226.06
1443,champion,2025-09-09,156.22
1443,champion,2025-08-29,137.44
1443,champion,2025-08-15,241.21
1443,champion,2025-08-10,121.98
1443,champion,2025-06-26,220.41
1443,champion,2025-06-22,157.16
1443,champion,2025-05-30,195.88
1443,champion,2025-05-22,223.08
1443,champion,2025-04-12,199.05
1443,champion,2025-03-22,168.19
1444,loyal,2026-06-17,77.05
1444,loyal,2026-05-09,111.62
1444,loyal,2026-03-30,123.72
1444,loyal,2026-03-24,93.69
1444,loyal,2026-03-07,116.95
1444,loyal,2026-02-28,69.15
1444,loyal,2026-02-05,121.84
1444,loyal,2026-01-18,153.36
1444,loyal,2025-11-24,72.87
1444,loyal,2025-10-16,71.06
1444,loyal,2025-09-30,145.7
1444,loyal,2025-09-22,70.53
1444,loyal,2025-06-16,135.22
1444,loyal,2025-05-31,111.66
1444,loyal,2025-03-28,97.47
1445,new,2026-08-04,63.67
1445,new,2026-07-15,34.43
1445,new,2026-04-08,106.74
1445,new,2025-11-13,88.14
1445,new,2025-09-11,89.07
1446,low_value,2026-04-07,41.56
1446,low_value,2025-08-17,22.57
1446,low_value,2025-08-08,56.68
1447,new,2026-06-12,79.25
1447,new,2026-01-12,70.45
1447,new,2025-08-28,70.32
1447,new,2025-06-06,31.01
1447,new,2025-05-13,47.34
1447,new,2025-04-25,98.03
1448,new,2026-08-09,73.79
1448,new,2026-08-08,84.86
1448,new,2026-08-03,18.89
1448,new,2026-07-13,37.48
1448,new,2026-01-23,92.4
1448,new,2025-11-21,87.74
1448,new,2025-08-25,77.47
1448,new,2025-05-23,52.95
1448,new,2025-04-12,87.89
1449,loyal,2026-08-15,129.3
1449,loyal,2026-06-29,149.06
1449,loyal,2026-06-11,112.49
1449,loyal,2026-05-31,21.21
1449,loyal,2026-02-13,97.07
1449,loyal,2025-12-24,156.96
1449,loyal,2025-11-30,100.25
1449,loyal,2025-08-19,52.47
1449,loyal,2025-07-16,123.48
1449,loyal,2025-06-24,125.72
1449,loyal,2025-06-22,88.18
1449,loyal,2025-05-13,102.6
1449,loyal,2025-05-04,84.58
1449,loyal,2025-04-01,125.68
1450,low_value,2026-01-29,65.28
1450,low_value,2025-12-14,41.53
1450,low_value,2025-05-15,60.17
1450,low_value,2025-04-07,74.55
1451,new,2026-07-30,35.87
1451,new,2026-06-24,86.46
1451,new,2026-02-03,64.29
1451,new,2025-12-13,102.47
1451,new,2025-11-19,63.88
1451,new,2025-05-18,59.84
1451,new,2025-04-19,47.38
1452,low_value,2026-05-12,56.9
1452,low_value,2026-01-26,62.91
1452,low_value,2025-09-27,63.39
1452,low_value,2025-09-27,27.62
1452,low_value,2025-08-03,63.43
1452,low_value,2025-06-18,51.45
1453,low_value,2026-02-21,64.28
1453,low_value,2025-09-28,46.64
1453,low_value,2025-05-15,49.68
1454,at_risk,2026-02-06,141.96
1454,at_risk,2025-07-15,126.43
1454,at_risk,2025-06-30,93.97
1454,at_risk,2025-05-19,166.66
1455,loyal,2026-05-31,92.74
1455,loyal,2026-05-07,86.37
1455,loyal,2026-05-01,50.44
1455,loyal,2026-04-23,154.54
1455,loyal,2025-09-05,138.24
1455,loyal,2025-08-21,130.2
1455,loyal,2025-07-12,120.45
1455,loyal,2025-06-05,40.87
1455,loyal,2025-05-26,87.47
1455,loyal,2025-04-01,102.32
1455,loyal,2025-03-19,77.56
1456,loyal,2026-04-08,104.73
1456,loyal,2026-03-23,164.01
1456,loyal,2026-03-04,62.54
1456,loyal,2026-01-19,47.63
1456,loyal,2025-12-28,83.4
1456,loyal,2025-12-19,134.37
1456,loyal,2025-07-24,115.06
1456,loyal,2025-07-24,76.15
1456,loyal,2025-06-24,88.19
1456,loyal,2025-06-11,72.76
1456,loyal,2025-04-24,72.75
1456,loyal,2025-03-12,156.53
1457,at_risk,2025-09-07,91.39
1457,at_risk,2025-08-23,67.81
1457,at_risk,2025-08-05,119.29
1457,at_risk,2025-07-24,127.25
1457,at_risk,2025-07-16,78.08
1457,at_risk,2025-07-16,82.73
1458,low_value,2026-03-19,33.77
1458,low_value,2026-03-03,45.7
1458,low_value,2026-01-22,42.73
1458,low_value,2025-08-03,66.03
1458,low_value,2025-05-30,44.78
1458,low_value,2025-05-20,56.1
1458,low_value,2025-05-18,48.46
1458,low_value,2025-04-06,73.08
1459,at_risk,2026-08-10,101.69
1459,at_risk,2026-08-07,45.63
1459,at_risk,2026-07-19,95.79
1459,at_risk,2026-06-10,139.19
1459,at_risk,2026-03-24,128.04
1459,at_risk,2026-02-22,95.81
1459,at_risk,2025-12-23,184.68
1459,at_risk,2025-11-29,74.79
1459,at_risk,2025-09-16,91.97
1459,at_risk,2025-07-14,44.23
1459,at_risk,2025-06-17,80.87
1460,low_value,2025-08-28,62.44
1461,new,2026-08-07,91.83
1461,new,2026-08-07,82.54
1461,new,2026-07-03,29.13
1461,new,2026-04-27,45.88
1461,new,2026-02-07,54.09
1461,new,2026-02-03,50.09
1461,new,2025-09-21,56.43
1461,new,2025-08-31,93.13
1461,new,2025-04-14,87.47
1462,loyal,2025-12-15,90.16
1462,loyal,2025-07-04,111.58
1462,loyal,2025-05-13,78.47
1462,loyal,2025-04-23,79.91
1463,at_risk,2026-04-20,92.48
1463,at_risk,2026-04-03,113.02
1463,at_risk,2025-11-04,116.65
1463,at_risk,2025-05-31,128.06
1463,at_risk,2025-03-27,91.21
1463,at_risk,2025-03-15,81.13
1464,low_value,2026-02-18,40.91
1464,low_value,2026-01-16,61.66
1464,low_value,2025-12-14,69.12
1464,low_value,2025-11-22,34.36
1464,low_value,2025-11-11,58.33
1465,low_value,2026-01-29,58.13
1465,low_value,2026-01-12,65.67
1465,low_value,2025-09-22,63.6
1466,at_risk,2026-07-14,35.93
1466,at_risk,2026-06-20,116.74
1466,at_risk,2025-08-14,114.41
1466,at_risk,2025-05-11,212.2
1467,loyal,2026-03-19,118.29
1467,loyal,2026-02-23,51.06
1467,loyal,2026-01-10,115.91
1467,loyal,2026-01-10,113.03
1467,loyal,2025-07-10,162.62
1467,loyal,2025-06-04,106.05
1468,low_value,2026-04-27,33.42
1468,low_value,2026-01-10,40.67
1468,low_value,2025-06-11,59.64
1469,loyal,2026-07-09,76.8
1469,loyal,2026-05-30,100.06
1469,loyal,2026-03-29,144.28
1469,loyal,2026-03-15,94.41
1469,loyal,2026-03-12,130.14
1469,loyal,2026-01-04,59.51
1469,loyal,2025-11-05,98.88
1469,loyal,2025-10-29,83.42
1469,loyal,2025-08-10,118.99
1469,loyal,2025-06-25,78.96
1469,loyal,2025-06-23,172.09
1469,loyal,2025-03-29,60.82
1470,low_value,2025-12-18,82.1
1470,low_value,2025-09-25,94.42
1471,loyal,2026-07-25,118.49
1471,loyal,2026-05-14,91.96
1471,loyal,2025-12-09,90.0
1471,loyal,2025-10-08,122.71
1471,loyal,2025-08-31,158.27
1471,loyal,2025-08-30,121.95
1471,loyal,2025-08-17,133.41
1471,loyal,2025-07-19,85.03
1471,loyal,2025-05-18,97.57
1471,loyal,2025-03-25,128.24
1471,loyal,2025-03-14,69.25
1472,loyal,2026-07-22,99.64
1472,loyal,2026-05-30,99.02
1472,loyal,2026-04-02,96.81
1472,loyal,2026-02-11,96.81
1472,loyal,2025-12-07,118.63
1472,loyal,2025-11-26,141.72
1472,loyal,2025-11-22,177.88
1472,loyal,2025-10-06,85.1
1472,loyal,2025-09-03,129.54
1472,loyal,2025-07-23,126.27
1472,loyal,2025-06-02,100.11
1472,loyal,2025-05-12,79.22
1472,loyal,2025-03-31,118.26
1472,loyal,2025-03-14,173.6
1473,new,2026-05-15,80.01
1473,new,2026-05-07,59.8
1473,new,2026-01-18,93.26
1473,new,2025-12-21,93.81
1473,new,2025-10-31,63.23
1473,new,2025-10-01,56.98
1473,new,2025-05-29,73.19
1473,new,2025-04-23,66.37
1474,new,2026-01-27,65.19
1474,new,2025-10-02,64.09
1474,new,2025-08-16,71.31
1474,new,2025-06-30,108.03
1474,new,2025-06-22,57.12
1474,new,2025-04-30,47.22
1475,new,2026-08-23,74.73
1475,new,2026-05-30,83.04
1475,new,2026-02-24,95.82
1475,new,2026-01-03,92.41
1475,new,2025-07-24,80.26
1475,new,2025-03-26,104.91
1476,at_risk,2026-04-10,80.63
1476,at_risk,2026-03-25,56.28
1476,at_risk,2026-02-18,70.59
1476,at_risk,2026-01-19,106.25
1476,at_risk,2025-10-30,106.83
1476,at_risk,2025-08-21,122.64
1476,at_risk,2025-08-02,45.77
1476,at_risk,2025-07-10,36.93
1476,at_risk,2025-06-14,81.71
1476,at_risk,2025-05-23,59.3
1476,at_risk,2025-03-16,101.51
1477,low_value,2026-02-11,23.9
1477,low_value,2025-11-10,86.89
1478,new,2026-03-12,83.14
1478,new,2025-06-08,48.38
1479,new,2026-07-31,75.94
1479,new,2026-03-20,70.1
1479,new,2026-02-22,69.86
1479,new,2025-12-04,47.38
1479,new,2025-08-29,76.72
1479,new,2025-08-02,62.18
1480,at_risk,2026-08-14,43.71
1480,at_risk,2026-04-18,156.7
1480,at_risk,2025-12-29,84.91
1480,at_risk,2025-11-22,127.37
1480,at_risk,2025-11-20,69.19
1480,at_risk,2025-08-29,38.62
1480,at_risk,2025-07-20,49.05
1480,at_risk,2025-04-03,83.42
1480,at_risk,2025-04-01,113.34
1481,champion,2026-08-20,154.26
1481,champion,2026-08-06,197.17
1481,champion,2026-06-06,154.03
1481,champion,2026-05-02,215.41
1481,champion,2026-05-02,196.96
1481,champion,2026-04-12,286.8
1481,champion,2026-03-29,238.93
1481,champion,2026-03-12,136.85
1481,champion,2026-02-16,159.25
1481,champion,2026-02-07,103.44
1481,champion,2026-02-06,94.49
1481,champion,2026-01-20,184.55
1481,champion,2026-01-19,132.3
1481,champion,2025-12-08,245.65
1481,champion,2025-11-18,226.32
1481,champion,2025-10-22,169.14
1481,champion,2025-10-04,166.87
1481,champion,2025-09-18,239.41
1481,champion,2025-08-30,248.58
1481,champion,2025-08-13,142.7
1481,champion,2025-05-15,137.55
1481,champion,2025-05-11,167.96
1481,champion,2025-03-28,197.25
1481,champion,2025-03-23,159.45
1481,champion,2025-03-22,198.09
1482,new,2026-03-18,63.78
1482,new,2026-02-16,80.48
1482,new,2026-01-07,21.91
1482,new,2025-08-02,77.2
1482,new,2025-07-21,48.28
1482,new,2025-07-07,61.53
1482,new,2025-06-19,30.96
1482,new,2025-04-21,61.03
1483,loyal,2026-06-29,118.12
1483,loyal,2026-06-18,138.66
1483,loyal,2026-05-12,92.02
1483,loyal,2026-05-01,190.08
1483,loyal,2026-04-17,119.42
1483,loyal,2026-03-31,71.8
1483,loyal,2025-11-30,148.62
1483,loyal,2025-11-09,72.41
1483,loyal,2025-09-29,119.85
1483,loyal,2025-09-22,82.12
1483,loyal,2025-08-13,69.28
1483,loyal,2025-05-12,138.86
1483,loyal,2025-05-05,102.21
1484,new,2026-08-17,48.02
1484,new,2026-06-30,63.86
1484,new,2026-04-02,94.78
1484,new,2026-02-16,37.55
1484,new,2025-11-05,68.32
1484,new,2025-08-28,64.78
1484,new,2025-07-24,30.64
1484,new,2025-07-02,57.28
1485,champion,2026-08-13,105.56
1485,champion,2026-07-08,156.24
1485,champion,2026-06-08,291.88
1485,champion,2026-05-26,211.02
1485,champion,2026-03-30,235.68
1485,champion,2026-03-28,204.34
1485,champion,2026-02-24,188.22
1485,champion,2026-02-21,215.82
1485,champion,2026-02-16,154.42
1485,champion,2026-01-23,198.82
1485,champion,2026-01-18,227.08
1485,champion,2026-01-07,207.98
1485,champion,2026-01-05,229.71
1485,champion,2026-01-01,187.3
1485,champion,2025-12-10,247.68
1485,champion,2025-12-05,171.67
1485,champion,2025-11-20,264.71
1485,champion,2025-10-21,202.94
1485,champion,2025-09-25,164.64
1485,champion,2025-09-16,132.83
1485,champion,2025-08-30,147.68
1485,champion,2025-08-28,141.63
1485,champion,2025-08-26,176.45
1485,champion,2025-07-06,129.04
1485,champion,2025-07-04,231.71
1485,champion,2025-04-26,184.43
1485,champion,2025-04-15,182.81
1485,champion,2025-03-23,133.38
1485,champion,2025-03-14,149.24
1486,low_value,2026-03-11,47.41
1486,low_value,2026-02-28,51.81
1486,low_value,2025-09-19,64.08
1487,new,2026-07-14,66.78
1487,new,2026-04-30,83.7
1487,new,2026-04-18,80.08
1487,new,2026-02-03,70.26
1487,new,2026-01-06,73.4
1487,new,2025-07-16,103.73
1487,new,2025-04-05,45.89
1488,low_value,2026-06-22,65.51
1488,low_value,2026-04-29,30.26
1488,low_value,2026-02-06,33.68
1488,low_value,2025-07-27,41.6
1489,new,2026-03-21,110.52
1489,new,2026-03-04,56.92
1489,new,2026-01-24,74.47
1489,new,2025-12-30,57.83
1489,new,2025-12-08,85.6
1489,new,2025-08-27,57.96
1489,new,2025-06-06,59.48
1489,new,2025-05-07,66.0
1489,new,2025-03-26,57.45
1490,champion,2026-08-17,135.7
1490,champion,2026-07-04,209.6
1490,champion,2026-07-01,245.53
1490,champion,2026-05-19,214.8
1490,champion,2026-05-15,127.52
1490,champion,2026-04-07,161.43
1490,champion,2026-02-20,184.34
1490,champion,2026-02-16,156.91
1490,champion,2026-02-10,281.32
1490,champion,2026-02-03,160.71
1490,champion,2026-01-28,178.27
1490,champion,2026-01-26,155.99
1490,champion,2026-01-17,189.27
1490,champion,2026-01-14,235.29
1490,champion,2025-12-12,184.59
1490,champion,2025-12-11,171.24
1490,champion,2025-10-28,137.04
1490,champion,2025-10-28,228.35
1490,champion,2025-10-15,174.25
1490,champion,2025-08-30,172.53
1490,champion,2025-07-31,86.44
1490,champion,2025-07-09,174.91
1490,champion,2025-05-10,163.96
1490,champion,2025-05-09,106.96
1490,champion,2025-05-01,219.58
1490,champion,2025-04-28,158.59
1490,champion,2025-03-20,255.82
1491,low_value,2026-06-01,25.53
1491,low_value,2026-05-19,53.21
1491,low_value,2025-06-12,33.64
1491,low_value,2025-05-11,29.41
1492,new,2026-03-25,76.03
1492,new,2026-03-21,71.73
1492,new,2025-12-20,57.73
1492,new,2025-10-05,85.37
1492,new,2025-08-28,70.84
1492,new,2025-05-24,91.46
1493,low_value,2026-04-30,32.93
1493,low_value,2026-02-03,28.2
1493,low_value,2025-11-10,42.91
1493,low_value,2025-10-15,29.84
1494,at_risk,2025-10-06,85.43
1495,new,2026-08-07,59.47
1495,new,2026-06-06,63.15
1495,new,2026-04-24,99.93
1495,new,2026-04-11,85.44
1495,new,2026-01-12,38.84
1495,new,2026-01-10,42.52
1495,new,2025-12-11,25.41
1495,new,2025-07-03,135.08
1495,new,2025-06-16,48.43
1495,new,2025-06-09,99.25
1495,new,2025-05-21,56.69
1496,low_value,2026-03-03,61.04
1496,low_value,2026-01-11,61.29
1497,new,2026-01-29,69.6
1497,new,2025-10-26,54.2
1497,new,2025-08-11,64.68
1497,new,2025-06-05,60.82
1498,at_risk,2026-06-27,168.95
1498,at_risk,2026-06-19,103.85
1498,at_risk,2026-06-14,17.18
1498,at_risk,2026-03-16,110.12
1498,at_risk,2025-11-21,64.23
1498,at_risk,2025-09-28,27.71
1498,at_risk,2025-08-26,154.41
1498,at_risk,2025-07-02,146.85
1499,low_value,2025-12-24,30.74
1499,low_value,2025-05-16,36.99
1500,low_value,2026-01-11,44.28
1500,low_value,2025-06-08,57.58
1501,low_value,2026-01-20,40.84
1501,low_value,2025-12-07,53.89
1501,low_value,2025-10-07,35.58
1501,low_value,2025-09-13,38.79
1502,at_risk,2026-03-31,23.33
1502,at_risk,2026-01-16,63.85
1502,at_risk,2025-12-11,78.92
1502,at_risk,2025-09-04,129.22
1502,at_risk,2025-08-30,87.23
1502,at_risk,2025-08-27,80.63
1502,at_risk,2025-08-27,105.5
1502,at_risk,2025-07-28,79.5
1503,at_risk,2026-03-19,80.29
1503,at_risk,2026-01-26,40.07
1503,at_risk,2025-12-06,121.67
1503,at_risk,2025-09-01,94.24
1503,at_risk,2025-08-18,95.14
1503,at_risk,2025-07-07,65.52
1503,at_risk,2025-07-05,83.96
1503,at_risk,2025-03-19,122.55
1504,low_value,2026-02-21,19.27
1504,low_value,2026-01-14,75.0
1504,low_value,2025-11-12,21.17
1504,low_value,2025-09-18,45.95
1505,new,2026-03-18,71.28
1505,new,2025-07-19,38.06
1505,new,2025-03-21,81.9
1506,low_value,2026-03-29,68.34
1506,low_value,2026-02-28,88.53
1506,low_value,2026-01-17,32.16
1506,low_value,2026-01-10,27.64
1506,low_value,2025-04-08,61.34
1506,low_value,2025-03-24,63.8
1507,new,2026-07-15,76.14
1507,new,2026-06-05,101.33
1507,new,2026-02-22,50.29
1507,new,2025-08-13,70.62
1508,loyal,2026-06-11,78.75
1508,loyal,2026-04-11,156.72
1508,loyal,2025-12-20,76.7
1508,loyal,2025-04-12,117.72
1509,low_value,2026-05-20,60.15
1510,loyal,2026-03-21,120.5
1510,loyal,2026-03-09,95.46
1510,loyal,2026-01-29,105.24
1510,loyal,2026-01-22,158.57
1510,loyal,2025-11-04,71.14
1510,loyal,2025-10-12,109.93
1510,loyal,2025-08-14,76.58
1510,loyal,2025-06-21,130.23
1510,loyal,2025-06-19,88.2
1510,loyal,2025-04-18,111.16
1511,loyal,2026-08-15,75.77
1511,loyal,2026-08-14,99.68
1511,loyal,2026-06-17,125.67
1511,loyal,2026-04-10,132.5
1511,loyal,2026-02-08,164.28
1511,loyal,2026-02-08,109.32
1511,loyal,2025-12-25,114.63
1511,loyal,2025-11-14,109.25
1511,loyal,2025-10-10,119.61
1511,loyal,2025-09-24,121.95
1511,loyal,2025-09-14,137.66
1511,loyal,2025-08-06,137.55
1511,loyal,2025-07-13,125.58
1511,loyal,2025-06-04,155.31
1511,loyal,2025-04-14,110.8
1511,loyal,2025-03-29,91.65
1512,new,2026-08-06,50.08
1512,new,2026-07-29,57.66
1512,new,2026-07-14,58.22
1512,new,2026-07-06,32.78
1512,new,2026-03-27,36.91
1512,new,2025-12-20,65.01
1512,new,2025-11-03,48.8
1512,new,2025-07-18,62.48
1512,new,2025-06-11,29.86
1513,low_value,2026-07-09,26.71
1513,low_value,2025-10-03,58.8
1513,low_value,2025-09-29,57.61
1513,low_value,2025-05-07,35.74
1514,low_value,2025-08-31,40.36
1514,low_value,2025-08-28,38.05
1515,loyal,2026-06-21,88.8
1515,loyal,2026-06-19,87.38
1515,loyal,2026-05-18,169.99
1515,loyal,2026-05-12,112.04
1515,loyal,2026-02-05,115.99
1515,loyal,2026-01-31,46.67
1515,loyal,2025-10-06,74.57
1515,loyal,2025-09-23,108.67
1515,loyal,2025-08-12,95.06
1515,loyal,2025-07-01,113.99
1515,loyal,2025-06-21,113.6
1516,loyal,2026-06-26,126.32
1516,loyal,2026-05-17,111.95
1516,loyal,2026-02-28,131.62
1516,loyal,2025-12-29,44.81
1516,loyal,2025-12-27,92.42
1516,loyal,2025-06-21,136.77
1516,loyal,2025-05-06,84.07
1516,loyal,2025-04-10,80.0
1516,loyal,2025-03-19,106.21
1517,low_value,2026-04-16,53.56
1517,low_value,2026-03-15,56.2
1517,low_value,2026-02-01,49.97
1517,low_value,2025-07-31,67.43
1517,low_value,2025-05-21,10.0
1518,loyal,2026-07-27,54.44
1518,loyal,2026-06-01,98.75
1518,loyal,2026-05-20,103.22
1518,loyal,2026-04-04,93.55
1518,loyal,2026-03-05,52.44
1518,loyal,2026-02-16,127.54
1518,loyal,2025-11-06,135.97
1518,loyal,2025-11-02,86.16
1518,loyal,2025-08-03,104.42
1518,loyal,2025-06-15,95.09
1518,loyal,2025-05-24,95.38
1518,loyal,2025-05-09,124.79
1518,loyal,2025-05-06,125.52
1519,loyal,2026-06-20,106.36
1519,loyal,2026-06-14,120.05
1519,loyal,2026-05-11,128.16
1519,loyal,2026-02-24,169.39
1519,loyal,2026-01-28,80.51
1519,loyal,2026-01-26,189.67
1519,loyal,2026-01-26,100.49
1519,loyal,2026-01-16,74.9
1519,loyal,2025-12-30,100.54
1519,loyal,2025-12-21,85.71
1519,loyal,2025-09-08,122.58
1519,loyal,2025-07-28,60.43
1519,loyal,2025-05-05,114.25
1519,loyal,2025-03-22,129.92
1520,loyal,2026-08-18,131.75
1520,loyal,2026-06-23,103.5
1520,loyal,2026-06-21,112.98
1520,loyal,2026-05-02,95.31
1520,loyal,2026-04-27,141.94
1520,loyal,2026-03-29,144.18
1520,loyal,2026-03-09,100.75
1520,loyal,2026-02-17,195.52
1520,loyal,2026-01-25,87.01
1520,loyal,2025-09-17,140.22
1520,loyal,2025-09-11,81.47
1520,loyal,2025-08-13,133.19
1520,loyal,2025-08-01,130.85
1520,loyal,2025-07-12,79.65
1520,loyal,2025-06-20,106.08
1520,loyal,2025-06-07,166.03
1520,loyal,2025-05-07,85.57
1520,loyal,2025-04-08,122.06
1520,loyal,2025-03-28,120.06
1520,loyal,2025-03-27,108.73
1521,new,2026-06-10,45.31
1521,new,2026-06-02,108.95
1521,new,2025-12-26,60.61
1521,new,2025-05-09,60.94
1522,low_value,2026-02-03,63.45
1522,low_value,2025-10-17,19.59
1522,low_value,2025-06-13,50.24
1523,low_value,2026-01-26,20.66
1523,low_value,2025-09-26,52.81
1523,low_value,2025-05-03,45.16
1523,low_value,2025-04-25,100.28
1524,low_value,2025-07-29,51.56
1524,low_value,2025-05-01,10.0
1524,low_value,2025-04-27,45.05
1525,loyal,2026-07-23,136.86
1525,loyal,2026-04-30,115.28
1525,loyal,2026-04-15,82.58
1525,loyal,2026-04-12,89.65
1525,loyal,2026-02-08,101.39
1525,loyal,2026-01-10,96.81
1525,loyal,2025-11-20,72.21
1525,loyal,2025-11-18,107.97
1525,loyal,2025-11-14,69.99
1525,loyal,2025-11-04,138.47
1525,loyal,2025-08-18,142.13
1525,loyal,2025-06-24,79.9
1525,loyal,2025-05-21,88.5
1525,loyal,2025-05-13,97.31
1525,loyal,2025-05-09,109.05
1525,loyal,2025-05-05,117.71
1525,loyal,2025-04-10,123.89
1526,at_risk,2026-05-28,100.61
1526,at_risk,2026-03-04,110.16
1526,at_risk,2025-11-27,81.96
1526,at_risk,2025-11-11,131.93
1526,at_risk,2025-07-27,76.63
1527,new,2026-06-19,53.72
1527,new,2025-09-03,108.71
1527,new,2025-06-05,96.86
1527,new,2025-05-14,38.23
1527,new,2025-05-04,65.65
1528,loyal,2026-07-04,90.03
1528,loyal,2026-06-20,126.55
1528,loyal,2026-02-25,69.74
1528,loyal,2026-02-17,148.48
1528,loyal,2025-12-14,92.49
1528,loyal,2025-11-10,115.81
1528,loyal,2025-11-10,98.03
1528,loyal,2025-07-25,74.71
1528,loyal,2025-06-15,123.21
1529,loyal,2026-06-25,129.17
1529,loyal,2026-06-15,79.33
1529,loyal,2026-02-28,139.33
1529,loyal,2026-02-26,109.86
1529,loyal,2026-02-01,142.55
1529,loyal,2026-01-07,139.05
1529,loyal,2025-12-03,130.59
1529,loyal,2025-11-09,106.67
1529,loyal,2025-10-26,131.29
1529,loyal,2025-10-08,143.32
1529,loyal,2025-10-08,128.2
1529,loyal,2025-09-11,116.08
1529,loyal,2025-08-27,131.36
1529,loyal,2025-06-24,94.23
1529,loyal,2025-06-24,155.42
1529,loyal,2025-04-01,59.55
1529,loyal,2025-03-13,111.03
1530,at_risk,2026-08-09,133.8
1530,at_risk,2026-06-10,35.77
1530,at_risk,2026-05-10,164.69
1530,at_risk,2026-05-08,89.92
1530,at_risk,2026-01-18,38.77
1530,at_risk,2025-12-07,70.75
1530,at_risk,2025-11-24,98.58
1530,at_risk,2025-07-28,70.74
1530,at_risk,2025-05-31,23.32
1530,at_risk,2025-04-20,98.39
1531,loyal,2026-07-25,163.49
1531,loyal,2026-07-25,100.4
1531,loyal,2026-06-01,108.12
1531,loyal,2026-04-13,96.01
1531,loyal,2026-03-09,153.94
1531,loyal,2026-02-28,102.66
1531,loyal,2025-09-23,72.44
1531,loyal,2025-09-06,187.36
1531,loyal,2025-06-26,68.75
1531,loyal,2025-06-05,107.08
1531,loyal,2025-05-23,84.75
1531,loyal,2025-04-15,88.95
1532,new,2026-05-05,73.15
1532,new,2026-04-27,76.92
1532,new,2026-01-07,105.59
1532,new,2025-09-11,26.36
1533,low_value,2026-03-09,55.73
1533,low_value,2026-03-03,55.58
1533,low_value,2025-10-15,62.2
1533,low_value,2025-10-02,37.06
1533,low_value,2025-07-18,57.21
1533,low_value,2025-04-20,33.41
1534,champion,2026-08-25,218.24
1534,champion,2026-08-23,138.02
1534,champion,2026-08-21,201.0
1534,champion,2026-08-15,237.85
1534,champion,2026-06-07,142.07
1534,champion,2026-04-24,145.24
1534,champion,2026-04-23,209.4
1534,champion,2026-04-04,127.71
1534,champion,2026-02-12,148.9
1534,champion,2026-02-10,139.41
1534,champion,2026-01-12,209.9
1534,champion,2025-12-23,152.3
1534,champion,2025-12-10,168.62
1534,champion,2025-11-21,150.07
1534,champion,2025-09-24,225.94
1534,champion,2025-09-15,145.62
1534,champion,2025-08-12,123.7
1534,champion,2025-07-17,122.13
1534,champion,2025-06-23,207.75
1534,champion,2025-06-10,210.63
1534,champion,2025-04-26,229.94
1534,champion,2025-03-28,129.56
1534,champion,2025-03-21,170.75
1535,new,2026-07-20,39.13
1535,new,2026-03-28,115.2
1535,new,2026-03-20,59.83
1535,new,2026-03-16,61.24
1535,new,2025-12-21,62.02
1535,new,2025-12-14,67.99
1536,low_value,2026-05-09,10.0
1536,low_value,2026-04-21,37.63
1536,low_value,2025-09-11,68.2
1536,low_value,2025-09-01,45.1
1536,low_value,2025-07-24,56.96
1536,low_value,2025-04-08,26.96
1536,low_value,2025-03-29,51.95
1537,low_value,2025-12-02,26.82
1537,low_value,2025-08-19,35.58
1537,low_value,2025-04-11,14.35
1538,low_value,2026-04-04,18.51
1538,low_value,2026-02-05,67.35
1538,low_value,2026-01-30,10.0
1538,low_value,2025-09-17,42.16
1539,at_risk,2025-09-06,87.06
1539,at_risk,2025-07-04,58.31
1539,at_risk,2025-06-20,100.66
1539,at_risk,2025-06-09,97.78
1539,at_risk,2025-05-16,115.08
1539,at_risk,2025-04-10,78.14
1539,at_risk,2025-03-13,92.28
1540,low_value,2026-02-06,39.26
1540,low_value,2025-10-22,51.06
1540,low_value,2025-09-16,28.03
1540,low_value,2025-08-14,44.54
1540,low_value,2025-04-18,71.31
1541,loyal,2026-07-14,69.09
1541,loyal,2026-02-20,108.5
1541,loyal,2026-02-19,58.58
1541,loyal,2026-01-16,97.69
1541,loyal,2025-11-20,117.88
1541,loyal,2025-11-16,62.59
1541,loyal,2025-08-19,96.66
1541,loyal,2025-05-11,118.72
1541,loyal,2025-04-30,113.93
1542,at_risk,2025-12-21,138.86
1542,at_risk,2025-11-18,81.63
1542,at_risk,2025-10-12,45.89
1542,at_risk,2025-09-17,39.19
1542,at_risk,2025-08-06,118.25
1542,at_risk,2025-07-15,102.81
1542,at_risk,2025-06-18,86.03
1543,loyal,2026-05-10,67.91
1543,loyal,2026-04-25,157.09
1543,loyal,2026-04-08,41.99
1543,loyal,2026-03-26,124.09
1543,loyal,2026-02-08,137.21
1543,loyal,2025-11-17,139.62
1543,loyal,2025-11-15,118.32
1543,loyal,2025-08-24,149.6
1543,loyal,2025-07-29,163.5
1543,loyal,2025-06-15,100.93
1543,loyal,2025-03-28,123.42
1544,new,2026-03-15,65.56
1544,new,2026-01-13,26.9
1544,new,2025-11-05,75.54
1544,new,2025-09-11,86.98
1544,new,2025-09-01,83.29
1544,new,2025-03-16,66.24
1544,new,2025-03-12,98.39
1545,at_risk,2026-06-17,127.2
1545,at_risk,2026-03-07,128.71
1545,at_risk,2025-11-28,100.81
1545,at_risk,2025-10-14,97.69
1545,at_risk,2025-07-30,69.49
1545,at_risk,2025-07-24,76.9
1545,at_risk,2025-06-14,102.69
1546,loyal,2026-07-17,128.3
1546,loyal,2026-07-17,132.92
1546,loyal,2026-04-02,54.74
1546,loyal,2026-01-16,77.01
1546,loyal,2025-12-16,72.1
1546,loyal,2025-11-09,148.11
1546,loyal,2025-10-11,86.51
1546,loyal,2025-10-08,91.31
1546,loyal,2025-09-15,110.2
1546,loyal,2025-08-03,72.69
1546,loyal,2025-08-03,121.42
1546,loyal,2025-06-06,46.09
1546,loyal,2025-06-04,74.68
1546,loyal,2025-05-28,115.96
1546,loyal,2025-05-17,72.75
1546,loyal,2025-04-16,148.97
1546,loyal,2025-04-05,111.39
1547,low_value,2026-04-08,25.07
1548,at_risk,2026-06-06,128.61
1548,at_risk,2026-02-23,138.06
1548,at_risk,2025-10-26,70.24
1548,at_risk,2025-10-08,41.96
1548,at_risk,2025-07-07,59.77
1548,at_risk,2025-05-19,23.78
1548,at_risk,2025-05-09,56.01
1548,at_risk,2025-04-01,77.29
1548,at_risk,2025-04-01,100.83
1548,at_risk,2025-03-28,99.74
1549,loyal,2026-08-03,130.36
1549,loyal,2026-02-12,73.51
1549,loyal,2025-10-26,115.23
1549,loyal,2025-08-05,127.17
1549,loyal,2025-05-21,48.68
1549,loyal,2025-05-21,145.04
1549,loyal,2025-05-15,72.52
1549,loyal,2025-04-08,116.33
1550,loyal,2026-06-06,63.89
1550,loyal,2026-05-27,128.78
1550,loyal,2026-05-22,91.32
1550,loyal,2026-05-19,109.66
1550,loyal,2026-05-19,103.25
1550,loyal,2026-05-06,127.99
1550,loyal,2026-03-16,109.37
1550,loyal,2025-12-29,153.21
1550,loyal,2025-08-23,139.68
1550,loyal,2025-07-31,86.14
1550,loyal,2025-04-21,150.96
1550,loyal,2025-04-05,119.58
1550,loyal,2025-03-17,115.1
1551,at_risk,2026-03-05,68.25
1551,at_risk,2025-07-07,96.41
1551,at_risk,2025-06-21,101.72
1551,at_risk,2025-04-16,138.09
1552,at_risk,2026-04-13,142.0
1552,at_risk,2026-02-12,93.04
1552,at_risk,2026-02-10,55.35
1552,at_risk,2026-01-14,139.53
1552,at_risk,2025-12-31,67.91
1552,at_risk,2025-12-27,146.78
1552,at_risk,2025-12-15,85.79
1552,at_risk,2025-11-28,98.61
1552,at_risk,2025-11-02,149.63
1553,at_risk,2026-03-07,106.23
1553,at_risk,2026-02-28,161.11
1553,at_risk,2025-12-26,70.57
1553,at_risk,2025-10-25,68.28
1553,at_risk,2025-10-19,78.56
1553,at_risk,2025-09-06,76.52
1553,at_risk,2025-06-26,31.26
1553,at_risk,2025-04-09,99.83
1554,loyal,2026-06-18,75.85
1554,loyal,2026-06-15,116.06
1554,loyal,2026-04-29,126.04
1554,loyal,2026-03-28,133.33
1554,loyal,2026-02-28,126.83
1554,loyal,2025-11-24,94.41
1554,loyal,2025-11-23,113.26
1554,loyal,2025-11-06,100.5
1554,loyal,2025-10-28,115.23
1554,loyal,2025-09-05,112.05
1554,loyal,2025-08-10,94.85
1554,loyal,2025-08-04,99.58
1554,loyal,2025-07-19,54.43
1554,loyal,2025-05-25,134.9
1554,loyal,2025-04-09,118.93
1555,low_value,2025-10-17,29.06
1555,low_value,2025-08-21,79.01
1555,low_value,2025-06-18,52.42
1555,low_value,2025-04-18,85.72
1556,low_value,2026-07-25,31.62
1556,low_value,2026-03-08,66.65
1556,low_value,2026-01-03,38.95
1556,low_value,2025-08-24,51.58
1556,low_value,2025-08-20,41.87
1556,low_value,2025-08-11,66.25
1557,new,2026-08-01,99.46
1557,new,2026-05-27,62.14
1557,new,2026-04-04,95.33
1557,new,2026-03-23,69.06
1557,new,2025-12-13,102.39
1557,new,2025-09-29,64.12
1557,new,2025-04-13,53.34
1558,new,2026-06-13,112.26
1558,new,2026-04-07,87.86
1558,new,2025-10-13,97.67
1558,new,2025-08-26,91.46
1558,new,2025-07-16,39.85
1558,new,2025-05-28,69.01
1558,new,2025-05-18,107.42
1558,new,2025-04-15,88.01
1559,low_value,2025-06-15,55.82
1559,low_value,2025-04-13,57.25
1560,low_value,2026-07-21,18.82
1560,low_value,2025-12-30,26.83
1560,low_value,2025-11-08,28.21
1561,new,2026-04-24,27.95
1561,new,2026-02-13,91.78
1561,new,2026-01-22,36.47
1561,new,2025-12-09,81.17
1561,new,2025-09-21,98.23
1561,new,2025-08-21,92.18
1561,new,2025-05-15,29.02
1562,low_value,2026-02-09,48.27
1562,low_value,2025-12-18,49.57
1562,low_value,2025-10-09,55.06
1562,low_value,2025-06-23,74.21
1563,low_value,2026-06-13,65.41
1563,low_value,2026-02-11,64.02
1563,low_value,2026-01-10,43.94
1563,low_value,2025-06-18,47.91
1563,low_value,2025-03-27,68.83
1564,low_value,2025-11-07,49.92
1564,low_value,2025-10-24,52.07
1564,low_value,2025-09-28,15.73
1564,low_value,2025-05-04,35.4
1564,low_value,2025-03-24,39.13
1565,new,2026-05-10,32.76
1565,new,2026-05-10,55.05
1565,new,2026-03-30,90.9
1565,new,2026-03-21,101.52
1565,new,2026-03-10,50.67
1565,new,2025-12-19,26.66
1565,new,2025-11-03,93.17
1566,loyal,2026-07-20,106.53
1566,loyal,2026-06-24,107.21
1566,loyal,2026-01-06,130.07
1566,loyal,2025-12-07,126.35
1566,loyal,2025-12-07,79.89
1566,loyal,2025-11-16,97.67
1566,loyal,2025-09-18,89.98
1566,loyal,2025-08-04,101.52
1566,loyal,2025-08-01,164.8
1566,loyal,2025-06-28,128.52
1566,loyal,2025-05-15,107.61
1566,loyal,2025-05-03,147.34
1566,loyal,2025-03-19,115.65
1567,champion,2026-07-08,208.56
1567,champion,2026-07-04,169.73
1567,champion,2026-06-19,200.93
1567,champion,2026-05-15,192.66
1567,champion,2026-04-24,178.46
1567,champion,2026-04-11,137.38
1567,champion,2026-03-13,194.34
1567,champion,2026-02-12,107.32
1567,champion,2026-01-09,217.26
1567,champion,2025-09-28,187.88
1567,champion,2025-08-18,198.57
1567,champion,2025-08-10,75.32
1567,champion,2025-07-28,134.97
1567,champion,2025-07-23,159.77
1567,champion,2025-07-15,206.95
1567,champion,2025-06-19,142.29
1567,champion,2025-05-22,281.92
1567,champion,2025-03-29,169.47
1567,champion,2025-03-27,139.36
1568,new,2026-05-01,87.72
1568,new,2026-03-24,41.83
1568,new,2025-11-03,58.05
1568,new,2025-08-03,68.86
1568,new,2025-04-18,66.32
1569,new,2026-08-19,102.44
1569,new,2025-06-17,41.99
1570,at_risk,2026-04-04,78.39
1570,at_risk,2026-02-05,122.66
1570,at_risk,2025-11-17,98.52
1570,at_risk,2025-04-15,98.79
1570,at_risk,2025-03-26,28.17
1571,new,2026-07-30,76.7
1571,new,2025-06-17,65.01
1572,new,2026-05-16,71.7
1572,new,2026-03-20,83.85
1572,new,2026-03-13,129.8
1572,new,2025-05-24,57.21
1573,low_value,2026-05-13,14.34
1573,low_value,2025-12-28,17.65
1573,low_value,2025-08-12,36.68
1574,loyal,2026-07-21,140.88
1574,loyal,2026-05-30,106.61
1574,loyal,2026-04-05,153.17
1574,loyal,2026-01-26,132.8
1574,loyal,2025-12-24,151.78
1574,loyal,2025-12-03,108.71
1574,loyal,2025-09-08,138.55
1574,loyal,2025-09-01,86.95
1574,loyal,2025-07-21,83.91
1574,loyal,2025-03-26,175.39
1575,loyal,2026-07-14,60.61
1575,loyal,2026-06-30,145.68
1575,loyal,2026-05-30,165.61
1575,loyal,2026-05-30,59.12
1575,loyal,2026-05-14,142.48
1575,loyal,2026-04-06,116.76
1575,loyal,2026-02-23,100.19
1575,loyal,2026-02-16,113.19
1575,loyal,2026-02-05,123.3
1575,loyal,2026-01-15,144.73
1575,loyal,2026-01-07,143.18
1575,loyal,2025-12-19,64.79
1575,loyal,2025-11-14,90.54
1575,loyal,2025-10-15,112.81
1575,loyal,2025-10-05,157.17
1575,loyal,2025-08-26,28.18
1575,loyal,2025-08-19,91.67
1575,loyal,2025-08-09,64.16
1575,loyal,2025-07-23,68.92
1575,loyal,2025-06-01,139.57
1575,loyal,2025-04-21,94.04
1575,loyal,2025-04-19,39.99
1575,loyal,2025-03-19,105.25
1576,low_value,2026-06-20,44.35
1576,low_value,2026-06-03,15.26
1576,low_value,2026-04-08,24.97
1576,low_value,2025-07-08,10.0
1576,low_value,2025-03-21,56.88
1577,low_value,2026-02-08,36.58
1577,low_value,2026-01-09,34.81
1577,low_value,2025-12-29,44.77
1577,low_value,2025-10-22,75.38
1577,low_value,2025-06-16,60.82
1577,low_value,2025-05-06,36.81
1577,low_value,2025-03-29,62.38
1578,low_value,2026-05-09,50.07
1579,low_value,2026-03-24,63.49
1579,low_value,2025-08-08,52.16
1579,low_value,2025-05-09,60.44
1580,low_value,2026-02-25,60.85
1580,low_value,2025-11-11,30.01
1580,low_value,2025-08-14,66.76
1581,at_risk,2026-03-12,95.09
1581,at_risk,2025-09-14,96.62
1581,at_risk,2025-08-27,67.27
1581,at_risk,2025-08-08,132.36
1581,at_risk,2025-07-28,65.11
1581,at_risk,2025-06-23,33.09
1581,at_risk,2025-03-12,55.73
1582,at_risk,2026-03-14,129.29
1582,at_risk,2026-02-05,84.67
1582,at_risk,2026-01-21,88.3
1582,at_risk,2026-01-04,42.53
1582,at_risk,2025-11-20,58.93
1583,loyal,2026-07-19,169.96
1583,loyal,2026-07-12,122.91
1583,loyal,2026-05-28,145.26
1583,loyal,2026-03-24,100.94
1583,loyal,2026-03-10,71.95
1583,loyal,2026-02-28,133.87
1583,loyal,2026-02-23,82.42
1583,loyal,2026-02-22,149.31
1583,loyal,2026-01-20,141.44
1583,loyal,2025-12-01,117.06
1583,loyal,2025-11-14,115.38
1583,loyal,2025-11-04,139.68
1583,loyal,2025-10-20,118.24
1583,loyal,2025-08-02,97.87
1583,loyal,2025-07-17,64.56
1583,loyal,2025-06-09,138.77
1583,loyal,2025-05-20,120.99
1583,loyal,2025-04-17,192.67
1584,new,2026-04-15,107.35
1584,new,2025-11-12,45.83
1584,new,2025-06-23,68.07
1585,low_value,2026-03-02,53.04
1585,low_value,2025-09-11,68.02
1586,at_risk,2026-03-06,104.54
1586,at_risk,2026-01-22,135.7
1586,at_risk,2026-01-19,82.73
1586,at_risk,2025-12-25,143.54
1586,at_risk,2025-12-05,117.2
1586,at_risk,2025-09-11,156.93
1586,at_risk,2025-07-14,115.39
1586,at_risk,2025-05-05,159.84
1586,at_risk,2025-03-27,105.5
1587,new,2026-04-04,93.53
1587,new,2026-03-23,48.22
1587,new,2026-02-18,101.69
1587,new,2026-01-07,56.72
1587,new,2025-10-25,73.2
1587,new,2025-08-24,80.28
1587,new,2025-08-17,29.58
1587,new,2025-07-30,75.09
1587,new,2025-05-08,78.75
1587,new,2025-03-15,98.5
1588,loyal,2026-07-09,79.6
1588,loyal,2026-05-14,121.93
1588,loyal,2026-03-13,77.6
1588,loyal,2026-02-15,139.19
1588,loyal,2026-01-03,116.38
1588,loyal,2025-12-26,140.12
1588,loyal,2025-10-01,37.3
1588,loyal,2025-09-26,57.26
1588,loyal,2025-09-20,148.78
1588,loyal,2025-08-08,88.41
1588,loyal,2025-07-27,66.01
1588,loyal,2025-05-23,103.92
1588,loyal,2025-03-31,117.27
1589,loyal,2026-05-27,126.58
1589,loyal,2026-01-29,82.91
1589,loyal,2025-12-03,107.24
1589,loyal,2025-11-26,123.15
1589,loyal,2025-11-12,92.4
1589,loyal,2025-09-23,93.82
1589,loyal,2025-08-30,68.26
1589,loyal,2025-05-11,23.52
1589,loyal,2025-05-06,98.78
1589,loyal,2025-04-10,113.82
1589,loyal,2025-03-29,77.14
1590,loyal,2026-06-26,56.83
1590,loyal,2026-06-12,129.17
1590,loyal,2026-06-05,135.81
1590,loyal,2026-03-07,103.62
1590,loyal,2025-12-23,37.34
1590,loyal,2025-10-12,101.12
1590,loyal,2025-08-04,92.57
1590,loyal,2025-07-21,155.89
1590,loyal,2025-05-27,107.34
1591,champion,2026-08-14,177.12
1591,champion,2026-08-08,212.77
1591,champion,2026-07-27,154.73
1591,champion,2026-07-22,214.39
1591,champion,2026-07-20,121.01
1591,champion,2026-06-21,186.73
1591,champion,2026-05-15,181.03
1591,champion,2026-05-13,220.11
1591,champion,2026-05-08,143.24
1591,champion,2026-04-24,147.61
1591,champion,2026-04-04,124.22
1591,champion,2026-03-26,157.33
1591,champion,2026-02-03,190.22
1591,champion,2025-11-27,108.09
1591,champion,2025-11-26,162.28
1591,champion,2025-11-17,204.43
1591,champion,2025-11-07,175.88
1591,champion,2025-08-27,183.01
1591,champion,2025-07-03,119.76
1591,champion,2025-05-14,176.0
1592,low_value,2026-04-16,24.2
1592,low_value,2025-04-12,64.49
1593,at_risk,2026-03-24,115.12
1593,at_risk,2025-08-07,108.64
1593,at_risk,2025-07-23,122.61
1593,at_risk,2025-05-18,137.69
1593,at_risk,2025-04-14,89.45
1594,low_value,2026-05-15,31.14
1594,low_value,2026-02-22,53.24
1594,low_value,2025-12-10,65.14
1594,low_value,2025-12-08,16.23
1594,low_value,2025-08-02,55.67
1594,low_value,2025-06-09,52.29
1594,low_value,2025-05-30,82.61
1594,low_value,2025-04-29,56.14
1594,low_value,2025-03-26,36.78
1595,low_value,2026-02-01,37.9
1596,loyal,2026-04-13,58.18
1596,loyal,2026-02-03,113.02
1596,loyal,2026-01-16,112.41
1596,loyal,2026-01-10,85.52
1596,loyal,2025-12-28,54.96
1596,loyal,2025-08-26,116.19
1596,loyal,2025-07-20,119.98
1596,loyal,2025-06-27,121.84
1596,loyal,2025-04-10,80.3
1597,loyal,2026-08-01,115.53
1597,loyal,2026-07-17,170.81
1597,loyal,2026-04-17,74.12
1597,loyal,2025-12-14,159.13
1597,loyal,2025-07-05,104.2
1597,loyal,2025-05-07,108.97
1597,loyal,2025-04-19,146.54
1597,loyal,2025-04-16,170.64
1597,loyal,2025-03-31,122.69
1598,low_value,2025-09-25,17.95
1599,loyal,2026-07-26,144.8
1599,loyal,2026-06-14,147.93
1599,loyal,2026-04-08,123.24
1599,loyal,2026-02-22,131.17
1599,loyal,2026-01-22,126.47
1599,loyal,2025-09-18,80.34
1599,loyal,2025-08-13,73.44
1599,loyal,2025-08-10,108.47
1599,loyal,2025-07-21,103.97
1599,loyal,2025-04-05,118.31
1600,low_value,2026-03-08,59.75
1601,loyal,2026-05-03,119.5
1601,loyal,2026-04-23,134.06
1601,loyal,2026-04-13,110.43
1601,loyal,2026-03-28,150.91
1601,loyal,2025-11-14,134.7
1601,loyal,2025-07-01,138.69
1601,loyal,2025-06-18,81.84
1601,loyal,2025-05-25,117.9
1602,low_value,2026-02-19,81.45
1602,low_value,2025-07-03,62.18
1602,low_value,2025-04-21,34.71
1602,low_value,2025-03-31,11.68
1603,low_value,2025-11-27,42.1
1603,low_value,2025-04-19,45.35
1603,low_value,2025-03-29,26.02
1604,loyal,2026-08-02,50.69
1604,loyal,2026-01-17,48.29
1604,loyal,2026-01-13,119.82
1604,loyal,2025-08-13,141.41
1604,loyal,2025-08-10,102.85
1604,loyal,2025-07-18,174.36
1604,loyal,2025-06-10,66.7
1605,loyal,2026-08-01,85.37
1605,loyal,2026-07-31,82.32
1605,loyal,2026-07-04,94.23
1605,loyal,2026-05-11,110.96
1605,loyal,2026-04-18,53.86
1605,loyal,2026-03-27,138.34
1605,loyal,2026-03-25,110.55
1605,loyal,2026-03-22,78.05
1605,loyal,2026-02-01,158.5
1605,loyal,2026-01-20,111.25
1605,loyal,2025-11-01,69.95
1605,loyal,2025-10-10,157.15
1605,loyal,2025-09-21,150.65
1605,loyal,2025-08-07,82.74
1605,loyal,2025-08-04,100.31
1605,loyal,2025-07-01,96.27
1605,loyal,2025-06-29,53.32
1605,loyal,2025-04-11,119.74
1605,loyal,2025-03-19,135.35
1606,low_value,2026-03-23,31.78
1606,low_value,2026-03-11,33.5
1606,low_value,2026-01-08,32.04
1607,loyal,2026-04-20,109.83
1607,loyal,2025-10-04,90.51
1607,loyal,2025-09-12,119.33
1607,loyal,2025-09-05,83.37
1607,loyal,2025-08-02,111.04
1607,loyal,2025-07-10,105.45
1607,loyal,2025-06-25,188.9
1607,loyal,2025-06-15,73.19
1607,loyal,2025-06-14,29.98
1607,loyal,2025-06-01,90.87
1607,loyal,2025-05-10,58.53
1608,at_risk,2025-11-11,67.71
1608,at_risk,2025-08-17,116.67
1608,at_risk,2025-06-24,95.95
1608,at_risk,2025-06-13,87.91
1608,at_risk,2025-05-29,98.36
1608,at_risk,2025-04-11,121.29
1608,at_risk,2025-03-27,20.89
1609,at_risk,2026-06-03,78.82
1609,at_risk,2026-05-02,93.7
1609,at_risk,2025-12-13,110.77
1609,at_risk,2025-08-18,56.12
1609,at_risk,2025-08-06,101.23
1609,at_risk,2025-04-10,101.22
1610,loyal,2026-08-05,75.27
1610,loyal,2026-06-22,64.76
1610,loyal,2026-06-18,92.76
1610,loyal,2026-06-01,106.55
1610,loyal,2026-04-03,112.86
1610,loyal,2026-03-23,41.44
1610,loyal,2026-03-17,57.39
1610,loyal,2026-03-02,143.89
1610,loyal,2026-02-22,104.31
1610,loyal,2026-02-21,109.93
1610,loyal,2026-01-09,70.0
1610,loyal,2025-11-26,109.87
1610,loyal,2025-11-18,98.73
1610,loyal,2025-10-20,91.44
1610,loyal,2025-08-29,66.14
1610,loyal,2025-08-01,83.95
1610,loyal,2025-06-14,169.16
1610,loyal,2025-04-25,99.52
1611,low_value,2025-09-04,66.52
1611,low_value,2025-06-20,10.0
1611,low_value,2025-06-01,51.21
1611,low_value,2025-05-12,55.75
1612,low_value,2025-08-09,20.38
1613,at_risk,2026-06-18,100.36
1613,at_risk,2026-03-12,118.1
1613,at_risk,2025-11-05,10.0
1613,at_risk,2025-07-30,94.88
1613,at_risk,2025-07-25,88.68
1613,at_risk,2025-07-15,121.05
1613,at_risk,2025-06-14,110.01
1614,low_value,2026-06-09,56.49
1614,low_value,2026-02-27,60.72
1614,low_value,2025-11-19,72.54
1614,low_value,2025-09-25,65.32
1614,low_value,2025-08-04,45.63
1615,loyal,2026-05-05,68.75
1615,loyal,2026-02-21,108.77
1615,loyal,2026-02-07,154.5
1615,loyal,2025-12-27,130.46
1615,loyal,2025-10-16,104.61
1615,loyal,2025-10-10,181.68
1615,loyal,2025-09-02,107.14
1615,loyal,2025-07-23,121.91
1615,loyal,2025-07-15,159.48
1615,loyal,2025-06-15,139.43
1615,loyal,2025-06-13,149.65
1615,loyal,2025-05-22,83.01
1615,loyal,2025-04-10,146.85
1616,champion,2026-07-31,112.57
1616,champion,2026-07-19,179.29
1616,champion,2026-04-25,156.53
1616,champion,2026-04-10,130.53
1616,champion,2026-03-27,258.34
1616,champion,2026-02-20,213.15
1616,champion,2026-02-14,177.66
1616,champion,2026-02-05,189.33
1616,champion,2026-01-19,169.39
1616,champion,2026-01-19,129.85
1616,champion,2026-01-17,221.23
1616,champion,2025-12-19,214.05
1616,champion,2025-12-09,100.91
1616,champion,2025-10-30,189.06
1616,champion,2025-10-30,193.47
1616,champion,2025-10-19,167.13
1616,champion,2025-10-16,263.89
1616,champion,2025-09-20,259.55
1616,champion,2025-09-09,164.9
1616,champion,2025-09-03,171.09
1616,champion,2025-08-26,166.39
1616,champion,2025-07-20,155.55
1616,champion,2025-07-15,143.17
1616,champion,2025-06-25,200.27
1616,champion,2025-06-10,258.46
1616,champion,2025-04-23,242.0
1616,champion,2025-04-20,211.57
1616,champion,2025-04-09,83.72
1617,new,2026-07-10,78.58
1617,new,2026-02-21,114.36
1617,new,2025-12-29,83.19
1617,new,2025-07-29,93.71
1617,new,2025-06-11,70.91
1618,low_value,2026-06-16,12.8
1618,low_value,2026-03-22,59.62
1618,low_value,2026-01-04,41.72
1619,champion,2026-08-29,246.28
1619,champion,2026-07-11,210.45
1619,champion,2026-06-20,147.99
1619,champion,2026-05-28,230.67
1619,champion,2026-05-25,175.05
1619,champion,2026-05-16,181.33
1619,champion,2026-03-25,184.28
1619,champion,2026-02-14,218.75
1619,champion,2025-12-28,249.95
1619,champion,2025-12-24,180.98
1619,champion,2025-08-15,249.25
1619,champion,2025-07-10,186.58
1619,champion,2025-06-08,236.09
1619,champion,2025-05-20,187.94
1620,loyal,2026-07-05,109.8
1620,loyal,2026-06-26,100.92
1620,loyal,2026-06-17,79.09
1620,loyal,2026-06-04,95.33
1620,loyal,2026-04-20,125.17
1620,loyal,2026-04-12,91.84
1620,loyal,2026-02-17,118.75
1620,loyal,2025-12-25,56.71
1620,loyal,2025-11-06,160.38
1620,loyal,2025-10-21,98.26
1620,loyal,2025-07-30,136.11
1620,loyal,2025-04-24,115.66
1620,loyal,2025-04-20,122.07
1620,loyal,2025-04-13,76.04
1621,new,2026-06-23,52.0
1621,new,2026-06-04,61.35
1621,new,2026-03-17,94.55
1621,new,2025-10-19,81.72
1621,new,2025-09-05,101.98
1621,new,2025-05-13,105.9
1622,low_value,2026-02-02,36.24
1622,low_value,2025-11-07,10.0
1622,low_value,2025-09-09,60.26
1622,low_value,2025-06-05,16.18
1622,low_value,2025-05-26,61.56
1622,low_value,2025-05-13,79.83
1622,low_value,2025-04-15,19.34
1622,low_value,2025-03-25,68.37
1623,loyal,2026-08-02,123.15
1623,loyal,2026-06-03,142.17
1623,loyal,2026-03-14,135.57
1623,loyal,2025-12-01,136.74
1623,loyal,2025-10-02,113.41
1623,loyal,2025-09-14,107.16
1623,loyal,2025-09-13,118.16
1623,loyal,2025-08-16,87.09
1623,loyal,2025-08-02,143.36
1623,loyal,2025-07-02,64.09
1623,loyal,2025-05-26,94.87
1623,loyal,2025-05-24,108.91
1623,loyal,2025-05-19,124.09
1623,loyal,2025-05-06,129.73
1623,loyal,2025-04-13,154.67
1624,at_risk,2026-05-13,53.47
1624,at_risk,2026-02-24,44.04
1624,at_risk,2026-02-14,72.14
1624,at_risk,2025-12-09,127.25
1624,at_risk,2025-11-08,154.66
1624,at_risk,2025-08-24,110.69
1624,at_risk,2025-07-09,49.99
1624,at_risk,2025-06-30,94.22
1625,low_value,2026-01-19,25.61
1625,low_value,2025-12-13,59.97
1625,low_value,2025-12-05,29.98
1625,low_value,2025-10-20,53.03
1625,low_value,2025-05-12,41.36
1626,at_risk,2026-07-26,142.84
1626,at_risk,2026-06-13,71.02
1626,at_risk,2026-05-21,123.36
1626,at_risk,2026-04-18,157.43
1626,at_risk,2026-03-22,83.19
1626,at_risk,2025-09-10,71.64
1627,loyal,2026-06-02,135.39
1627,loyal,2026-04-18,152.37
1627,loyal,2026-04-12,167.84
1627,loyal,2026-02-13,120.39
1627,loyal,2026-02-12,101.35
1627,loyal,2026-01-18,52.93
1627,loyal,2026-01-17,81.86
1627,loyal,2025-11-24,116.26
1627,loyal,2025-09-28,74.57
1627,loyal,2025-07-14,62.45
1627,loyal,2025-04-21,111.97
1627,loyal,2025-04-13,133.3
1628,loyal,2026-03-18,153.43
1628,loyal,2026-01-25,104.9
1628,loyal,2026-01-04,116.81
1628,loyal,2025-12-27,85.77
1628,loyal,2025-11-25,70.29
1628,loyal,2025-10-03,101.63
1628,loyal,2025-09-10,149.09
1628,loyal,2025-09-04,88.94
1628,loyal,2025-08-31,158.38
1628,loyal,2025-07-20,92.81
1628,loyal,2025-06-12,77.95
1628,loyal,2025-06-12,117.61
1628,loyal,2025-03-25,130.37
1629,at_risk,2026-03-29,126.88
1629,at_risk,2026-03-24,91.91
1629,at_risk,2026-02-03,142.58
1629,at_risk,2025-10-09,90.93
1629,at_risk,2025-08-28,82.15
1629,at_risk,2025-08-22,139.73
1629,at_risk,2025-08-07,95.75
1629,at_risk,2025-07-28,90.57
1629,at_risk,2025-06-13,96.17
1629,at_risk,2025-06-02,146.33
1629,at_risk,2025-05-25,105.71
1630,new,2026-07-12,93.93
1630,new,2025-11-28,97.91
1630,new,2025-08-12,101.34
1630,new,2025-08-08,72.62
1630,new,2025-04-16,108.51
1631,low_value,2025-10-27,23.28
1631,low_value,2025-10-09,15.6
1632,new,2026-07-31,61.47
1632,new,2026-05-19,65.79
1632,new,2026-05-18,59.96
1632,new,2026-05-14,70.01
1632,new,2026-05-06,92.49
1632,new,2026-03-28,65.04
1632,new,2026-01-27,147.76
1632,new,2025-11-28,58.68
1632,new,2025-10-24,104.44
1632,new,2025-10-12,83.6
1632,new,2025-09-20,72.71
1632,new,2025-08-30,106.77
1632,new,2025-04-03,30.0
1632,new,2025-04-01,80.63
1633,low_value,2025-03-24,25.72
1634,low_value,2026-04-03,60.18
1634,low_value,2025-06-16,54.04
1635,at_risk,2026-03-17,74.56
1635,at_risk,2025-08-12,199.84
1635,at_risk,2025-06-05,70.76
1635,at_risk,2025-03-12,86.81
1636,at_risk,2026-03-27,74.03
1636,at_risk,2026-03-11,77.49
1636,at_risk,2026-03-02,128.99
1636,at_risk,2025-09-02,171.11
1636,at_risk,2025-04-27,106.88
1637,low_value,2026-02-26,62.79
1638,loyal,2026-06-17,108.46
1638,loyal,2026-02-13,121.91
1638,loyal,2026-02-12,90.92
1638,loyal,2025-11-13,120.27
1638,loyal,2025-11-13,115.04
1638,loyal,2025-11-09,96.5
1638,loyal,2025-08-19,151.92
1638,loyal,2025-08-08,102.97
1638,loyal,2025-07-26,113.99
1638,loyal,2025-07-12,65.99
1638,loyal,2025-07-09,125.58
1638,loyal,2025-06-11,95.69
1639,low_value,2026-04-27,36.31
1639,low_value,2025-12-24,48.84
1639,low_value,2025-11-06,56.53
1639,low_value,2025-09-03,51.08
1639,low_value,2025-03-19,26.26
1640,low_value,2026-08-12,79.56
1640,low_value,2025-11-19,10.0
1640,low_value,2025-08-12,69.61
1640,low_value,2025-04-19,45.4
1641,loyal,2026-08-09,159.2
1641,loyal,2026-05-12,57.31
1641,loyal,2026-05-07,122.56
1641,loyal,2026-04-11,140.69
1641,loyal,2025-12-06,121.9
1641,loyal,2025-11-27,126.94
1641,loyal,2025-08-20,102.05
1641,loyal,2025-07-29,123.88
1641,loyal,2025-03-17,88.75
1642,new,2026-05-18,10.0
1642,new,2025-04-08,79.07
1643,loyal,2026-08-18,117.86
1643,loyal,2026-07-04,116.59
1643,loyal,2026-06-23,80.4
1643,loyal,2026-06-19,114.67
1643,loyal,2026-05-09,137.53
1643,loyal,2026-04-23,126.11
1643,loyal,2026-01-09,122.34
1643,loyal,2026-01-08,159.28
1643,loyal,2026-01-07,115.03
1643,loyal,2025-07-21,84.74
1643,loyal,2025-06-03,84.84
1644,loyal,2026-07-28,111.13
1644,loyal,2026-05-15,114.25
1644,loyal,2026-05-02,109.05
1644,loyal,2026-03-22,151.77
1644,loyal,2025-11-03,147.32
1644,loyal,2025-09-22,174.3
1644,loyal,2025-08-23,109.68
1644,loyal,2025-05-13,97.68
1644,loyal,2025-04-08,80.97
1645,new,2026-02-16,108.86
1645,new,2026-01-24,64.8
1645,new,2025-11-27,87.51
1645,new,2025-09-27,85.49
1645,new,2025-06-28,110.55
1645,new,2025-05-09,59.05
1645,new,2025-05-04,72.65
1645,new,2025-04-16,34.97
1645,new,2025-03-27,72.58
1646,loyal,2026-06-24,66.1
1646,loyal,2026-06-23,86.03
1646,loyal,2025-09-22,73.49
1646,loyal,2025-09-17,110.48
1646,loyal,2025-09-05,108.18
1646,loyal,2025-07-24,146.15
1646,loyal,2025-03-31,107.03
1647,low_value,2026-05-07,32.96
1647,low_value,2026-01-28,15.82
1647,low_value,2025-11-05,44.07
1647,low_value,2025-10-21,24.47
1647,low_value,2025-08-25,30.43
1648,low_value,2026-05-10,26.64
1648,low_value,2025-10-31,58.45
1648,low_value,2025-09-28,19.71
1648,low_value,2025-08-22,58.57
1649,low_value,2025-11-12,58.78
1649,low_value,2025-10-05,47.87
1649,low_value,2025-09-09,66.99
1649,low_value,2025-08-11,23.95
1649,low_value,2025-04-15,10.0
1650,loyal,2026-04-11,132.44
1650,loyal,2026-03-08,134.46
1650,loyal,2026-02-10,144.17
1650,loyal,2026-01-27,70.01
1650,loyal,2026-01-16,126.08
1650,loyal,2025-12-20,101.2
1650,loyal,2025-12-15,82.37
1650,loyal,2025-11-29,111.44
1650,loyal,2025-11-28,55.66
1650,loyal,2025-09-15,137.69
1650,loyal,2025-07-16,101.28
1650,loyal,2025-05-11,95.67
1651,loyal,2026-06-05,111.45
1651,loyal,2026-04-15,106.9
1651,loyal,2026-03-27,106.27
1651,loyal,2026-03-27,94.52
1651,loyal,2026-03-02,145.1
1651,loyal,2026-02-24,112.82
1651,loyal,2026-01-20,44.64
1651,loyal,2025-08-25,145.97
1651,loyal,2025-08-06,138.62
1651,loyal,2025-07-23,128.05
1651,loyal,2025-06-13,27.34
1651,loyal,2025-05-23,109.91
1651,loyal,2025-04-27,136.8
1651,loyal,2025-04-22,121.38
1652,loyal,2026-06-24,110.11
1652,loyal,2026-06-04,127.71
1652,loyal,2026-05-04,137.76
1652,loyal,2026-02-20,137.93
1652,loyal,2026-02-08,107.94
1652,loyal,2025-12-20,104.86
1652,loyal,2025-11-09,92.24
1652,loyal,2025-09-18,117.5
1652,loyal,2025-09-17,60.77
1652,loyal,2025-08-06,110.68
1652,loyal,2025-06-17,195.49
1652,loyal,2025-05-02,64.88
1652,loyal,2025-04-10,114.71
1653,loyal,2026-06-03,129.94
1653,loyal,2026-04-18,81.0
1653,loyal,2026-01-23,93.69
1653,loyal,2026-01-10,92.6
1653,loyal,2026-01-07,60.69
1653,loyal,2025-12-31,132.87
1653,loyal,2025-12-30,134.0
1653,loyal,2025-12-13,100.02
1653,loyal,2025-10-12,109.16
1653,loyal,2025-10-09,113.44
1653,loyal,2025-08-11,117.33
1653,loyal,2025-07-29,69.57
1653,loyal,2025-06-07,124.65
1653,loyal,2025-06-01,74.73
1653,loyal,2025-03-31,130.44
1654,low_value,2026-08-05,48.7
1654,low_value,2026-08-04,33.01
1654,low_value,2026-06-08,18.06
1654,low_value,2026-06-04,14.39
1654,low_value,2026-03-02,51.46
1655,at_risk,2026-02-07,103.83
1655,at_risk,2025-08-13,76.4
1655,at_risk,2025-08-05,77.38
1655,at_risk,2025-05-07,96.11
1655,at_risk,2025-04-03,77.37
1655,at_risk,2025-03-17,62.2
1656,loyal,2026-07-28,112.18
1656,loyal,2026-06-19,90.88
1656,loyal,2026-01-20,96.06
1656,loyal,2026-01-02,122.6
1656,loyal,2025-12-26,123.19
1656,loyal,2025-10-06,69.89
1656,loyal,2025-10-02,118.51
1656,loyal,2025-10-01,126.59
1656,loyal,2025-08-11,92.29
1656,loyal,2025-08-06,89.24
1656,loyal,2025-08-03,123.24
1656,loyal,2025-07-23,32.81
1656,loyal,2025-07-17,110.06
1656,loyal,2025-07-17,159.03
1657,low_value,2025-09-05,55.41
1657,low_value,2025-06-23,65.03
1658,at_risk,2025-11-08,93.53
1658,at_risk,2025-03-13,71.73
1659,champion,2026-06-30,214.36
1659,champion,2026-06-28,131.53
1659,champion,2026-05-31,161.13
1659,champion,2026-05-24,156.92
1659,champion,2026-03-26,256.04
1659,champion,2025-12-26,246.1
1659,champion,2025-12-14,143.15
1659,champion,2025-11-26,121.63
1659,champion,2025-10-10,210.92
1659,champion,2025-09-17,201.76
1659,champion,2025-07-29,229.76
1659,champion,2025-07-21,137.64
1659,champion,2025-07-17,208.94
1659,champion,2025-06-04,150.73
1659,champion,2025-05-19,204.93
1659,champion,2025-04-15,178.52
1659,champion,2025-03-18,256.02
1659,champion,2025-03-13,197.9
1660,loyal,2026-02-14,100.78
1660,loyal,2026-01-20,107.36
1660,loyal,2026-01-16,58.47
1660,loyal,2025-11-12,133.24
1660,loyal,2025-09-27,147.29
1660,loyal,2025-09-15,147.49
1660,loyal,2025-08-24,131.03
1660,loyal,2025-08-03,120.57
1660,loyal,2025-05-21,80.07
1660,loyal,2025-04-26,119.59
1660,loyal,2025-04-10,91.05
1660,loyal,2025-04-09,125.76
1660,loyal,2025-04-04,87.08
1660,loyal,2025-03-17,125.56
1661,new,2026-05-29,83.03
1661,new,2025-08-12,107.78
1661,new,2025-07-29,86.73
1662,low_value,2025-09-12,75.72
1662,low_value,2025-07-06,24.29
1662,low_value,2025-07-01,59.85
1662,low_value,2025-05-01,72.76
1662,low_value,2025-04-01,61.38
1662,low_value,2025-03-28,53.73
1663,loyal,2026-06-11,105.31
1663,loyal,2026-05-13,105.7
1663,loyal,2025-12-31,90.19
1663,loyal,2025-11-21,128.77
1663,loyal,2025-11-15,132.11
1663,loyal,2025-10-13,100.83
1663,loyal,2025-09-29,100.57
1663,loyal,2025-09-19,78.48
1663,loyal,2025-06-04,117.63
1664,low_value,2025-11-10,17.76
1664,low_value,2025-10-07,23.47
1664,low_value,2025-08-03,51.67
1665,low_value,2026-05-05,35.15
1665,low_value,2026-03-29,31.64
1665,low_value,2025-09-10,60.12
1665,low_value,2025-06-18,40.07
1665,low_value,2025-03-23,53.24
1666,low_value,2025-10-20,51.27
1666,low_value,2025-08-30,25.32
1667,loyal,2026-05-11,124.31
1667,loyal,2026-04-11,132.26
1667,loyal,2026-01-01,102.94
1667,loyal,2025-08-23,116.45
1667,loyal,2025-05-15,95.5
1668,champion,2026-08-13,220.54
1668,champion,2026-07-27,190.78
1668,champion,2026-07-25,154.33
1668,champion,2026-06-29,154.67
1668,champion,2026-06-12,181.76
1668,champion,2026-05-10,161.71
1668,champion,2026-03-07,179.77
1668,champion,2026-02-20,202.32
1668,champion,2026-02-09,118.66
1668,champion,2026-02-06,149.67
1668,champion,2026-01-27,178.65
1668,champion,2025-12-07,242.61
1668,champion,2025-11-01,213.81
1668,champion,2025-10-20,179.86
1668,champion,2025-09-08,196.09
1668,champion,2025-08-17,175.94
1668,champion,2025-08-13,223.09
1668,champion,2025-07-13,197.35
1668,champion,2025-07-12,231.15
1668,champion,2025-06-10,125.79
1668,champion,2025-04-09,147.75
1668,champion,2025-03-23,190.98
1669,low_value,2025-12-20,79.67
1669,low_value,2025-10-01,62.53
1669,low_value,2025-04-21,12.92
1670,at_risk,2026-06-21,133.43
1670,at_risk,2026-01-30,147.56
1670,at_risk,2025-12-15,110.07
1670,at_risk,2025-09-30,135.2
1670,at_risk,2025-07-01,110.93
1671,new,2026-07-20,79.25
1671,new,2026-05-23,46.18
1671,new,2026-02-20,57.41
1671,new,2025-10-19,79.2
1672,low_value,2025-12-09,71.8
1672,low_value,2025-06-25,25.07
1672,low_value,2025-05-04,79.21
1672,low_value,2025-05-01,70.61
1673,loyal,2026-07-12,128.67
1673,loyal,2026-07-07,49.41
1673,loyal,2026-05-22,71.57
1673,loyal,2026-05-14,140.67
1673,loyal,2025-12-20,73.27
1673,loyal,2025-11-09,109.56
1673,loyal,2025-09-18,70.41
1673,loyal,2025-07-13,134.94
1673,loyal,2025-05-17,49.49
1673,loyal,2025-05-02,100.87
1673,loyal,2025-04-20,138.21
1673,loyal,2025-04-01,128.3
1673,loyal,2025-03-31,96.08
1674,low_value,2026-02-02,43.0
1675,low_value,2026-03-11,34.49
1675,low_value,2025-11-19,47.48
1676,low_value,2026-01-08,66.9
1676,low_value,2025-08-25,53.93
1676,low_value,2025-08-15,17.85
1676,low_value,2025-07-24,10.0
1676,low_value,2025-05-14,18.48
1677,at_risk,2026-06-01,90.15
1677,at_risk,2026-05-13,113.9
1677,at_risk,2026-03-17,144.29
1677,at_risk,2025-12-22,78.27
1677,at_risk,2025-11-11,128.83
1677,at_risk,2025-08-27,88.1
1677,at_risk,2025-04-18,129.55
1677,at_risk,2025-04-06,66.95
1678,low_value,2025-12-13,41.93
1679,new,2025-12-07,108.45
1679,new,2025-07-12,95.96
1679,new,2025-06-12,69.72
1680,low_value,2026-03-08,39.11
1680,low_value,2026-01-24,35.96
1680,low_value,2025-11-16,41.69
1680,low_value,2025-03-24,33.41
1681,low_value,2025-04-26,23.76
1682,low_value,2026-04-14,44.39
1683,loyal,2026-04-28,140.15
1683,loyal,2026-03-28,146.1
1683,loyal,2025-12-30,121.14
1683,loyal,2025-12-27,102.1
1683,loyal,2025-08-27,109.94
1683,loyal,2025-08-21,72.7
1683,loyal,2025-06-27,89.52
1683,loyal,2025-06-24,108.4
1683,loyal,2025-06-15,102.0
1683,loyal,2025-06-07,112.76
1683,loyal,2025-03-27,68.75
1683,loyal,2025-03-24,75.46
1683,loyal,2025-03-12,133.27
1684,loyal,2026-07-26,114.69
1684,loyal,2026-06-29,95.08
1684,loyal,2026-06-17,109.29
1684,loyal,2026-02-12,146.64
1684,loyal,2026-01-29,89.38
1684,loyal,2026-01-02,89.13
1684,loyal,2025-12-22,100.52
1684,loyal,2025-08-16,154.22
1684,loyal,2025-07-16,107.31
1684,loyal,2025-05-20,147.03
1684,loyal,2025-05-08,104.69
1685,loyal,2026-07-23,182.64
1685,loyal,2026-07-06,65.42
1685,loyal,2026-06-25,124.57
1685,loyal,2025-06-25,79.29
1685,loyal,2025-06-22,87.78
1685,loyal,2025-05-30,94.93
1685,loyal,2025-05-30,121.47
1685,loyal,2025-04-08,90.08
1685,loyal,2025-03-18,111.01
1686,new,2026-05-30,43.73
1686,new,2026-05-22,72.98
1686,new,2025-10-25,43.11
1686,new,2025-08-12,68.97
1687,new,2025-12-03,54.02
1687,new,2025-10-23,55.51
1687,new,2025-07-26,50.42
1687,new,2025-07-12,117.67
1687,new,2025-06-09,75.88
1687,new,2025-03-17,74.89
1688,new,2026-07-20,93.58
1688,new,2026-07-03,90.15
1688,new,2026-04-20,73.57
1688,new,2026-03-09,78.11
1689,at_risk,2026-04-04,83.0
1689,at_risk,2026-01-02,99.13
1689,at_risk,2025-12-12,88.66
1689,at_risk,2025-10-23,74.81
1689,at_risk,2025-08-31,173.79
1689,at_risk,2025-08-11,65.61
1689,at_risk,2025-07-17,14.99
1689,at_risk,2025-06-26,66.87
1690,low_value,2025-06-07,65.37
1691,low_value,2026-07-24,37.64
1691,low_value,2026-04-11,73.43
1691,low_value,2025-11-18,51.86
1692,loyal,2026-03-01,113.87
1692,loyal,2026-02-19,125.36
1692,loyal,2025-11-18,94.64
1692,loyal,2025-10-30,143.98
1692,loyal,2025-10-06,83.39
1692,loyal,2025-09-17,103.78
1692,loyal,2025-09-15,147.1
1692,loyal,2025-09-05,95.55
1692,loyal,2025-07-11,69.78
1693,low_value,2026-03-21,64.21
1693,low_value,2026-02-13,46.08
1693,low_value,2025-11-04,65.21
1693,low_value,2025-06-22,70.68
1694,low_value,2026-06-08,49.72
1694,low_value,2025-12-02,39.93
1695,new,2026-04-29,85.18
1695,new,2026-03-30,64.81
1695,new,2026-02-16,91.38
1695,new,2025-09-29,105.84
1695,new,2025-06-20,26.62
1695,new,2025-04-16,58.47
1696,loyal,2026-05-22,84.92
1696,loyal,2026-05-18,95.45
1696,loyal,2026-04-21,111.59
1696,loyal,2026-04-09,149.72
1696,loyal,2026-03-03,120.0
1696,loyal,2025-10-17,93.11
1696,loyal,2025-10-02,103.15
1696,loyal,2025-09-16,133.09
1696,loyal,2025-06-22,160.4
1696,loyal,2025-04-02,76.86
1696,loyal,2025-03-17,143.42
1697,low_value,2026-02-09,44.43
1697,low_value,2025-10-14,13.95
1697,low_value,2025-10-06,49.09
1697,low_value,2025-10-06,17.21
1697,low_value,2025-10-06,56.15
1698,low_value,2026-01-07,10.0
1699,low_value,2025-11-11,50.49
1700,low_value,2026-05-11,10.0
1700,low_value,2025-09-22,31.33
1700,low_value,2025-08-31,60.15
1700,low_value,2025-07-16,13.72
1700,low_value,2025-07-09,29.94
1700,low_value,2025-07-08,98.23
1701,low_value,2026-06-29,45.33
1701,low_value,2026-04-25,38.45
1701,low_value,2026-03-06,57.8
1701,low_value,2025-07-21,42.77
1701,low_value,2025-06-28,43.31
1701,low_value,2025-06-13,54.7
1702,at_risk,2026-04-13,94.42
1702,at_risk,2026-02-24,130.46
1702,at_risk,2026-02-21,80.33
1702,at_risk,2026-01-05,71.66
1702,at_risk,2025-10-26,113.5
1702,at_risk,2025-08-15,83.52
1702,at_risk,2025-04-10,125.83
1702,at_risk,2025-03-14,87.25
1703,new,2026-07-12,86.54
1703,new,2026-04-22,65.98
1703,new,2026-03-27,30.62
1703,new,2026-02-22,61.99
1703,new,2026-02-21,113.66
1703,new,2026-02-15,121.57
1703,new,2026-01-20,54.07
1703,new,2025-12-24,47.17
1703,new,2025-08-25,58.55
1704,new,2026-05-10,86.01
1704,new,2026-05-05,73.39
1704,new,2025-12-25,100.49
1704,new,2025-12-15,76.3
1704,new,2025-04-22,53.09
1704,new,2025-04-03,74.71
1705,low_value,2026-01-23,54.85
1705,low_value,2025-11-29,50.82
1705,low_value,2025-10-03,44.9
1705,low_value,2025-07-16,35.61
1706,loyal,2026-07-19,93.94
1706,loyal,2026-07-15,79.96
1706,loyal,2026-07-07,105.82
1706,loyal,2026-06-10,67.27
1706,loyal,2026-05-28,123.01
1706,loyal,2026-05-18,101.12
1706,loyal,2026-04-01,95.73
1706,loyal,2026-02-16,114.49
1706,loyal,2025-12-01,107.7
1706,loyal,2025-07-19,105.96
1706,loyal,2025-06-23,103.27
1706,loyal,2025-06-09,109.39
1706,loyal,2025-03-19,120.3
1707,at_risk,2026-06-16,117.72
1707,at_risk,2026-06-04,106.42
1707,at_risk,2026-04-29,123.14
1707,at_risk,2026-04-20,60.02
1707,at_risk,2025-09-02,112.11
1707,at_risk,2025-06-21,95.47
1707,at_risk,2025-04-08,99.37
1708,low_value,2026-01-17,54.96
1708,low_value,2025-11-22,42.41
1709,loyal,2026-05-09,15.44
1709,loyal,2026-03-04,115.91
1709,loyal,2025-10-07,131.36
1709,loyal,2025-06-10,106.68
1709,loyal,2025-05-15,75.06
1709,loyal,2025-05-11,168.69
1709,loyal,2025-04-06,144.68
1709,loyal,2025-03-19,94.07
1710,low_value,2026-03-29,46.86
1710,low_value,2026-01-16,26.37
1710,low_value,2025-12-30,48.86
1710,low_value,2025-08-29,40.94
1710,low_value,2025-06-21,18.43
1710,low_value,2025-05-28,71.8
1711,at_risk,2026-05-01,105.42
1711,at_risk,2026-02-25,84.76
1711,at_risk,2025-06-30,59.3
1711,at_risk,2025-05-02,95.2
1711,at_risk,2025-03-25,91.7
1712,low_value,2025-12-08,64.74
1712,low_value,2025-06-02,34.9
1712,low_value,2025-05-28,56.31
1713,low_value,2025-12-14,63.66
1713,low_value,2025-09-25,40.95
1713,low_value,2025-09-22,50.63
1713,low_value,2025-08-09,38.0
1713,low_value,2025-04-25,39.83
1714,at_risk,2026-03-01,126.87
1714,at_risk,2025-12-15,97.95
1714,at_risk,2025-10-30,93.49
1714,at_risk,2025-07-04,62.1
1714,at_risk,2025-04-27,79.83
1715,low_value,2026-01-10,31.63
1715,low_value,2025-03-27,30.01
1716,at_risk,2026-04-21,92.03
1716,at_risk,2026-04-05,76.85
1716,at_risk,2026-03-24,58.51
1716,at_risk,2026-03-14,78.32
1716,at_risk,2026-02-22,86.41
1716,at_risk,2025-10-23,145.66
1716,at_risk,2025-09-05,59.29
1716,at_risk,2025-08-23,123.53
1716,at_risk,2025-06-17,139.52
1716,at_risk,2025-04-03,77.06
1717,new,2025-08-15,60.64
1717,new,2025-06-08,70.72
1717,new,2025-04-02,74.4
1718,low_value,2026-03-30,46.05
1719,low_value,2025-12-30,47.06
1719,low_value,2025-09-09,30.36
1719,low_value,2025-04-29,68.76
1720,champion,2026-08-07,242.08
1720,champion,2026-08-05,234.65
1720,champion,2026-07-27,271.59
1720,champion,2026-07-17,198.02
1720,champion,2026-07-05,205.79
1720,champion,2026-06-08,173.8
1720,champion,2026-06-04,165.98
1720,champion,2026-06-02,214.88
1720,champion,2026-04-05,234.48
1720,champion,2026-03-31,211.47
1720,champion,2026-02-02,146.41
1720,champion,2025-12-16,195.66
1720,champion,2025-12-15,149.19
1720,champion,2025-11-27,167.02
1720,champion,2025-10-30,245.45
1720,champion,2025-10-23,132.02
1720,champion,2025-10-08,266.75
1720,champion,2025-08-25,201.98
1720,champion,2025-08-19,161.36
1720,champion,2025-08-06,182.73
1720,champion,2025-06-06,152.6
1720,champion,2025-04-28,158.12
1720,champion,2025-04-22,182.93
1720,champion,2025-03-30,166.84
1721,loyal,2026-04-08,71.54
1721,loyal,2026-01-04,160.14
1721,loyal,2025-12-25,122.17
1721,loyal,2025-12-17,127.88
1721,loyal,2025-09-18,110.34
1721,loyal,2025-09-02,125.19
1721,loyal,2025-05-13,145.28
1722,low_value,2026-03-22,59.08
1722,low_value,2025-03-24,26.36
1723,new,2026-08-07,82.8
1723,new,2025-12-28,47.85
1723,new,2025-04-05,116.5
1724,new,2026-08-01,49.22
1724,new,2026-07-17,61.26
1724,new,2026-06-01,79.69
1724,new,2026-05-29,58.08
1724,new,2026-04-12,62.74
1724,new,2026-03-19,90.51
1724,new,2025-11-15,47.79
1724,new,2025-06-14,53.79
1724,new,2025-04-06,38.64
1725,champion,2026-08-15,155.58
1725,champion,2026-05-15,114.04
1725,champion,2026-05-13,185.54
1725,champion,2026-05-04,213.24
1725,champion,2026-04-13,168.78
1725,champion,2026-03-22,192.46
1725,champion,2026-03-19,264.79
1725,champion,2026-03-14,188.23
1725,champion,2026-02-15,299.3
1725,champion,2026-02-01,230.59
1725,champion,2025-12-07,182.06
1725,champion,2025-11-03,191.66
1725,champion,2025-11-02,167.22
1725,champion,2025-07-14,189.98
1725,champion,2025-04-14,202.46
1725,champion,2025-03-25,163.83
1725,champion,2025-03-18,124.8
1726,at_risk,2026-06-21,84.55
1726,at_risk,2026-04-29,70.98
1726,at_risk,2026-01-25,67.79
1726,at_risk,2026-01-16,113.78
1726,at_risk,2026-01-12,87.81
1726,at_risk,2025-10-17,117.76
1726,at_risk,2025-05-28,133.72
1727,low_value,2026-04-28,46.87
1727,low_value,2026-01-20,64.83
1727,low_value,2026-01-11,10.0
1727,low_value,2026-01-05,55.65
1727,low_value,2025-09-02,35.32
1727,low_value,2025-04-05,39.37
1728,champion,2026-08-24,93.71
1728,champion,2026-07-16,138.29
1728,champion,2026-07-03,178.04
1728,champion,2026-06-30,174.08
1728,champion,2026-06-15,202.08
1728,champion,2026-06-14,213.69
1728,champion,2026-05-26,162.02
1728,champion,2026-04-16,116.57
1728,champion,2026-04-06,196.13
1728,champion,2026-03-19,179.61
1728,champion,2026-01-30,169.66
1728,champion,2026-01-11,228.82
1728,champion,2026-01-08,198.02
1728,champion,2025-10-13,184.92
1728,champion,2025-09-21,186.56
1728,champion,2025-09-01,213.99
1728,champion,2025-08-26,152.42
1728,champion,2025-07-20,144.79
1728,champion,2025-03-28,170.63
1729,at_risk,2026-01-21,102.94
1729,at_risk,2025-11-26,109.49
1729,at_risk,2025-11-25,112.1
1729,at_risk,2025-07-03,123.97
1729,at_risk,2025-06-24,69.36
1729,at_risk,2025-06-05,45.7
1729,at_risk,2025-04-14,74.54
1730,low_value,2026-06-05,33.05
1730,low_value,2026-06-03,35.25
1730,low_value,2026-05-31,66.62
1730,low_value,2026-04-25,59.96
1730,low_value,2026-04-13,15.23
1730,low_value,2025-12-24,20.03
1730,low_value,2025-05-10,21.14
1731,champion,2026-08-16,228.01
1731,champion,2026-07-22,236.97
1731,champion,2026-06-30,223.45
1731,champion,2026-06-23,174.27
1731,champion,2026-06-21,122.94
1731,champion,2026-06-11,137.84
1731,champion,2026-03-19,140.45
1731,champion,2026-02-24,178.17
1731,champion,2025-12-25,235.5
1731,champion,2025-12-18,235.34
1731,champion,2025-12-01,160.47
1731,champion,2025-10-12,90.54
1731,champion,2025-08-05,133.32
1731,champion,2025-07-11,227.54
1731,champion,2025-07-02,189.27
1731,champion,2025-06-11,165.77
1731,champion,2025-05-28,162.99
1731,champion,2025-04-04,149.97
1732,low_value,2026-07-04,37.94
1732,low_value,2026-05-18,57.16
1732,low_value,2026-04-17,39.77
1732,low_value,2026-04-08,63.45
1732,low_value,2026-04-08,10.0
1732,low_value,2025-11-07,59.77
1733,loyal,2026-08-21,85.41
1733,loyal,2026-08-04,81.68
1733,loyal,2026-06-01,106.44
1733,loyal,2026-05-04,102.65
1733,loyal,2026-03-09,103.22
1733,loyal,2025-12-29,88.78
1733,loyal,2025-11-06,119.9
1733,loyal,2025-10-05,81.73
1733,loyal,2025-09-21,106.33
1733,loyal,2025-09-20,100.81
1733,loyal,2025-08-17,109.0
1733,loyal,2025-08-02,145.56
1733,loyal,2025-06-08,70.56
1733,loyal,2025-03-20,38.26
1734,low_value,2025-05-08,79.93
1735,low_value,2026-01-03,48.78
1735,low_value,2025-12-31,44.27
1735,low_value,2025-07-07,45.78
1736,low_value,2026-02-03,43.96
1736,low_value,2025-12-26,23.68
1736,low_value,2025-07-26,46.94
1737,loyal,2026-08-10,112.89
1737,loyal,2026-07-29,98.38
1737,loyal,2026-06-08,112.81
1737,loyal,2026-05-02,103.56
1737,loyal,2026-02-19,157.67
1737,loyal,2025-10-06,86.19
1737,loyal,2025-06-07,117.72
1737,loyal,2025-04-06,125.29
1738,new,2026-04-03,85.93
1738,new,2026-03-08,92.61
1738,new,2026-01-09,72.21
1738,new,2025-12-19,96.37
1738,new,2025-09-24,35.34
1738,new,2025-09-09,71.9
1738,new,2025-04-10,103.7
1739,low_value,2026-03-07,29.12
1739,low_value,2026-02-17,10.0
1739,low_value,2025-10-22,81.95
1739,low_value,2025-03-31,54.76
1740,loyal,2026-08-22,104.5
1740,loyal,2026-06-12,111.47
1740,loyal,2026-04-08,115.18
1740,loyal,2026-02-05,118.23
1740,loyal,2025-12-02,124.27
1740,loyal,2025-10-20,118.48
1740,loyal,2025-09-07,165.49
1740,loyal,2025-08-05,88.22
1740,loyal,2025-07-26,98.75
1740,loyal,2025-06-15,160.79
1740,loyal,2025-05-25,105.36
1740,loyal,2025-05-07,137.95
1740,loyal,2025-04-15,114.07
1741,loyal,2026-07-30,120.73
1741,loyal,2026-06-10,96.15
1741,loyal,2026-04-25,119.65
1741,loyal,2026-02-25,81.81
1741,loyal,2026-02-15,180.36
1741,loyal,2025-11-20,145.83
1741,loyal,2025-10-20,119.14
1741,loyal,2025-09-29,139.91
1741,loyal,2025-09-07,95.25
1741,loyal,2025-08-22,76.76
1741,loyal,2025-08-03,43.6
1741,loyal,2025-06-11,112.49
1741,loyal,2025-06-04,103.76
1742,champion,2026-08-07,215.68
1742,champion,2026-06-22,119.95
1742,champion,2026-06-22,141.94
1742,champion,2026-06-20,168.83
1742,champion,2026-06-09,126.69
1742,champion,2026-05-13,169.13
1742,champion,2026-05-02,166.95
1742,champion,2026-04-16,183.48
1742,champion,2026-04-01,177.72
1742,champion,2025-12-26,222.77
1742,champion,2025-10-12,202.92
1742,champion,2025-09-19,177.16
1742,champion,2025-09-18,166.67
1742,champion,2025-08-05,178.1
1742,champion,2025-04-29,178.81
1742,champion,2025-04-28,280.75
1742,champion,2025-04-20,121.7
1742,champion,2025-04-15,142.95
1742,champion,2025-04-08,137.08
1743,low_value,2026-05-16,69.07
1743,low_value,2026-04-24,10.0
1743,low_value,2025-07-10,58.71
1744,low_value,2026-04-04,92.23
1744,low_value,2026-03-21,12.63
1744,low_value,2025-10-19,30.91
1744,low_value,2025-08-29,34.55
1744,low_value,2025-08-06,90.1
1744,low_value,2025-07-19,43.63
1745,new,2026-06-08,61.87
1745,new,2025-12-16,89.47
1745,new,2025-11-12,42.72
1745,new,2025-06-03,68.4
1745,new,2025-04-22,48.01
1746,low_value,2026-04-10,57.23
1746,low_value,2026-04-09,28.52
1746,low_value,2026-03-22,23.12
1746,low_value,2025-12-21,39.71
1746,low_value,2025-09-25,43.66
1746,low_value,2025-07-09,83.29
1746,low_value,2025-06-08,65.38
1747,new,2025-12-08,56.96
1747,new,2025-12-01,80.01
1747,new,2025-11-28,63.41
1747,new,2025-10-13,69.14
1747,new,2025-08-20,55.19
1747,new,2025-06-28,68.09
1748,new,2026-06-17,124.11
1748,new,2026-03-17,75.49
1748,new,2025-11-22,65.84
1748,new,2025-06-24,69.51
1748,new,2025-05-14,73.57
1748,new,2025-03-18,78.07
1749,at_risk,2026-06-30,76.94
1749,at_risk,2026-05-05,132.93
1749,at_risk,2026-04-16,135.29
1749,at_risk,2026-01-16,139.83
1749,at_risk,2026-01-10,184.66
1749,at_risk,2025-11-23,77.2
1749,at_risk,2025-09-04,108.03
1749,at_risk,2025-07-28,82.89
1749,at_risk,2025-06-11,25.87
1749,at_risk,2025-04-11,91.85
1750,new,2026-03-11,57.48
1750,new,2026-03-01,80.02
1750,new,2025-12-17,47.65
1750,new,2025-11-29,45.27
1750,new,2025-09-13,106.46
1750,new,2025-08-02,68.62
1750,new,2025-07-30,42.0
1750,new,2025-07-27,93.82
1750,new,2025-07-24,55.65
1750,new,2025-06-10,20.52
1750,new,2025-06-07,41.63
1751,loyal,2026-07-22,103.6
1751,loyal,2026-05-07,118.76
1751,loyal,2025-09-26,95.74
1751,loyal,2025-08-10,75.14
1751,loyal,2025-07-26,175.92
1751,loyal,2025-07-07,93.74
1751,loyal,2025-05-20,118.85
1751,loyal,2025-05-16,64.54
1751,loyal,2025-04-24,132.09
1751,loyal,2025-03-29,73.82
1752,low_value,2026-02-07,41.25
1752,low_value,2025-08-27,44.05
1753,low_value,2026-04-01,10.27
1753,low_value,2026-02-12,35.38
1753,low_value,2025-11-29,10.0
1753,low_value,2025-11-03,31.49
1753,low_value,2025-09-14,32.35
1754,at_risk,2026-03-28,67.31
1754,at_risk,2026-02-13,10.0
1754,at_risk,2026-01-24,106.32
1754,at_risk,2025-09-27,57.31
1754,at_risk,2025-06-11,99.69
1755,new,2026-08-14,57.71
1755,new,2026-06-15,51.98
1755,new,2026-02-12,65.76
1755,new,2026-02-07,47.69
1755,new,2025-10-27,73.91
1755,new,2025-08-26,47.08
1755,new,2025-08-11,48.89
1755,new,2025-08-07,83.67
1755,new,2025-07-13,85.44
1755,new,2025-05-20,62.66
1755,new,2025-04-23,28.84
1756,loyal,2026-07-08,145.21
1756,loyal,2026-07-04,52.04
1756,loyal,2026-05-23,168.35
1756,loyal,2026-04-27,120.23
1756,loyal,2026-03-31,101.97
1756,loyal,2026-02-20,137.1
1756,loyal,2026-02-09,114.32
1756,loyal,2025-12-27,75.56
1756,loyal,2025-07-31,37.3
1756,loyal,2025-07-08,164.78
1756,loyal,2025-05-04,103.31
1756,loyal,2025-04-24,91.61
1757,low_value,2026-01-08,63.03
1757,low_value,2025-08-24,67.06
1757,low_value,2025-05-13,31.41
1758,low_value,2025-12-24,47.68
1758,low_value,2025-12-20,55.55
1758,low_value,2025-09-15,45.05
1758,low_value,2025-09-04,43.75
1758,low_value,2025-05-22,27.03
1759,low_value,2025-12-28,56.44
1759,low_value,2025-10-05,54.61
1759,low_value,2025-03-28,10.15
1760,at_risk,2026-03-29,80.21
1760,at_risk,2026-03-07,113.71
1760,at_risk,2025-12-16,154.96
1760,at_risk,2025-11-05,80.68
1760,at_risk,2025-06-26,10.0
1760,at_risk,2025-03-31,146.07
1760,at_risk,2025-03-14,112.44
1761,loyal,2026-06-30,124.64
1761,loyal,2026-06-27,115.07
1761,loyal,2026-06-08,97.85
1761,loyal,2026-05-22,152.59
1761,loyal,2026-05-04,150.33
1761,loyal,2026-03-17,99.01
1761,loyal,2026-01-19,107.51
1761,loyal,2026-01-01,133.16
1761,loyal,2025-12-28,148.48
1761,loyal,2025-12-06,85.53
1761,loyal,2025-10-14,78.61
1761,loyal,2025-09-29,118.22
1761,loyal,2025-08-28,76.29
1761,loyal,2025-07-21,51.65
1761,loyal,2025-07-20,85.39
1761,loyal,2025-06-04,122.51
1761,loyal,2025-04-24,156.61
1762,loyal,2026-07-09,86.98
1762,loyal,2026-06-07,103.92
1762,loyal,2026-04-17,119.67
1762,loyal,2026-04-01,64.54
1762,loyal,2026-01-18,106.08
1762,loyal,2025-10-23,71.27
1762,loyal,2025-10-09,89.47
1762,loyal,2025-07-30,133.66
1762,loyal,2025-07-19,107.78
1762,loyal,2025-07-03,160.07
1763,loyal,2026-07-19,79.64
1763,loyal,2026-07-11,102.37
1763,loyal,2026-05-20,86.96
1763,loyal,2026-02-10,88.93
1763,loyal,2025-11-02,114.06
1763,loyal,2025-10-25,96.63
1763,loyal,2025-10-13,110.14
1763,loyal,2025-07-23,76.53
1763,loyal,2025-06-02,85.15
1763,loyal,2025-06-01,171.22
1763,loyal,2025-05-11,89.08
1763,loyal,2025-04-07,46.81
1764,loyal,2026-06-15,43.46
1764,loyal,2026-06-14,70.24
1764,loyal,2026-04-08,85.25
1764,loyal,2026-02-21,59.21
1764,loyal,2026-02-14,95.62
1764,loyal,2026-01-20,92.66
1764,loyal,2026-01-12,139.24
1764,loyal,2025-11-26,107.35
1764,loyal,2025-09-08,103.61
1764,loyal,2025-06-09,98.6
1764,loyal,2025-06-03,78.44
1764,loyal,2025-04-01,136.72
1765,champion,2026-08-19,221.01
1765,champion,2026-08-08,201.12
1765,champion,2026-06-21,215.76
1765,champion,2026-05-31,127.08
1765,champion,2026-05-29,192.84
1765,champion,2026-05-29,168.59
1765,champion,2026-05-27,270.9
1765,champion,2026-05-13,212.38
1765,champion,2026-04-29,179.11
1765,champion,2026-03-24,191.44
1765,champion,2026-03-15,182.17
1765,champion,2026-01-29,207.96
1765,champion,2026-01-03,145.75
1765,champion,2025-11-13,234.61
1765,champion,2025-09-07,127.01
1765,champion,2025-07-19,188.2
1765,champion,2025-07-13,147.03
1765,champion,2025-06-11,181.71
1765,champion,2025-05-19,219.52
1765,champion,2025-05-04,111.51
1765,champion,2025-04-04,173.22
1765,champion,2025-03-24,122.41
1765,champion,2025-03-18,168.82
1765,champion,2025-03-11,122.3
1766,low_value,2026-04-17,73.7
1766,low_value,2026-04-12,44.26
1766,low_value,2025-10-02,25.43
1766,low_value,2025-07-25,50.97
1766,low_value,2025-05-07,43.56
1767,champion,2026-07-14,148.29
1767,champion,2026-06-27,225.07
1767,champion,2026-06-18,172.91
1767,champion,2026-06-02,173.34
1767,champion,2026-05-21,155.97
1767,champion,2026-04-07,163.7
1767,champion,2026-03-05,202.0
1767,champion,2026-01-18,123.34
1767,champion,2025-12-18,183.23
1767,champion,2025-11-16,218.22
1767,champion,2025-10-28,176.61
1767,champion,2025-08-30,222.17
1767,champion,2025-08-02,233.62
1767,champion,2025-07-07,216.14
1767,champion,2025-06-15,158.51
1767,champion,2025-03-22,178.58
1767,champion,2025-03-11,193.83
1768,loyal,2026-05-30,83.92
1768,loyal,2026-04-07,161.05
1768,loyal,2026-01-15,98.64
1768,loyal,2025-09-24,111.59
1768,loyal,2025-09-01,55.02
1768,loyal,2025-05-24,143.5
1768,loyal,2025-04-23,150.0
1769,low_value,2026-06-12,49.98
1769,low_value,2025-11-22,63.63
1769,low_value,2025-05-08,69.76
1770,new,2026-07-08,110.79
1770,new,2025-12-20,79.73
1770,new,2025-05-17,90.76
1770,new,2025-03-17,82.26
1771,low_value,2026-01-09,65.88
1771,low_value,2025-11-05,45.32
1771,low_value,2025-09-11,50.62
1771,low_value,2025-06-16,53.1
1772,new,2026-05-22,80.51
1772,new,2026-04-11,38.65
1772,new,2026-02-08,97.89
1772,new,2025-04-21,58.86
1772,new,2025-03-20,51.35
1773,low_value,2026-03-23,56.21
1773,low_value,2025-10-14,61.1
1773,low_value,2025-07-04,10.0
1773,low_value,2025-05-21,70.29
1774,new,2026-07-02,94.45
1774,new,2025-12-06,105.75
1774,new,2025-07-16,108.94
1774,new,2025-04-13,72.69
1775,new,2026-01-19,44.69
1775,new,2025-12-03,80.92
1776,low_value,2025-10-31,89.45
1776,low_value,2025-08-29,34.65
1776,low_value,2025-06-25,50.59
1777,at_risk,2026-02-19,84.57
1777,at_risk,2025-10-31,134.63
1777,at_risk,2025-08-05,57.26
1777,at_risk,2025-05-16,125.44
1778,at_risk,2026-04-09,116.53
1778,at_risk,2025-11-29,151.05
1778,at_risk,2025-11-03,171.37
1778,at_risk,2025-09-07,127.75
1778,at_risk,2025-06-24,73.04
1778,at_risk,2025-03-30,171.04
1779,new,2026-06-30,90.25
1779,new,2026-06-09,92.75
1779,new,2026-03-10,104.65
1779,new,2026-01-22,74.66
1779,new,2025-12-23,76.9
1779,new,2025-11-29,69.08
1779,new,2025-11-23,63.54
1779,new,2025-09-15,30.7
1779,new,2025-08-23,99.3
1779,new,2025-07-23,60.41
1779,new,2025-04-07,58.97
1779,new,2025-03-31,56.46
1780,loyal,2025-12-06,64.02
1780,loyal,2025-11-07,151.21
1780,loyal,2025-08-12,115.95
1781,low_value,2025-05-21,65.69
1781,low_value,2025-04-30,81.7
1782,loyal,2026-08-02,85.23
1782,loyal,2026-07-26,103.75
1782,loyal,2026-07-25,128.75
1782,loyal,2026-06-21,135.76
1782,loyal,2026-04-28,66.63
1782,loyal,2026-03-23,119.53
1782,loyal,2026-02-26,85.6
1782,loyal,2026-01-24,137.28
1782,loyal,2025-12-29,165.82
1782,loyal,2025-12-09,31.64
1782,loyal,2025-12-04,90.32
1782,loyal,2025-06-15,117.91
1783,loyal,2026-06-07,121.51
1783,loyal,2026-05-16,105.3
1783,loyal,2026-04-17,90.47
1783,loyal,2026-04-04,79.72
1783,loyal,2026-02-03,88.92
1783,loyal,2025-11-06,93.08
1783,loyal,2025-10-14,87.56
1783,loyal,2025-10-08,130.19
1783,loyal,2025-09-23,151.04
1783,loyal,2025-07-15,74.72
1783,loyal,2025-06-02,143.58
1784,loyal,2026-06-27,111.48
1784,loyal,2026-04-29,123.77
1784,loyal,2026-04-15,111.39
1784,loyal,2026-03-13,123.98
1784,loyal,2025-09-17,89.91
1784,loyal,2025-03-30,90.84
1784,loyal,2025-03-20,89.77
1785,low_value,2025-08-08,59.72
1785,low_value,2025-06-15,45.04
1785,low_value,2025-05-28,43.38
1785,low_value,2025-05-27,46.87
1786,at_risk,2026-08-04,45.38
1786,at_risk,2026-03-26,108.76
1786,at_risk,2026-03-12,111.66
1786,at_risk,2026-02-08,73.91
1786,at_risk,2025-11-13,65.78
1786,at_risk,2025-09-05,69.97
1786,at_risk,2025-05-13,82.86
1786,at_risk,2025-03-17,83.91
1787,low_value,2026-04-12,34.33
1787,low_value,2026-02-23,51.34
1787,low_value,2025-06-16,54.83
1788,low_value,2025-08-08,46.38
1789,champion,2026-08-10,151.34
1789,champion,2026-04-28,258.93
1789,champion,2026-04-14,189.05
1789,champion,2026-04-12,201.7
1789,champion,2026-01-20,181.24
1789,champion,2025-12-25,190.64
1789,champion,2025-11-09,170.84
1789,champion,2025-10-24,142.97
1789,champion,2025-09-20,193.59
1789,champion,2025-09-04,220.99
1789,champion,2025-09-01,132.37
1789,champion,2025-08-27,241.62
1789,champion,2025-07-30,204.05
1789,champion,2025-07-05,162.52
1789,champion,2025-06-20,161.81
1789,champion,2025-05-28,254.57
1789,champion,2025-04-17,217.55
1790,low_value,2026-01-10,56.11
1790,low_value,2025-12-31,51.99
1791,at_risk,2026-07-18,106.47
1791,at_risk,2026-03-31,63.18
1791,at_risk,2026-02-05,49.08
1791,at_risk,2025-11-29,48.74
1791,at_risk,2025-07-27,95.16
1791,at_risk,2025-07-05,78.68
1792,loyal,2026-05-26,107.9
1792,loyal,2026-05-18,118.4
1792,loyal,2026-03-16,156.59
1792,loyal,2026-03-04,195.3
1792,loyal,2025-12-26,129.21
1792,loyal,2025-12-17,126.24
1792,loyal,2025-12-12,74.46
1792,loyal,2025-10-23,121.06
1792,loyal,2025-10-17,111.86
1792,loyal,2025-09-01,136.77
1793,low_value,2025-06-26,82.97
1794,low_value,2025-11-27,40.88
1794,low_value,2025-09-30,80.57
1794,low_value,2025-03-28,55.76
1795,loyal,2026-06-28,137.72
1795,loyal,2026-06-13,143.73
1795,loyal,2026-05-04,87.96
1795,loyal,2026-04-30,119.2
1795,loyal,2026-04-17,67.24
1795,loyal,2026-03-30,111.69
1795,loyal,2026-02-13,138.6
1795,loyal,2026-01-24,107.99
1795,loyal,2025-11-29,149.47
1795,loyal,2025-11-27,135.11
1795,loyal,2025-10-23,117.24
1795,loyal,2025-10-07,102.51
1795,loyal,2025-09-04,93.97
1795,loyal,2025-07-02,66.26
1795,loyal,2025-06-29,71.15
1795,loyal,2025-05-20,139.85
1795,loyal,2025-04-06,155.41
1796,new,2026-06-25,67.98
1796,new,2026-05-09,80.55
1796,new,2026-03-23,61.5
1796,new,2025-12-11,77.86
1796,new,2025-09-29,93.59
1796,new,2025-03-23,37.05
1797,loyal,2026-05-09,95.27
1797,loyal,2026-03-02,93.5
1797,loyal,2026-01-12,122.32
1797,loyal,2025-12-18,122.82
1797,loyal,2025-11-10,106.62
1797,loyal,2025-10-05,130.3
1797,loyal,2025-09-06,71.39
1797,loyal,2025-07-15,100.88
1797,loyal,2025-07-13,138.94
1797,loyal,2025-05-04,138.86
1797,loyal,2025-04-23,135.08
1797,loyal,2025-04-12,140.62
1798,new,2026-06-26,71.2
1798,new,2026-05-09,67.55
1798,new,2025-08-14,61.74
1798,new,2025-07-30,52.77
1798,new,2025-06-11,55.68
1798,new,2025-05-05,56.12
1799,new,2025-11-21,85.28
1800,new,2026-07-16,57.07
1800,new,2026-01-04,32.29
1800,new,2025-06-20,72.9
1800,new,2025-05-28,23.05
1800,new,2025-03-31,73.17
1801,new,2026-07-14,51.59
1801,new,2026-05-30,108.04
1801,new,2025-07-16,69.93
1802,loyal,2026-07-28,107.52
1802,loyal,2026-05-22,136.04
1802,loyal,2026-05-16,153.97
1802,loyal,2026-05-15,131.76
1802,loyal,2026-03-16,64.48
1802,loyal,2026-02-24,78.37
1802,loyal,2025-11-23,99.62
1802,loyal,2025-10-06,151.96
1802,loyal,2025-08-27,91.79
1802,loyal,2025-08-17,141.76
1802,loyal,2025-08-16,91.31
1802,loyal,2025-08-14,125.98
1802,loyal,2025-06-02,81.8
1803,low_value,2026-02-21,73.86
1804,low_value,2026-02-02,65.53
1804,low_value,2025-10-24,25.95
1804,low_value,2025-09-14,14.93
1804,low_value,2025-08-30,28.53
1804,low_value,2025-04-07,22.43
1805,low_value,2025-10-30,55.55
1805,low_value,2025-08-12,11.29
1806,champion,2026-08-17,195.17
1806,champion,2026-06-28,142.18
1806,champion,2026-06-16,153.31
1806,champion,2026-05-22,240.42
1806,champion,2026-05-07,229.1
1806,champion,2026-05-04,212.96
1806,champion,2026-02-22,218.22
1806,champion,2026-02-15,198.61
1806,champion,2026-02-10,193.4
1806,champion,2026-01-19,181.99
1806,champion,2025-11-30,247.95
1806,champion,2025-11-21,161.41
1806,champion,2025-10-10,189.61
1806,champion,2025-06-07,111.67
1806,champion,2025-06-04,122.77
1806,champion,2025-05-26,252.61
1806,champion,2025-05-13,204.67
1806,champion,2025-05-06,171.49
1806,champion,2025-05-01,183.13
1806,champion,2025-04-14,125.68
1806,champion,2025-04-07,162.88
1807,at_risk,2026-05-10,109.86
1807,at_risk,2026-04-28,13.22
1807,at_risk,2026-04-20,44.89
1807,at_risk,2026-02-23,150.53
1807,at_risk,2026-01-02,86.17
1807,at_risk,2026-01-01,165.06
1807,at_risk,2025-11-08,140.85
1807,at_risk,2025-10-24,87.29
1807,at_risk,2025-10-11,84.2
1807,at_risk,2025-08-09,152.69
1807,at_risk,2025-06-09,168.61
1807,at_risk,2025-05-30,84.97
1807,at_risk,2025-05-08,148.84
1807,at_risk,2025-04-21,131.05
1808,at_risk,2026-03-23,72.22
1808,at_risk,2026-01-04,167.38
1808,at_risk,2026-01-02,48.43
1808,at_risk,2025-12-07,103.23
1808,at_risk,2025-11-21,74.32
1808,at_risk,2025-07-03,68.73
1809,loyal,2026-07-21,141.4
1809,loyal,2026-07-03,106.39
1809,loyal,2026-06-30,134.18
1809,loyal,2026-06-13,140.82
1809,loyal,2026-05-14,107.91
1809,loyal,2026-04-23,99.26
1809,loyal,2026-04-19,80.71
1809,loyal,2026-03-24,122.78
1809,loyal,2026-03-18,126.78
1809,loyal,2026-03-16,97.8
1809,loyal,2026-03-11,101.34
1809,loyal,2026-03-09,103.48
1809,loyal,2026-02-28,133.74
1809,loyal,2026-02-23,68.77
1809,loyal,2026-01-12,76.84
1809,loyal,2025-12-03,77.43
1809,loyal,2025-12-03,105.54
1809,loyal,2025-11-25,119.46
1809,loyal,2025-10-31,77.93
1809,loyal,2025-09-29,137.27
1809,loyal,2025-09-16,153.88
1809,loyal,2025-09-08,122.41
1809,loyal,2025-06-25,143.68
1809,loyal,2025-05-13,82.54
1810,loyal,2026-05-23,127.76
1810,loyal,2026-04-13,67.55
1810,loyal,2026-03-11,44.77
1810,loyal,2026-02-13,80.12
1810,loyal,2026-02-13,139.02
1810,loyal,2026-01-18,161.49
1810,loyal,2026-01-03,82.31
1810,loyal,2025-09-02,73.5
1810,loyal,2025-08-20,156.04
1810,loyal,2025-08-18,93.04
1810,loyal,2025-04-06,98.85
1810,loyal,2025-04-05,153.77
1810,loyal,2025-03-13,148.84
1811,at_risk,2026-02-12,142.01
1811,at_risk,2026-02-07,141.32
1811,at_risk,2026-01-30,101.8
1811,at_risk,2025-11-10,76.47
1811,at_risk,2025-10-09,132.9
1811,at_risk,2025-08-08,151.8
1811,at_risk,2025-07-17,44.13
1812,low_value,2026-08-12,46.82
1812,low_value,2026-06-28,52.35
1812,low_value,2026-03-07,35.18
1812,low_value,2025-03-12,29.41
1813,loyal,2026-08-02,120.17
1813,loyal,2026-07-30,134.8
1813,loyal,2026-06-19,148.12
1813,loyal,2025-12-16,104.97
1813,loyal,2025-10-26,103.17
1813,loyal,2025-10-03,113.93
1813,loyal,2025-09-01,115.01
1813,loyal,2025-05-12,86.84
1814,low_value,2026-01-03,48.14
1814,low_value,2025-08-14,37.66
1814,low_value,2025-04-28,10.0
1814,low_value,2025-04-16,35.05
1814,low_value,2025-03-11,43.43
1815,new,2026-07-07,111.85
1815,new,2026-07-06,88.7
1815,new,2025-11-24,50.34
1815,new,2025-04-24,82.93
1816,low_value,2026-06-07,43.06
1816,low_value,2026-05-07,55.95
1816,low_value,2025-08-19,38.5
1816,low_value,2025-07-02,10.0
1816,low_value,2025-05-19,10.0
1816,low_value,2025-05-06,43.64
1817,new,2026-06-28,102.56
1817,new,2026-04-18,73.35
1817,new,2025-09-30,102.89
1818,new,2026-07-13,92.56
1818,new,2026-03-11,78.78
1818,new,2026-01-21,64.26
1818,new,2025-11-05,32.51
1819,new,2025-12-29,54.16
1819,new,2025-07-30,97.05
1819,new,2025-05-28,37.57
1819,new,2025-05-19,40.9
1820,low_value,2026-03-12,47.49
1820,low_value,2026-02-17,42.85
1820,low_value,2025-12-19,12.71
1820,low_value,2025-07-08,29.59
1820,low_value,2025-03-20,84.14
1821,new,2026-06-27,101.79
1821,new,2026-02-28,90.37
1821,new,2026-01-02,58.87
1821,new,2025-04-14,66.8
1822,new,2026-07-29,122.67
1822,new,2026-04-11,55.76
1822,new,2026-03-27,73.43
1822,new,2025-09-07,77.74
1822,new,2025-05-28,92.4
1823,new,2026-08-09,37.66
1823,new,2026-08-08,41.87
1823,new,2026-02-14,98.41
1823,new,2025-11-04,64.47
1823,new,2025-03-28,62.55
1824,low_value,2026-03-05,30.92
1824,low_value,2026-01-09,51.36
1824,low_value,2025-08-22,61.63
1824,low_value,2025-04-03,48.92
1825,champion,2026-07-09,105.37
1825,champion,2026-06-15,155.87
1825,champion,2026-05-02,159.27
1825,champion,2026-03-20,190.07
1825,champion,2026-03-16,202.11
1825,champion,2026-02-07,179.95
1825,champion,2026-01-20,127.4
1825,champion,2025-11-25,196.27
1825,champion,2025-09-05,185.12
1825,champion,2025-07-07,121.25
1825,champion,2025-04-29,168.18
1825,champion,2025-04-20,194.96
1825,champion,2025-03-28,246.13
1826,new,2026-05-25,62.13
1826,new,2026-02-24,81.45
1826,new,2025-07-04,71.02
1826,new,2025-06-03,72.76
1827,new,2026-08-02,73.23
1827,new,2026-05-15,57.1
1827,new,2026-04-13,69.66
1827,new,2026-03-17,10.0
1827,new,2025-10-06,47.7
1827,new,2025-05-01,68.87
1827,new,2025-04-18,32.09
1827,new,2025-03-17,32.94
1828,low_value,2026-07-13,27.17
1829,new,2026-08-07,31.0
1829,new,2026-07-25,93.0
1829,new,2026-01-19,96.27
1829,new,2025-10-12,73.51
1830,new,2026-02-12,49.94
1830,new,2025-12-17,95.8
1830,new,2025-11-27,57.06
1830,new,2025-08-24,148.63
1830,new,2025-07-09,28.23
1830,new,2025-05-12,123.69
1831,low_value,2026-03-22,93.77
1831,low_value,2025-09-14,34.74
1831,low_value,2025-07-31,10.0
1831,low_value,2025-07-14,57.97
1831,low_value,2025-04-28,33.99
1832,new,2026-07-29,85.89
1832,new,2026-03-31,69.53
1832,new,2026-03-20,43.49
1832,new,2025-12-05,89.76
1832,new,2025-11-24,99.37
1832,new,2025-11-10,67.28
1832,new,2025-11-08,95.08
1832,new,2025-10-07,44.95
1832,new,2025-06-10,84.43
1832,new,2025-05-11,74.04
1833,loyal,2026-05-04,74.43
1833,loyal,2026-04-10,71.54
1833,loyal,2026-04-10,140.82
1833,loyal,2026-03-06,117.75
1833,loyal,2026-02-18,130.71
1833,loyal,2025-12-31,140.55
1833,loyal,2025-12-30,100.0
1833,loyal,2025-12-25,154.17
1833,loyal,2025-11-05,91.19
1833,loyal,2025-10-02,77.13
1833,loyal,2025-09-24,121.21
1833,loyal,2025-09-01,114.34
1833,loyal,2025-08-26,114.29
1833,loyal,2025-07-30,140.46
1833,loyal,2025-06-16,113.19
1833,loyal,2025-06-02,119.39
1833,loyal,2025-05-23,150.79
1834,loyal,2026-05-25,123.26
1834,loyal,2026-05-02,93.12
1834,loyal,2026-04-29,78.8
1834,loyal,2026-04-18,127.11
1834,loyal,2025-11-22,88.43
1834,loyal,2025-09-10,116.23
1834,loyal,2025-07-17,128.8
1834,loyal,2025-05-29,167.2
1834,loyal,2025-05-08,72.13
1834,loyal,2025-05-07,105.42
1834,loyal,2025-04-21,106.66
1834,loyal,2025-03-26,110.03
1835,loyal,2026-05-30,70.36
1835,loyal,2026-05-16,174.78
1835,loyal,2026-04-12,119.55
1835,loyal,2026-03-27,104.23
1835,loyal,2026-03-25,173.83
1835,loyal,2025-09-19,83.94
1835,loyal,2025-08-16,128.07
1835,loyal,2025-07-29,72.53
1835,loyal,2025-04-22,132.52
1836,champion,2026-07-14,135.26
1836,champion,2026-07-13,158.4
1836,champion,2026-07-01,199.06
1836,champion,2026-06-17,126.05
1836,champion,2026-05-30,142.93
1836,champion,2026-04-04,202.49
1836,champion,2026-03-19,154.14
1836,champion,2026-02-01,194.8
1836,champion,2026-01-25,147.43
1836,champion,2026-01-07,191.51
1836,champion,2025-11-23,149.12
1836,champion,2025-10-31,103.92
1836,champion,2025-10-13,218.24
1836,champion,2025-06-06,152.16
1836,champion,2025-06-04,170.05
1836,champion,2025-05-21,152.35
1836,champion,2025-05-03,201.78
1836,champion,2025-03-17,193.33
1836,champion,2025-03-17,201.68
1837,at_risk,2026-03-27,66.1
1837,at_risk,2026-01-31,73.66
1837,at_risk,2026-01-28,92.96
1837,at_risk,2025-12-05,67.08
1837,at_risk,2025-12-03,20.04
1837,at_risk,2025-11-11,10.0
1837,at_risk,2025-10-21,99.31
1837,at_risk,2025-08-07,55.48
1837,at_risk,2025-08-04,24.81
1837,at_risk,2025-04-04,116.87
1838,low_value,2026-02-23,69.8
1838,low_value,2025-10-01,81.74
1838,low_value,2025-07-21,36.25
1839,low_value,2026-03-18,23.93
1839,low_value,2025-06-29,44.9
1839,low_value,2025-04-09,38.04
1840,champion,2026-07-05,199.57
1840,champion,2026-05-29,181.26
1840,champion,2026-05-01,178.8
1840,champion,2026-03-23,183.62
1840,champion,2025-12-29,148.34
1840,champion,2025-11-25,119.33
1840,champion,2025-11-20,202.77
1840,champion,2025-07-29,241.2
1840,champion,2025-07-21,204.17
1840,champion,2025-06-29,190.17
1840,champion,2025-05-22,131.66
1840,champion,2025-05-05,215.09
1840,champion,2025-04-25,199.26
1840,champion,2025-04-24,210.41
1840,champion,2025-04-23,221.36
1840,champion,2025-04-08,243.44
1840,champion,2025-03-30,135.41
1841,new,2025-12-07,96.12
1841,new,2025-12-02,68.04
1841,new,2025-11-21,97.79
1841,new,2025-09-22,80.75
1841,new,2025-06-09,59.03
1841,new,2025-04-04,79.54
1842,loyal,2026-06-23,115.41
1842,loyal,2026-06-15,172.62
1842,loyal,2026-06-05,93.82
1842,loyal,2026-04-17,117.23
1842,loyal,2026-01-28,92.33
1842,loyal,2025-12-31,71.38
1842,loyal,2025-11-28,145.55
1842,loyal,2025-09-28,100.84
1842,loyal,2025-09-01,130.84
1842,loyal,2025-05-24,102.62
1842,loyal,2025-04-09,147.4
1843,low_value,2025-08-15,59.31
1843,low_value,2025-07-27,37.07
1843,low_value,2025-06-22,25.63
1843,low_value,2025-06-05,56.33
1844,loyal,2026-04-09,140.11
1844,loyal,2026-04-02,116.23
1844,loyal,2026-03-22,95.33
1844,loyal,2026-02-28,120.36
1844,loyal,2026-02-25,144.64
1844,loyal,2025-12-20,116.97
1844,loyal,2025-11-27,106.9
1844,loyal,2025-10-01,89.38
1844,loyal,2025-09-27,187.68
1844,loyal,2025-07-29,83.27
1844,loyal,2025-07-07,80.5
1844,loyal,2025-06-14,114.92
1844,loyal,2025-06-03,103.94
1844,loyal,2025-06-01,140.7
1844,loyal,2025-05-22,141.71
1845,new,2026-07-09,45.39
1845,new,2026-04-05,80.53
1845,new,2026-03-01,96.43
1845,new,2026-01-26,44.24
1845,new,2026-01-01,61.84
1845,new,2025-09-15,82.84
1845,new,2025-04-17,69.84
1846,at_risk,2026-04-25,98.19
1846,at_risk,2026-02-26,156.17
1846,at_risk,2026-01-17,89.15
1846,at_risk,2025-12-05,79.67
1847,new,2026-08-03,104.14
1847,new,2026-06-10,27.12
1847,new,2026-05-23,58.4
1847,new,2025-12-15,69.34
1847,new,2025-11-09,99.18
1847,new,2025-07-15,118.7
1847,new,2025-07-07,59.45
1847,new,2025-06-28,83.48
1847,new,2025-05-21,67.64
1847,new,2025-05-16,67.48
1847,new,2025-05-04,76.83
1848,at_risk,2026-04-24,127.48
1848,at_risk,2026-04-12,93.04
1848,at_risk,2026-03-27,78.77
1848,at_risk,2026-01-17,27.42
1848,at_risk,2025-12-11,99.34
1848,at_risk,2025-08-25,70.88
1848,at_risk,2025-07-01,72.89
1849,low_value,2025-06-02,49.63
1850,loyal,2026-05-15,115.01
1850,loyal,2026-05-11,124.5
1850,loyal,2026-04-29,92.51
1850,loyal,2026-04-25,120.41
1850,loyal,2026-03-06,138.51
1850,loyal,2026-01-06,111.41
1850,loyal,2025-08-25,106.92
1850,loyal,2025-07-12,102.93
1850,loyal,2025-05-13,91.48
1850,loyal,2025-03-28,81.86
1851,low_value,2026-03-25,59.46
1851,low_value,2025-05-01,59.13
1851,low_value,2025-03-20,63.4
1852,new,2026-03-05,59.96
1852,new,2025-11-21,25.85
1853,low_value,2026-02-22,57.78
1853,low_value,2026-02-10,126.76
1853,low_value,2025-12-01,68.34
1853,low_value,2025-09-18,49.93
1853,low_value,2025-05-31,54.68
1853,low_value,2025-04-15,54.5
1853,low_value,2025-04-02,43.19
1853,low_value,2025-03-30,60.13
1854,low_value,2026-03-31,64.22
1854,low_value,2025-11-06,43.96
1854,low_value,2025-07-08,36.06
1855,low_value,2026-01-03,36.8
1855,low_value,2025-09-17,27.41
1855,low_value,2025-04-14,47.01
1856,loyal,2026-06-28,146.7
1856,loyal,2026-06-07,106.76
1856,loyal,2026-03-18,65.15
1856,loyal,2026-03-13,71.73
1856,loyal,2026-03-04,134.42
1856,loyal,2026-01-27,60.06
1856,loyal,2025-11-20,118.35
1856,loyal,2025-10-06,97.14
1856,loyal,2025-09-20,104.16
1856,loyal,2025-08-13,89.78
1856,loyal,2025-07-30,81.41
1856,loyal,2025-04-27,95.38
1856,loyal,2025-04-24,127.16
1856,loyal,2025-03-16,101.22
1857,loyal,2026-07-07,96.11
1857,loyal,2026-06-30,122.88
1857,loyal,2026-05-13,151.04
1857,loyal,2026-04-05,128.77
1857,loyal,2026-03-12,113.88
1857,loyal,2026-03-08,158.64
1857,loyal,2025-12-28,59.77
1857,loyal,2025-12-07,76.63
1857,loyal,2025-10-13,96.07
1857,loyal,2025-10-09,152.58
1857,loyal,2025-09-02,138.29
1857,loyal,2025-08-25,58.51
1857,loyal,2025-07-21,96.91
1857,loyal,2025-05-01,70.29
1857,loyal,2025-03-20,108.79
1858,loyal,2026-08-18,134.61
1858,loyal,2026-08-11,115.55
1858,loyal,2026-07-22,152.13
1858,loyal,2026-02-22,119.89
1858,loyal,2026-02-09,90.54
1858,loyal,2026-01-08,123.5
1858,loyal,2025-12-31,143.8
1858,loyal,2025-12-11,110.01
1858,loyal,2025-11-17,47.78
1858,loyal,2025-07-29,106.55
1858,loyal,2025-07-17,112.94
1858,loyal,2025-07-06,108.65
1858,loyal,2025-06-03,95.14
1858,loyal,2025-05-01,149.69
1858,loyal,2025-03-31,38.81
1859,loyal,2026-05-20,76.65
1859,loyal,2026-04-30,89.98
1859,loyal,2026-04-27,132.63
1859,loyal,2026-01-04,117.71
1859,loyal,2025-11-21,101.5
1859,loyal,2025-11-12,107.88
1859,loyal,2025-10-10,137.42
1859,loyal,2025-08-13,124.55
1859,loyal,2025-07-25,88.61
1859,loyal,2025-05-25,117.13
1859,loyal,2025-05-11,108.51
1860,new,2026-07-19,65.2
1860,new,2026-01-10,37.09
1860,new,2025-12-28,68.24
1861,low_value,2026-02-09,43.87
1861,low_value,2026-01-10,14.96
1861,low_value,2025-09-30,52.93
1861,low_value,2025-08-09,10.0
1861,low_value,2025-06-27,18.0
1862,low_value,2025-07-24,15.33
1863,new,2025-05-13,69.51
1864,new,2026-07-22,79.01
1864,new,2026-05-11,79.89
1864,new,2026-04-24,84.96
1864,new,2026-02-26,67.63
1864,new,2026-02-25,34.06
1864,new,2026-02-24,76.28
1864,new,2025-08-25,69.54
1864,new,2025-08-15,48.52
1864,new,2025-07-13,42.77
1865,low_value,2026-03-06,80.07
1865,low_value,2025-12-27,33.29
1865,low_value,2025-11-07,12.77
1865,low_value,2025-10-04,61.67
1865,low_value,2025-08-21,53.51
1865,low_value,2025-08-16,69.03
1866,low_value,2026-04-01,10.0
1866,low_value,2026-01-25,43.63
1866,low_value,2025-12-24,33.5
1866,low_value,2025-12-15,37.44
1866,low_value,2025-10-27,39.33
1867,loyal,2026-06-08,91.4
1867,loyal,2026-01-07,101.73
1867,loyal,2025-11-12,116.97
1867,loyal,2025-10-20,61.82
1867,loyal,2025-08-10,58.35
1867,loyal,2025-07-01,95.55
1867,loyal,2025-06-06,96.59
1867,loyal,2025-04-19,114.03
1867,loyal,2025-03-20,80.66
1867,loyal,2025-03-14,123.02
1868,new,2026-08-04,45.56
1868,new,2026-05-21,32.45
1868,new,2026-04-01,89.8
1868,new,2025-08-20,81.83
1868,new,2025-08-12,76.59
1868,new,2025-07-31,42.86
1868,new,2025-05-20,75.26
1868,new,2025-04-08,37.24
1869,low_value,2026-06-17,53.06
1869,low_value,2026-02-16,62.28
1869,low_value,2025-08-30,52.95
1869,low_value,2025-08-28,37.92
1869,low_value,2025-06-06,48.49
1869,low_value,2025-05-18,37.72
1870,at_risk,2026-06-07,94.64
1870,at_risk,2026-06-01,76.82
1870,at_risk,2026-05-30,96.66
1870,at_risk,2026-05-05,82.08
1870,at_risk,2026-04-12,198.58
1870,at_risk,2026-01-28,76.43
1870,at_risk,2025-04-24,106.46
1871,at_risk,2026-06-10,134.92
1871,at_risk,2026-06-08,123.16
1871,at_risk,2026-01-21,108.75
1871,at_risk,2025-12-02,41.07
1871,at_risk,2025-10-13,133.27
1871,at_risk,2025-09-26,108.23
1871,at_risk,2025-09-24,119.59
1871,at_risk,2025-09-13,105.97
1871,at_risk,2025-05-26,112.01
1872,low_value,2025-06-11,56.53
1872,low_value,2025-04-16,50.03
1873,low_value,2025-12-31,52.41
1873,low_value,2025-10-22,38.93
1873,low_value,2025-09-08,36.71
1873,low_value,2025-07-24,22.46
1874,low_value,2026-05-04,23.11
1874,low_value,2025-11-29,36.42
1874,low_value,2025-06-25,28.82
1874,low_value,2025-04-26,55.15
1874,low_value,2025-04-06,36.01
1875,low_value,2026-03-30,38.84
1875,low_value,2026-03-26,55.92
1875,low_value,2026-03-12,41.05
1875,low_value,2025-10-09,64.76
1875,low_value,2025-07-19,62.45
1876,loyal,2026-07-26,113.9
1876,loyal,2026-06-16,65.37
1876,loyal,2026-04-19,113.87
1876,loyal,2026-04-16,99.91
1876,loyal,2026-03-31,137.71
1876,loyal,2026-02-06,135.1
1876,loyal,2025-12-29,143.1
1876,loyal,2025-06-29,116.19
1877,at_risk,2026-04-22,151.0
1877,at_risk,2026-02-19,73.07
1877,at_risk,2026-02-08,141.09
1877,at_risk,2025-08-15,74.33
1877,at_risk,2025-08-10,158.07
1877,at_risk,2025-06-24,65.06
1877,at_risk,2025-05-08,81.22
1877,at_risk,2025-03-29,147.79
1877,at_risk,2025-03-18,149.33
1878,new,2026-04-19,57.76
1878,new,2026-03-05,44.23
1878,new,2025-12-22,104.2
1878,new,2025-12-09,35.49
1878,new,2025-10-06,39.9
1878,new,2025-09-03,61.95
1879,new,2026-06-23,110.07
1879,new,2026-06-22,101.73
1879,new,2025-12-16,33.22
1879,new,2025-12-11,36.69
1879,new,2025-11-07,119.46
1879,new,2025-08-01,63.64
1879,new,2025-07-15,35.63
1879,new,2025-05-26,97.06
1879,new,2025-04-09,71.68
1880,new,2026-05-08,41.23
1880,new,2025-12-15,76.79
1880,new,2025-12-07,84.63
1880,new,2025-12-07,72.29
1880,new,2025-09-16,63.75
1881,new,2026-07-01,104.53
1881,new,2026-06-15,72.65
1881,new,2026-05-28,33.89
1881,new,2026-03-18,47.17
1881,new,2025-12-15,75.53
1881,new,2025-08-29,20.83
1881,new,2025-04-09,39.18
1882,at_risk,2026-04-06,106.9
1882,at_risk,2025-11-25,118.66
1882,at_risk,2025-08-20,153.22
1882,at_risk,2025-07-20,76.7
1882,at_risk,2025-06-26,99.46
1882,at_risk,2025-06-23,91.9
1882,at_risk,2025-06-05,130.84
1882,at_risk,2025-04-02,179.0
1883,low_value,2025-11-17,64.03
1883,low_value,2025-09-21,56.02
1883,low_value,2025-06-12,34.06
1883,low_value,2025-04-05,10.0
1884,at_risk,2026-02-17,34.64
1884,at_risk,2025-08-28,101.18
1884,at_risk,2025-08-19,109.5
1884,at_risk,2025-08-09,151.63
1884,at_risk,2025-04-19,127.48
1885,at_risk,2026-04-03,117.62
1885,at_risk,2026-03-02,167.08
1885,at_risk,2026-02-22,57.11
1885,at_risk,2026-01-15,81.65
1885,at_risk,2025-10-06,109.53
1885,at_risk,2025-09-17,120.98
1885,at_risk,2025-09-03,90.91
1885,at_risk,2025-07-12,123.02
1885,at_risk,2025-04-17,122.75
1885,at_risk,2025-04-13,46.42
1886,loyal,2026-07-02,114.03
1886,loyal,2026-06-14,110.52
1886,loyal,2026-05-26,115.79
1886,loyal,2026-04-13,109.88
1886,loyal,2026-04-04,71.44
1886,loyal,2026-03-23,97.1
1886,loyal,2025-11-04,112.17
1886,loyal,2025-10-13,152.56
1886,loyal,2025-09-03,130.76
1886,loyal,2025-07-19,154.17
1886,loyal,2025-06-27,67.85
1886,loyal,2025-05-31,99.31
1886,loyal,2025-03-16,172.22
1887,loyal,2026-06-07,121.76
1887,loyal,2026-05-30,52.15
1887,loyal,2026-01-04,109.53
1887,loyal,2025-10-28,93.41
1887,loyal,2025-08-12,130.34
1887,loyal,2025-06-26,162.17
1888,low_value,2025-11-19,50.67
1888,low_value,2025-09-02,89.63
1888,low_value,2025-07-30,16.94
1888,low_value,2025-05-07,41.09
1889,at_risk,2026-01-31,36.52
1889,at_risk,2026-01-25,102.96
1889,at_risk,2025-07-17,141.88
1889,at_risk,2025-07-14,118.35
1889,at_risk,2025-06-10,73.18
1890,loyal,2026-07-23,148.98
1890,loyal,2026-07-01,132.63
1890,loyal,2026-04-22,113.16
1890,loyal,2026-04-18,111.74
1890,loyal,2026-04-10,109.65
1890,loyal,2026-03-19,151.15
1890,loyal,2026-01-05,55.53
1890,loyal,2025-11-30,133.15
1890,loyal,2025-09-23,94.75
1890,loyal,2025-09-08,125.09
1890,loyal,2025-05-27,125.23
1890,loyal,2025-05-21,132.0
1890,loyal,2025-03-26,157.51
1890,loyal,2025-03-12,68.87
1891,low_value,2025-06-30,85.68
1892,new,2026-05-21,70.33
1892,new,2026-04-28,103.73
1892,new,2026-03-16,94.41
1892,new,2026-02-26,108.13
1892,new,2026-01-19,119.3
1892,new,2025-11-12,25.97
1892,new,2025-09-03,76.63
1893,champion,2026-07-19,193.73
1893,champion,2026-04-01,230.29
1893,champion,2026-03-12,132.32
1893,champion,2026-02-24,178.78
1893,champion,2026-02-22,227.13
1893,champion,2026-02-04,132.85
1893,champion,2025-12-23,230.68
1893,champion,2025-11-27,162.44
1893,champion,2025-11-17,208.45
1893,champion,2025-11-10,171.28
1893,champion,2025-09-02,198.35
1893,champion,2025-08-22,244.36
1893,champion,2025-08-08,175.14
1893,champion,2025-08-04,219.86
1893,champion,2025-07-23,190.99
1894,at_risk,2026-01-21,145.04
1894,at_risk,2025-06-28,128.39
1894,at_risk,2025-06-17,73.89
1894,at_risk,2025-06-09,81.34
1895,loyal,2026-07-10,130.8
1895,loyal,2026-07-05,94.0
1895,loyal,2026-06-26,124.06
1895,loyal,2026-03-08,157.3
1895,loyal,2025-12-05,79.61
1895,loyal,2025-12-03,59.91
1895,loyal,2025-09-24,101.71
1895,loyal,2025-06-15,89.46
1895,loyal,2025-04-16,109.24
1895,loyal,2025-04-06,126.14
1896,low_value,2025-08-08,14.09
1896,low_value,2025-07-15,66.27
1896,low_value,2025-03-19,45.44
1897,loyal,2026-06-30,110.73
1897,loyal,2026-05-28,84.06
1897,loyal,2026-02-21,108.08
1897,loyal,2025-12-19,67.72
1897,loyal,2025-10-21,95.34
1897,loyal,2025-10-10,76.78
1897,loyal,2025-08-03,108.59
1897,loyal,2025-05-28,71.92
1898,champion,2026-07-10,123.23
1898,champion,2026-07-05,236.5
1898,champion,2026-07-05,188.78
1898,champion,2026-05-20,208.36
1898,champion,2026-03-17,127.15
1898,champion,2026-01-29,127.3
1898,champion,2026-01-06,196.56
1898,champion,2025-10-08,221.1
1898,champion,2025-10-07,134.83
1898,champion,2025-09-30,175.93
1898,champion,2025-09-07,116.51
1898,champion,2025-08-25,151.94
1898,champion,2025-08-19,169.72
1898,champion,2025-07-06,199.55
1898,champion,2025-06-30,95.77
1898,champion,2025-06-22,232.82
1898,champion,2025-06-12,173.18
1898,champion,2025-05-13,231.78
1898,champion,2025-04-27,207.95
1898,champion,2025-04-09,214.09
1898,champion,2025-03-22,260.81
1898,champion,2025-03-15,148.74
1899,champion,2026-08-19,159.48
1899,champion,2026-08-05,213.37
1899,champion,2026-06-22,166.51
1899,champion,2026-05-25,220.36
1899,champion,2026-05-18,180.57
1899,champion,2026-05-17,168.63
1899,champion,2026-04-21,136.05
1899,champion,2026-04-13,96.4
1899,champion,2026-01-21,117.44
1899,champion,2026-01-10,188.62
1899,champion,2025-12-30,143.7
1899,champion,2025-12-11,114.19
1899,champion,2025-11-16,163.22
1899,champion,2025-10-20,191.19
1899,champion,2025-10-17,196.6
1899,champion,2025-08-11,178.85
1899,champion,2025-07-23,177.57
1899,champion,2025-05-17,158.46
1899,champion,2025-05-10,205.36
1899,champion,2025-04-05,172.93
1900,new,2026-07-07,104.79
1900,new,2026-05-06,83.24
1900,new,2025-12-17,92.8
1900,new,2025-10-31,55.2
1900,new,2025-08-30,37.86
1900,new,2025-06-07,73.69
1901,champion,2026-08-24,123.26
1901,champion,2026-08-15,131.18
1901,champion,2026-08-06,153.2
1901,champion,2026-06-25,177.83
1901,champion,2026-06-07,114.83
1901,champion,2026-05-20,163.27
1901,champion,2026-05-02,171.68
1901,champion,2026-01-29,192.99
1901,champion,2026-01-21,204.47
1901,champion,2026-01-18,196.06
1901,champion,2025-11-25,251.69
1901,champion,2025-11-21,223.76
1901,champion,2025-11-07,188.88
1901,champion,2025-10-27,141.18
1901,champion,2025-10-17,152.98
1901,champion,2025-09-08,122.85
1901,champion,2025-07-04,186.13
1901,champion,2025-06-12,193.25
1901,champion,2025-06-07,215.72
1901,champion,2025-05-06,190.69
1901,champion,2025-03-28,222.16
1902,low_value,2025-10-15,26.15
1902,low_value,2025-09-10,55.13
1902,low_value,2025-08-10,53.67
1902,low_value,2025-07-08,29.75
1902,low_value,2025-07-03,19.14
1903,loyal,2026-08-11,89.28
1903,loyal,2026-07-13,120.91
1903,loyal,2026-07-02,113.43
1903,loyal,2026-04-09,129.12
1903,loyal,2026-03-02,145.8
1903,loyal,2026-03-02,63.43
1903,loyal,2026-01-30,111.17
1903,loyal,2025-12-18,167.03
1903,loyal,2025-11-25,92.1
1903,loyal,2025-07-31,88.56
1903,loyal,2025-07-05,42.77
1903,loyal,2025-06-19,113.05
1903,loyal,2025-05-02,127.42
1903,loyal,2025-04-03,127.36
1904,new,2026-02-19,49.64
1904,new,2026-01-22,23.2
1904,new,2025-06-01,87.03
1905,at_risk,2026-07-05,123.37
1905,at_risk,2026-07-01,123.46
1905,at_risk,2026-05-13,71.44
1905,at_risk,2026-04-01,121.88
1905,at_risk,2026-03-23,54.05
1905,at_risk,2026-03-17,80.09
1905,at_risk,2025-08-10,136.86
1905,at_risk,2025-07-25,48.73
1905,at_risk,2025-07-11,89.08
1906,at_risk,2026-05-27,39.44
1906,at_risk,2026-03-17,93.37
1906,at_risk,2026-01-02,132.87
1906,at_risk,2025-09-20,43.73
1906,at_risk,2025-08-27,60.54
1906,at_risk,2025-08-22,74.63
1907,champion,2026-08-24,113.05
1907,champion,2026-06-10,194.83
1907,champion,2026-05-17,172.32
1907,champion,2026-05-14,215.1
1907,champion,2026-04-27,144.4
1907,champion,2026-04-14,136.08
1907,champion,2026-04-12,211.05
1907,champion,2026-04-12,168.19
1907,champion,2026-03-27,214.23
1907,champion,2026-03-24,181.34
1907,champion,2026-03-12,255.1
1907,champion,2026-02-22,210.23
1907,champion,2026-02-20,196.39
1907,champion,2026-02-10,212.0
1907,champion,2026-01-25,169.08
1907,champion,2025-12-01,114.28
1907,champion,2025-11-07,194.44
1907,champion,2025-10-26,257.66
1907,champion,2025-10-22,88.38
1907,champion,2025-10-20,198.77
1907,champion,2025-08-24,118.59
1907,champion,2025-07-21,179.07
1907,champion,2025-06-30,183.18
1907,champion,2025-06-19,209.87
1907,champion,2025-06-13,188.41
1907,champion,2025-06-02,234.94
1907,champion,2025-05-03,226.66
1907,champion,2025-04-16,172.13
1907,champion,2025-03-22,223.78
1908,low_value,2026-04-03,38.27
1908,low_value,2026-03-25,99.56
1908,low_value,2025-10-11,78.25
1908,low_value,2025-08-19,58.98
1908,low_value,2025-06-18,49.83
1908,low_value,2025-06-03,67.58
1909,low_value,2026-04-03,59.63
1909,low_value,2026-03-22,66.71
1909,low_value,2026-03-19,22.95
1909,low_value,2026-02-02,53.8
1909,low_value,2025-05-29,44.99
1909,low_value,2025-04-27,59.75
1910,champion,2026-08-10,161.01
1910,champion,2026-08-10,221.92
1910,champion,2026-07-18,149.8
1910,champion,2026-07-04,143.57
1910,champion,2026-06-24,188.37
1910,champion,2026-06-22,180.21
1910,champion,2026-05-11,177.27
1910,champion,2026-05-02,190.16
1910,champion,2026-04-29,139.62
1910,champion,2026-03-09,144.04
1910,champion,2026-01-30,219.45
1910,champion,2026-01-13,174.16
1910,champion,2025-12-22,203.86
1910,champion,2025-12-16,228.96
1910,champion,2025-11-28,213.83
1910,champion,2025-10-28,125.21
1910,champion,2025-10-06,175.34
1910,champion,2025-09-10,221.63
1910,champion,2025-09-08,200.91
1910,champion,2025-08-20,187.36
1910,champion,2025-08-18,114.42
1910,champion,2025-08-06,155.34
1910,champion,2025-08-05,182.77
1910,champion,2025-07-05,122.96
1910,champion,2025-07-02,211.75
1910,champion,2025-05-12,175.3
1910,champion,2025-04-30,100.81
1910,champion,2025-04-06,157.34
1910,champion,2025-03-29,168.55
1911,loyal,2026-03-09,113.79
1911,loyal,2026-02-12,139.77
1911,loyal,2025-12-05,161.9
1911,loyal,2025-10-28,163.53
1911,loyal,2025-09-18,96.73
1911,loyal,2025-06-17,138.04
1911,loyal,2025-05-04,122.77
1911,loyal,2025-03-17,77.28
1912,low_value,2026-03-01,34.22
1912,low_value,2025-10-31,10.0
1912,low_value,2025-10-30,54.17
1912,low_value,2025-10-08,45.57
1913,new,2026-06-27,61.5
1913,new,2026-02-22,81.38
1913,new,2026-01-21,65.24
1913,new,2025-10-13,71.18
1913,new,2025-09-10,82.74
1913,new,2025-04-22,73.46
1913,new,2025-04-01,77.71
1914,loyal,2026-07-21,104.38
1914,loyal,2026-07-14,136.45
1914,loyal,2026-06-19,88.21
1914,loyal,2026-05-17,122.15
1914,loyal,2026-02-06,82.03
1914,loyal,2026-02-04,110.58
1914,loyal,2026-01-09,108.46
1914,loyal,2025-12-09,136.36
1914,loyal,2025-11-17,89.88
1914,loyal,2025-11-07,202.2
1914,loyal,2025-10-10,68.54
1914,loyal,2025-09-23,116.99
1914,loyal,2025-06-30,118.63
1915,loyal,2026-08-22,67.97
1915,loyal,2026-04-04,130.16
1915,loyal,2026-03-28,89.82
1915,loyal,2026-02-27,86.09
1915,loyal,2026-01-29,81.1
1915,loyal,2026-01-12,119.13
1915,loyal,2025-11-27,110.65
1915,loyal,2025-10-29,110.79
1915,loyal,2025-10-16,87.16
1915,loyal,2025-08-05,123.06
1915,loyal,2025-07-02,90.13
1915,loyal,2025-04-28,112.11
1915,loyal,2025-04-23,105.81
1915,loyal,2025-04-06,59.35
1916,low_value,2025-12-17,67.74
1916,low_value,2025-08-27,51.98
1917,low_value,2026-02-10,57.32
1917,low_value,2026-02-08,34.69
1917,low_value,2026-01-07,56.02
1918,new,2026-07-31,93.27
1918,new,2026-07-03,89.46
1918,new,2026-04-29,78.57
1918,new,2025-08-20,100.66
1918,new,2025-08-17,55.87
1918,new,2025-07-23,71.84
1919,low_value,2025-11-12,78.62
1919,low_value,2025-11-07,13.84
1919,low_value,2025-07-26,63.28
1920,new,2026-06-25,51.17
1920,new,2026-06-22,112.76
1920,new,2026-06-07,92.11
1920,new,2026-05-24,55.96
1920,new,2026-05-15,32.6
1920,new,2026-03-28,27.47
1920,new,2026-03-18,54.15
1920,new,2026-01-25,72.69
1920,new,2026-01-24,72.96
1920,new,2026-01-10,73.71
1920,new,2025-06-09,78.36
1921,at_risk,2026-05-02,94.91
1921,at_risk,2026-04-07,60.3
1921,at_risk,2026-03-31,120.9
1921,at_risk,2026-03-23,65.44
1921,at_risk,2026-02-06,64.36
1921,at_risk,2026-01-05,101.76
1921,at_risk,2025-10-16,148.95
1921,at_risk,2025-09-03,120.43
1921,at_risk,2025-09-03,93.69
1921,at_risk,2025-07-05,60.64
1921,at_risk,2025-06-03,148.27
1921,at_risk,2025-04-23,93.02
1921,at_risk,2025-03-15,84.84
1922,new,2026-05-19,116.63
1922,new,2026-03-13,70.36
1922,new,2026-02-14,94.97
1922,new,2026-02-04,64.71
1922,new,2026-01-24,93.05
1922,new,2026-01-19,66.24
1922,new,2025-10-01,10.0
1922,new,2025-09-12,51.96
1922,new,2025-05-31,73.31
1922,new,2025-04-01,97.07
1923,at_risk,2025-11-17,51.94
1923,at_risk,2025-08-05,122.82
1923,at_risk,2025-07-13,81.62
1923,at_risk,2025-04-30,57.15
1923,at_risk,2025-04-15,82.15
1923,at_risk,2025-04-12,80.95
1923,at_risk,2025-03-22,107.78
1924,loyal,2026-05-16,84.47
1924,loyal,2026-05-09,146.55
1924,loyal,2026-05-03,103.98
1924,loyal,2026-01-23,132.41
1924,loyal,2026-01-23,95.52
1924,loyal,2025-11-17,89.74
1924,loyal,2025-11-11,128.14
1924,loyal,2025-08-10,118.33
1924,loyal,2025-05-17,119.67
1924,loyal,2025-04-24,107.19
1925,champion,2026-07-08,164.64
1925,champion,2026-06-26,88.73
1925,champion,2026-06-16,206.44
1925,champion,2026-05-13,152.81
1925,champion,2026-05-09,160.97
1925,champion,2026-04-25,225.92
1925,champion,2026-03-31,126.86
1925,champion,2026-03-05,116.82
1925,champion,2026-02-28,88.9
1925,champion,2026-02-09,230.82
1925,champion,2026-01-01,221.53
1925,champion,2025-11-17,168.24
1925,champion,2025-11-01,128.99
1925,champion,2025-09-08,213.36
1925,champion,2025-08-26,290.19
1925,champion,2025-07-28,170.57
1925,champion,2025-07-23,131.88
1925,champion,2025-07-04,229.67
1925,champion,2025-06-03,134.7
1925,champion,2025-03-20,165.33
1925,champion,2025-03-12,74.45
1926,at_risk,2026-06-08,93.13
1926,at_risk,2026-04-08,72.33
1926,at_risk,2025-07-05,66.58
1926,at_risk,2025-06-21,112.81
1927,low_value,2026-04-06,38.25
1928,champion,2026-07-10,179.3
1928,champion,2026-06-25,180.69
1928,champion,2026-06-23,173.71
1928,champion,2026-04-07,156.87
1928,champion,2026-03-07,279.84
1928,champion,2026-03-06,181.53
1928,champion,2026-03-05,191.86
1928,champion,2026-02-04,134.42
1928,champion,2025-10-11,215.4
1928,champion,2025-10-09,175.06
1928,champion,2025-09-22,197.83
1928,champion,2025-09-03,216.09
1928,champion,2025-08-24,175.84
1928,champion,2025-08-04,152.92
1928,champion,2025-08-03,86.89
1928,champion,2025-07-05,164.51
1928,champion,2025-06-19,152.7
1928,champion,2025-06-09,134.28
1928,champion,2025-04-28,238.12
1928,champion,2025-03-18,219.31
1929,at_risk,2025-12-10,128.71
1929,at_risk,2025-09-01,123.68
1929,at_risk,2025-07-03,147.83
1930,new,2026-04-18,142.66
1930,new,2026-01-14,123.22
1930,new,2026-01-09,89.82
1930,new,2025-11-19,53.44
1930,new,2025-10-05,51.94
1930,new,2025-07-01,87.89
1930,new,2025-06-14,107.42
1931,new,2026-02-06,40.6
1931,new,2025-11-30,83.65
1932,low_value,2025-07-19,14.66
1933,low_value,2025-11-06,40.0
1933,low_value,2025-10-01,41.21
1933,low_value,2025-09-01,58.7
1934,low_value,2026-03-17,29.21
1934,low_value,2026-02-26,60.12
1934,low_value,2025-12-31,59.09
1934,low_value,2025-12-18,95.46
1934,low_value,2025-09-06,18.58
1935,loyal,2026-07-01,68.15
1935,loyal,2026-05-09,121.28
1935,loyal,2026-01-25,107.59
1935,loyal,2025-11-24,142.21
1935,loyal,2025-11-22,135.71
1935,loyal,2025-11-07,138.21
1935,loyal,2025-09-07,115.73
1936,new,2026-07-30,89.09
1936,new,2026-04-04,53.1
1936,new,2025-12-04,18.1
1936,new,2025-08-22,148.86
1936,new,2025-08-04,97.94
1936,new,2025-06-07,93.31
1936,new,2025-03-28,110.7
1937,new,2025-12-31,39.03
1937,new,2025-09-18,63.56
1937,new,2025-08-01,112.6
1937,new,2025-03-22,90.11
1938,loyal,2026-07-09,140.31
1938,loyal,2026-02-11,117.13
1938,loyal,2026-01-16,131.21
1938,loyal,2026-01-06,126.4
1938,loyal,2025-12-08,152.26
1938,loyal,2025-11-10,123.64
1938,loyal,2025-09-16,134.71
1938,loyal,2025-09-11,115.02
1938,loyal,2025-06-19,81.58
1938,loyal,2025-05-10,103.23
1938,loyal,2025-03-19,127.7
1938,loyal,2025-03-16,130.33
1939,champion,2026-08-23,182.17
1939,champion,2026-08-21,187.38
1939,champion,2026-08-10,217.66
1939,champion,2026-04-27,183.72
1939,champion,2026-04-15,166.07
1939,champion,2026-04-03,171.6
1939,champion,2026-04-03,189.76
1939,champion,2026-03-03,164.8
1939,champion,2026-02-09,222.58
1939,champion,2026-01-27,179.55
1939,champion,2026-01-22,190.07
1939,champion,2026-01-15,147.34
1939,champion,2025-12-27,222.6
1939,champion,2025-11-28,237.56
1939,champion,2025-11-25,125.47
1939,champion,2025-09-22,196.04
1939,champion,2025-05-23,175.68
1939,champion,2025-05-12,191.36
1939,champion,2025-03-13,198.08
1940,loyal,2026-07-24,91.38
1940,loyal,2026-07-18,77.48
1940,loyal,2026-04-20,120.04
1940,loyal,2026-03-17,61.06
1940,loyal,2026-02-17,80.61
1940,loyal,2026-01-24,94.42
1940,loyal,2025-09-06,133.1
1940,loyal,2025-05-23,193.33
1940,loyal,2025-05-17,119.09
1940,loyal,2025-03-14,79.04
1940,loyal,2025-03-11,89.63
1941,new,2026-04-10,30.41
1941,new,2025-09-12,64.23
1941,new,2025-08-06,39.74
1941,new,2025-05-10,53.7
1941,new,2025-05-07,80.82
1941,new,2025-04-12,87.56
1942,at_risk,2026-07-06,103.54
1942,at_risk,2026-06-30,96.56
1942,at_risk,2026-06-30,60.27
1942,at_risk,2026-05-16,95.78
1942,at_risk,2026-04-14,84.94
1942,at_risk,2026-03-08,155.34
1942,at_risk,2026-02-03,91.39
1942,at_risk,2026-01-20,99.72
1942,at_risk,2025-06-15,104.09
1942,at_risk,2025-05-10,83.72
1943,loyal,2026-06-11,131.53
1943,loyal,2026-03-25,89.29
1943,loyal,2026-03-19,72.26
1943,loyal,2026-01-31,79.89
1943,loyal,2025-10-11,130.64
1943,loyal,2025-07-20,152.65
1943,loyal,2025-04-22,132.02
1944,low_value,2026-02-06,10.0
1944,low_value,2025-10-17,64.55
1944,low_value,2025-10-14,17.66
1944,low_value,2025-09-02,59.5
1944,low_value,2025-06-08,10.0
1944,low_value,2025-05-03,15.5
1945,low_value,2025-12-09,50.67
1945,low_value,2025-11-02,30.14
1945,low_value,2025-09-17,56.35
1945,low_value,2025-05-28,55.87
1946,loyal,2026-07-12,123.59
1946,loyal,2026-07-08,110.99
1946,loyal,2026-07-01,151.7
1946,loyal,2026-05-02,66.52
1946,loyal,2026-03-17,95.89
1946,loyal,2026-03-16,70.36
1946,loyal,2026-03-16,140.76
1946,loyal,2026-03-09,147.17
1946,loyal,2025-11-14,167.68
1946,loyal,2025-11-09,125.64
1946,loyal,2025-10-23,133.68
1946,loyal,2025-10-13,123.08
1946,loyal,2025-07-17,127.19
1946,loyal,2025-06-13,111.47
1946,loyal,2025-05-30,128.56
1946,loyal,2025-05-11,174.2
1946,loyal,2025-05-05,116.56
1946,loyal,2025-04-14,110.72
1946,loyal,2025-03-18,115.94
1947,low_value,2026-03-03,50.77
1947,low_value,2025-09-17,49.94
1947,low_value,2025-07-03,48.99
1947,low_value,2025-04-16,67.6
1948,champion,2026-07-22,217.86
1948,champion,2026-06-01,238.73
1948,champion,2026-05-19,197.38
1948,champion,2026-05-05,212.19
1948,champion,2026-03-19,191.74
1948,champion,2026-03-10,202.75
1948,champion,2026-03-09,95.32
1948,champion,2026-02-12,192.59
1948,champion,2025-12-01,162.98
1948,champion,2025-11-28,178.39
1948,champion,2025-11-03,189.03
1948,champion,2025-10-24,151.38
1948,champion,2025-06-09,136.98
1948,champion,2025-04-09,150.16
1948,champion,2025-03-14,122.07
1949,low_value,2025-03-23,55.58
1950,low_value,2025-12-11,46.7
1950,low_value,2025-11-06,40.23
1950,low_value,2025-07-08,76.49
1950,low_value,2025-05-30,25.49
1951,champion,2026-07-07,238.28
1951,champion,2026-06-05,153.42
1951,champion,2026-04-08,148.61
1951,champion,2026-03-12,224.54
1951,champion,2026-03-03,196.13
1951,champion,2026-02-17,174.56
1951,champion,2026-01-26,212.58
1951,champion,2025-09-10,190.96
1951,champion,2025-08-17,237.14
1951,champion,2025-08-05,179.33
1951,champion,2025-07-11,197.06
1951,champion,2025-06-22,223.92
1951,champion,2025-06-06,82.09
1951,champion,2025-05-24,225.37
1951,champion,2025-04-28,159.8
1951,champion,2025-03-19,200.0
1952,low_value,2025-12-30,38.34
1952,low_value,2025-12-17,45.68
1952,low_value,2025-11-24,63.89
1952,low_value,2025-08-07,22.96
1953,low_value,2025-10-10,40.74
1954,low_value,2026-02-13,22.19
1954,low_value,2025-12-29,30.71
1954,low_value,2025-10-15,26.24
1954,low_value,2025-08-01,62.69
1954,low_value,2025-05-16,61.34
1955,low_value,2026-06-01,69.88
1955,low_value,2026-05-15,11.62
1955,low_value,2026-04-23,10.74
1955,low_value,2025-10-18,29.07
1955,low_value,2025-09-17,61.45
1955,low_value,2025-09-15,45.03
1955,low_value,2025-08-30,41.27
1955,low_value,2025-03-27,19.18
1956,new,2026-08-11,74.04
1956,new,2026-01-29,93.35
1956,new,2026-01-22,33.78
1956,new,2025-12-03,71.67
1956,new,2025-11-28,37.37
1956,new,2025-08-18,72.19
1957,champion,2026-08-24,208.13
1957,champion,2026-07-24,200.27
1957,champion,2026-07-08,165.15
1957,champion,2026-05-13,184.69
1957,champion,2025-12-03,174.71
1957,champion,2025-10-18,235.8
1957,champion,2025-07-28,212.41
1957,champion,2025-04-19,166.57
1957,champion,2025-04-16,163.78
1957,champion,2025-04-15,218.3
1957,champion,2025-03-21,233.6
1958,low_value,2026-01-07,36.42
1958,low_value,2025-12-09,78.98
1958,low_value,2025-09-17,36.24
1959,new,2026-07-12,75.96
1959,new,2026-05-14,92.39
1959,new,2026-04-28,11.9
1959,new,2025-07-14,66.85
1959,new,2025-03-29,65.63
1960,new,2026-02-05,59.83
1960,new,2025-12-29,64.18
1960,new,2025-11-23,99.54
1960,new,2025-10-24,31.64
1960,new,2025-09-16,53.8
1960,new,2025-08-14,96.42
1960,new,2025-04-07,90.49
1961,at_risk,2026-04-23,79.58
1961,at_risk,2026-02-24,59.95
1961,at_risk,2025-08-26,128.14
1961,at_risk,2025-05-29,131.67
1961,at_risk,2025-04-30,57.98
1961,at_risk,2025-04-09,80.91
1962,new,2026-05-01,108.81
1962,new,2025-09-11,118.68
1962,new,2025-08-30,32.45
1962,new,2025-03-29,65.89
1962,new,2025-03-28,103.2
1963,loyal,2026-08-04,131.07
1963,loyal,2026-07-06,80.45
1963,loyal,2026-05-04,92.73
1963,loyal,2026-02-25,96.28
1963,loyal,2026-02-23,98.31
1963,loyal,2026-01-09,71.07
1963,loyal,2026-01-02,126.02
1963,loyal,2025-12-09,89.34
1963,loyal,2025-11-22,106.57
1963,loyal,2025-11-18,140.19
1963,loyal,2025-11-18,127.15
1963,loyal,2025-11-14,91.36
1963,loyal,2025-10-14,141.23
1963,loyal,2025-08-30,129.97
1963,loyal,2025-08-19,88.82
1963,loyal,2025-03-12,94.58
1964,low_value,2026-06-09,83.72
1964,low_value,2026-06-05,52.47
1964,low_value,2025-10-19,26.54
1964,low_value,2025-10-15,48.53
1965,champion,2026-07-16,245.83
1965,champion,2026-07-07,183.39
1965,champion,2026-04-11,206.34
1965,champion,2026-04-04,184.83
1965,champion,2026-02-13,194.16
1965,champion,2026-02-13,172.53
1965,champion,2026-01-26,195.46
1965,champion,2026-01-15,150.8
1965,champion,2025-11-19,259.2
1965,champion,2025-09-09,84.35
1965,champion,2025-09-01,202.84
1965,champion,2025-08-13,192.78
1965,champion,2025-08-07,194.85
1965,champion,2025-06-15,132.69
1965,champion,2025-05-07,112.87
1965,champion,2025-03-12,204.23
1966,low_value,2025-11-20,35.84
1967,low_value,2026-03-18,82.6
1967,low_value,2025-12-16,42.48
1967,low_value,2025-11-06,58.3
1967,low_value,2025-10-30,38.31
1967,low_value,2025-09-03,47.85
1967,low_value,2025-06-16,33.76
1968,new,2026-07-31,132.91
1968,new,2025-11-02,61.95
1968,new,2025-10-08,96.29
1968,new,2025-05-28,44.38
1969,new,2026-08-06,78.64
1969,new,2026-07-07,103.66
1969,new,2026-06-28,30.61
1969,new,2026-06-15,115.68
1969,new,2025-08-04,51.6
1969,new,2025-04-23,76.52
1969,new,2025-04-19,57.59
1970,at_risk,2026-06-27,66.59
1970,at_risk,2026-05-26,91.35
1970,at_risk,2026-04-07,61.8
1970,at_risk,2025-12-11,82.73
1970,at_risk,2025-10-25,83.0
1970,at_risk,2025-10-14,109.43
1970,at_risk,2025-09-29,126.16
1970,at_risk,2025-06-03,137.57
1970,at_risk,2025-04-10,72.18
1970,at_risk,2025-04-08,107.6
1970,at_risk,2025-03-31,56.56
1971,low_value,2026-01-16,69.49
1971,low_value,2025-05-30,36.45
1971,low_value,2025-05-16,62.0
1972,low_value,2025-12-03,59.96
1972,low_value,2025-10-08,47.35
1972,low_value,2025-10-03,17.48
1972,low_value,2025-06-19,37.69
1973,at_risk,2026-04-01,84.02
1973,at_risk,2026-03-04,115.72
1973,at_risk,2026-02-07,92.11
1973,at_risk,2026-02-01,87.1
1973,at_risk,2025-12-13,145.91
1973,at_risk,2025-08-02,98.44
1973,at_risk,2025-07-02,99.35
1973,at_risk,2025-05-03,109.46
1973,at_risk,2025-05-02,118.67
1973,at_risk,2025-04-10,118.87
1973,at_risk,2025-04-05,149.32
1974,loyal,2026-07-20,83.28
1974,loyal,2026-04-04,90.75
1974,loyal,2026-02-13,111.8
1974,loyal,2026-01-06,98.04
1974,loyal,2025-12-12,24.1
1974,loyal,2025-12-11,128.34
1974,loyal,2025-11-11,133.39
1974,loyal,2025-08-12,105.17
1974,loyal,2025-06-16,102.81
1974,loyal,2025-04-21,98.81
1974,loyal,2025-04-07,58.66
1975,loyal,2026-07-17,116.67
1975,loyal,2026-06-22,101.12
1975,loyal,2026-05-30,101.51
1975,loyal,2026-03-13,144.21
1975,loyal,2026-03-09,157.24
1975,loyal,2026-02-05,39.61
1975,loyal,2025-10-01,102.35
1975,loyal,2025-09-26,100.78
1975,loyal,2025-09-04,144.84
1975,loyal,2025-08-05,66.49
1975,loyal,2025-04-05,20.31
1975,loyal,2025-03-31,134.63
1975,loyal,2025-03-26,138.89
1976,new,2026-07-26,34.31
1976,new,2025-12-23,55.9
1976,new,2025-09-16,27.73
1976,new,2025-07-25,65.89
1977,low_value,2026-05-29,53.96
1977,low_value,2026-04-01,35.1
1977,low_value,2025-08-24,55.36
1977,low_value,2025-03-25,26.34
1977,low_value,2025-03-14,35.68
1978,low_value,2025-11-10,64.42
1978,low_value,2025-05-28,10.0
1978,low_value,2025-03-26,61.03
1979,loyal,2026-07-09,91.7
1979,loyal,2026-07-04,96.33
1979,loyal,2026-06-29,130.96
1979,loyal,2026-06-25,111.74
1979,loyal,2026-05-31,140.13
1979,loyal,2026-02-26,121.16
1979,loyal,2025-12-26,59.81
1979,loyal,2025-10-22,126.5
1979,loyal,2025-09-28,117.01
1979,loyal,2025-08-15,91.26
1979,loyal,2025-08-12,172.21
1979,loyal,2025-07-31,128.25
1979,loyal,2025-07-22,138.25
1979,loyal,2025-04-18,139.3
1979,loyal,2025-03-13,97.4
1980,low_value,2025-10-25,45.32
1980,low_value,2025-10-11,41.35
1980,low_value,2025-09-13,45.55
1981,at_risk,2025-12-19,98.04
1981,at_risk,2025-10-28,94.13
1981,at_risk,2025-10-18,89.82
1981,at_risk,2025-10-05,102.33
1981,at_risk,2025-09-23,97.87
1981,at_risk,2025-09-05,160.44
1981,at_risk,2025-08-22,102.84
1981,at_risk,2025-07-03,103.65
1981,at_risk,2025-06-02,70.17
1982,low_value,2026-05-03,53.39
1982,low_value,2026-02-27,36.52
1982,low_value,2025-07-05,58.72
1983,loyal,2026-07-20,114.12
1983,loyal,2026-07-18,82.68
1983,loyal,2026-01-20,77.74
1983,loyal,2025-10-12,126.32
1983,loyal,2025-06-26,98.94
1983,loyal,2025-04-18,123.6
1984,new,2026-06-27,89.52
1984,new,2026-02-14,69.08
1984,new,2025-11-19,95.3
1984,new,2025-07-20,64.87
1984,new,2025-05-27,53.89
1985,low_value,2026-01-16,34.29
1985,low_value,2026-01-03,66.23
1985,low_value,2025-08-01,38.17
1986,loyal,2026-08-21,172.79
1986,loyal,2026-08-19,99.48
1986,loyal,2026-08-01,102.19
1986,loyal,2026-07-26,113.44
1986,loyal,2026-07-18,102.0
1986,loyal,2026-05-19,119.43
1986,loyal,2026-05-05,146.87
1986,loyal,2026-04-03,114.42
1986,loyal,2026-01-30,115.53
1986,loyal,2025-10-15,103.13
1986,loyal,2025-07-10,94.85
1986,loyal,2025-03-24,112.9
1987,low_value,2026-02-16,50.51
1987,low_value,2025-10-13,38.49
1987,low_value,2025-09-30,10.0
1987,low_value,2025-07-03,88.21
1987,low_value,2025-05-25,23.92
1987,low_value,2025-04-19,50.45
1988,low_value,2026-04-22,52.04
1988,low_value,2026-04-14,10.0
1988,low_value,2025-10-25,72.15
1988,low_value,2025-10-15,25.01
1988,low_value,2025-08-07,36.25
1988,low_value,2025-05-12,50.22
1989,loyal,2026-04-11,69.17
1989,loyal,2026-02-14,46.97
1989,loyal,2026-01-26,103.55
1989,loyal,2025-12-22,88.94
1989,loyal,2025-12-04,117.09
1989,loyal,2025-11-02,96.48
1989,loyal,2025-10-25,138.67
1989,loyal,2025-10-05,105.73
1989,loyal,2025-08-26,97.28
1989,loyal,2025-08-01,139.2
1989,loyal,2025-05-25,116.85
1989,loyal,2025-05-23,133.24
1989,loyal,2025-05-16,144.46
1989,loyal,2025-05-02,101.19
1989,loyal,2025-04-25,111.15
1989,loyal,2025-04-08,135.31
1989,loyal,2025-04-05,36.48
1990,loyal,2026-02-10,96.23
1990,loyal,2026-01-22,90.07
1990,loyal,2025-10-22,146.9
1990,loyal,2025-09-01,47.43
1990,loyal,2025-08-20,163.61
1990,loyal,2025-04-13,154.2
1990,loyal,2025-03-22,93.05
1991,low_value,2026-03-18,89.99
1991,low_value,2026-01-06,54.36
1991,low_value,2025-09-13,64.69
1991,low_value,2025-08-11,55.28
1991,low_value,2025-06-01,54.01
1992,at_risk,2026-06-15,62.8
1992,at_risk,2026-05-25,178.79
1992,at_risk,2026-04-13,110.91
1992,at_risk,2026-02-07,113.97
1992,at_risk,2026-01-27,129.65
1992,at_risk,2025-12-13,47.56
1992,at_risk,2025-12-03,57.38
1992,at_risk,2025-10-26,99.05
1992,at_risk,2025-09-25,107.1
1992,at_risk,2025-05-26,167.89
1992,at_risk,2025-05-01,61.78
1992,at_risk,2025-03-29,148.91
1993,champion,2026-08-20,239.2
1993,champion,2026-08-11,193.51
1993,champion,2026-05-21,107.81
1993,champion,2026-05-20,205.9
1993,champion,2026-05-14,218.69
1993,champion,2026-05-05,152.14
1993,champion,2026-03-23,177.09
1993,champion,2026-01-18,199.34
1993,champion,2026-01-07,251.49
1993,champion,2025-10-26,169.77
1993,champion,2025-08-02,215.65
1993,champion,2025-07-25,192.65
1993,champion,2025-07-06,187.98
1993,champion,2025-06-14,233.22
1993,champion,2025-06-10,146.74
1993,champion,2025-04-10,189.22
1993,champion,2025-03-31,181.09
1994,new,2026-04-10,87.68
1994,new,2026-04-06,71.32
1994,new,2025-11-15,53.31
1995,low_value,2025-03-19,51.67
1996,loyal,2026-06-16,156.86
1996,loyal,2025-10-16,117.98
1996,loyal,2025-09-25,175.03
1996,loyal,2025-09-15,107.71
1996,loyal,2025-09-11,171.41
1996,loyal,2025-07-07,96.1
1996,loyal,2025-05-19,71.08
1996,loyal,2025-04-27,170.83
1996,loyal,2025-04-25,129.81
1996,loyal,2025-03-30,125.57
1997,at_risk,2026-05-02,85.62
1997,at_risk,2026-04-24,112.83
1997,at_risk,2025-12-28,118.66
1997,at_risk,2025-11-11,89.82
1997,at_risk,2025-08-04,56.02
1997,at_risk,2025-07-06,73.14
1997,at_risk,2025-04-10,81.73
1997,at_risk,2025-03-16,95.91
1998,low_value,2026-08-19,65.76
1998,low_value,2026-03-19,27.42
1998,low_value,2025-07-26,46.1
1998,low_value,2025-05-08,54.42
1999,new,2026-06-19,84.04
1999,new,2026-05-09,77.08
1999,new,2025-09-26,94.23
1999,new,2025-08-25,51.85
1999,new,2025-08-15,64.03
1999,new,2025-08-08,106.7
1999,new,2025-08-03,74.32
1999,new,2025-04-26,61.85
2000,low_value,2026-05-16,45.21
2000,low_value,2026-04-23,54.29
2000,low_value,2025-06-06,10.0
2001,at_risk,2026-04-18,68.67
2001,at_risk,2026-03-31,46.52
2001,at_risk,2026-03-22,114.2
2001,at_risk,2026-03-04,109.48
2001,at_risk,2026-01-11,143.49
2001,at_risk,2026-01-10,107.31
2001,at_risk,2025-12-18,72.89
2001,at_risk,2025-12-09,99.69
2001,at_risk,2025-10-27,29.36
2001,at_risk,2025-10-02,80.71
2001,at_risk,2025-07-27,12.85
2001,at_risk,2025-07-14,106.5
2001,at_risk,2025-07-04,85.22
2001,at_risk,2025-04-19,90.37
2002,low_value,2026-04-03,11.38
2002,low_value,2025-12-23,69.53
2002,low_value,2025-07-20,71.58
2003,low_value,2026-05-29,52.06
2003,low_value,2026-03-07,11.56
2003,low_value,2025-12-18,44.51
2003,low_value,2025-09-24,42.0
2003,low_value,2025-03-29,74.29
2004,loyal,2026-07-14,145.98
2004,loyal,2026-04-15,131.49
2004,loyal,2026-03-18,87.75
2004,loyal,2025-11-03,97.38
2004,loyal,2025-09-28,132.57
2004,loyal,2025-09-06,136.8
2004,loyal,2025-06-24,114.75
2004,loyal,2025-05-15,100.63
2004,loyal,2025-05-15,115.74
2005,low_value,2025-12-10,48.06
2005,low_value,2025-10-08,20.47
2005,low_value,2025-08-19,19.78
2005,low_value,2025-07-21,43.38
2006,new,2026-06-12,94.21
2006,new,2025-11-07,48.45
2006,new,2025-09-12,83.19
2006,new,2025-09-03,10.0
2006,new,2025-08-27,101.64
2007,loyal,2026-06-17,125.64
2007,loyal,2026-03-28,127.05
2007,loyal,2026-03-14,83.44
2007,loyal,2026-02-10,126.23
2007,loyal,2025-10-05,126.74
2008,loyal,2026-05-26,192.29
2008,loyal,2026-05-13,118.73
2008,loyal,2026-04-21,72.0
2008,loyal,2026-03-27,95.67
2008,loyal,2026-03-16,87.29
2008,loyal,2026-02-25,121.41
2008,loyal,2026-02-09,119.23
2008,loyal,2025-12-20,90.91
2008,loyal,2025-12-16,165.69
2008,loyal,2025-11-22,112.55
2008,loyal,2025-07-25,96.33
2008,loyal,2025-06-05,73.37
2008,loyal,2025-06-02,83.16
2008,loyal,2025-05-10,72.62
2009,low_value,2025-08-19,61.92
2009,low_value,2025-07-24,52.96
2009,low_value,2025-07-01,66.27
2009,low_value,2025-06-06,47.22
2009,low_value,2025-05-09,68.52
2009,low_value,2025-04-09,19.17
2010,champion,2026-08-22,209.49
2010,champion,2026-08-19,194.59
2010,champion,2026-08-09,201.43
2010,champion,2026-08-01,171.17
2010,champion,2026-06-28,183.98
2010,champion,2026-06-20,256.86
2010,champion,2026-05-10,177.2
2010,champion,2026-04-14,126.73
2010,champion,2026-04-04,207.87
2010,champion,2026-03-12,215.01
2010,champion,2026-02-16,186.18
2010,champion,2025-11-19,104.87
2010,champion,2025-11-04,231.46
2010,champion,2025-11-01,189.2
2010,champion,2025-10-29,167.59
2010,champion,2025-09-28,227.52
2010,champion,2025-09-09,99.01
2010,champion,2025-08-08,184.47
2010,champion,2025-08-03,158.37
2010,champion,2025-07-15,239.69
2010,champion,2025-06-05,189.72
2010,champion,2025-05-31,145.41
2010,champion,2025-05-14,225.53
2011,loyal,2026-07-17,176.1
2011,loyal,2026-05-04,56.61
2011,loyal,2026-05-03,123.39
2011,loyal,2026-01-22,176.07
2011,loyal,2026-01-11,92.81
2011,loyal,2025-11-01,90.95
2011,loyal,2025-10-12,117.08
2012,loyal,2026-06-16,154.78
2012,loyal,2026-05-11,74.35
2012,loyal,2026-03-07,155.66
2012,loyal,2026-01-05,149.2
2012,loyal,2025-12-01,116.76
2012,loyal,2025-11-17,33.53
2012,loyal,2025-10-26,74.48
2012,loyal,2025-09-29,90.99
2012,loyal,2025-08-06,161.92
2012,loyal,2025-08-06,92.92
2012,loyal,2025-05-19,86.81
2012,loyal,2025-03-21,115.65
2012,loyal,2025-03-11,67.71
2013,at_risk,2026-03-29,109.61
2013,at_risk,2026-01-31,88.95
2013,at_risk,2025-12-20,71.39
2013,at_risk,2025-10-24,89.2
2013,at_risk,2025-07-21,88.77
2013,at_risk,2025-07-03,88.08
2013,at_risk,2025-06-11,97.67
2013,at_risk,2025-06-02,45.67
2013,at_risk,2025-05-19,59.03
2014,at_risk,2026-05-19,135.05
2014,at_risk,2026-02-21,56.94
2014,at_risk,2026-02-20,102.19
2014,at_risk,2025-10-11,68.04
2014,at_risk,2025-07-11,56.04
2014,at_risk,2025-07-02,100.74
2015,new,2026-07-27,59.65
2015,new,2026-06-04,75.43
2015,new,2026-05-03,110.55
2015,new,2026-03-24,115.89
2015,new,2026-03-06,68.3
2015,new,2026-03-06,92.0
2015,new,2025-08-18,65.83
2015,new,2025-08-06,57.8
2015,new,2025-06-19,42.08
2015,new,2025-04-17,72.17
2015,new,2025-03-30,97.11
2016,loyal,2026-07-28,117.42
2016,loyal,2026-07-25,153.58
2016,loyal,2026-05-10,66.13
2016,loyal,2026-01-25,119.94
2016,loyal,2025-11-25,103.96
2016,loyal,2025-10-12,135.63
2016,loyal,2025-10-01,128.85
2016,loyal,2025-09-07,111.46
2016,loyal,2025-08-26,124.63
2016,loyal,2025-07-04,90.25
2016,loyal,2025-06-19,134.01
2016,loyal,2025-05-16,151.6
2016,loyal,2025-03-26,113.0
2017,champion,2026-08-16,101.32
2017,champion,2026-07-20,193.31
2017,champion,2026-05-12,135.95
2017,champion,2026-04-14,183.39
2017,champion,2026-04-03,163.53
2017,champion,2026-03-15,120.78
2017,champion,2026-03-11,138.17
2017,champion,2026-02-16,141.37
2017,champion,2025-12-31,219.3
2017,champion,2025-12-09,213.43
2017,champion,2025-10-27,267.78
2017,champion,2025-10-24,159.52
2017,champion,2025-10-18,158.24
2017,champion,2025-09-12,185.39
2017,champion,2025-08-13,165.79
2017,champion,2025-07-16,156.7
2017,champion,2025-06-29,182.18
2017,champion,2025-06-11,208.14
2017,champion,2025-05-03,95.51
2017,champion,2025-05-03,157.11
2018,new,2026-03-21,48.49
2018,new,2025-08-12,75.18
2018,new,2025-06-15,36.02
2018,new,2025-03-12,100.93
2019,at_risk,2026-04-22,116.43
2019,at_risk,2025-12-06,67.47
2019,at_risk,2025-11-27,104.83
2019,at_risk,2025-11-12,99.2
2019,at_risk,2025-07-27,142.68
2019,at_risk,2025-06-06,114.56
2019,at_risk,2025-04-22,103.96
2020,low_value,2026-01-31,34.63
2020,low_value,2025-08-21,28.56
2021,loyal,2026-06-09,127.53
2021,loyal,2026-05-31,147.87
2021,loyal,2026-03-13,105.37
2021,loyal,2026-02-05,105.67
2021,loyal,2026-01-19,142.37
2021,loyal,2025-11-18,115.36
2021,loyal,2025-07-29,62.05
2021,loyal,2025-04-20,55.61
2021,loyal,2025-04-18,165.22
2022,champion,2026-08-10,154.1
2022,champion,2026-07-17,220.32
2022,champion,2026-07-10,213.84
2022,champion,2026-07-10,140.85
2022,champion,2026-05-10,148.39
2022,champion,2026-05-08,117.99
2022,champion,2026-04-29,187.79
2022,champion,2026-04-21,208.44
2022,champion,2026-03-19,162.33
2022,champion,2026-03-10,170.21
2022,champion,2026-02-25,256.31
2022,champion,2026-02-07,217.45
2022,champion,2026-02-05,233.91
2022,champion,2026-01-20,90.32
2022,champion,2025-12-03,201.89
2022,champion,2025-10-08,190.05
2022,champion,2025-10-03,129.92
2022,champion,2025-09-13,138.24
2022,champion,2025-09-04,171.26
2022,champion,2025-08-29,126.32
2022,champion,2025-07-28,148.05
2022,champion,2025-07-02,161.54
2022,champion,2025-06-19,202.94
2022,champion,2025-06-03,151.73
2022,champion,2025-05-30,162.11
2022,champion,2025-04-30,220.97
2022,champion,2025-03-31,109.43
2023,loyal,2026-06-19,76.49
2023,loyal,2025-09-21,110.61
2023,loyal,2025-06-17,87.83
2023,loyal,2025-06-17,141.52
2023,loyal,2025-05-01,102.04
2023,loyal,2025-04-15,145.41
2023,loyal,2025-04-11,123.46
2023,loyal,2025-03-13,98.35
2024,new,2026-06-14,69.53
2024,new,2026-04-16,51.82
2024,new,2025-12-28,70.74
2024,new,2025-11-19,59.48
2025,at_risk,2026-03-17,62.56
2025,at_risk,2026-02-15,87.87
2025,at_risk,2026-02-06,137.38
2025,at_risk,2026-01-31,111.0
2025,at_risk,2025-06-21,52.58
2025,at_risk,2025-04-19,52.84
2025,at_risk,2025-03-31,51.87
2025,at_risk,2025-03-19,69.4
2025,at_risk,2025-03-14,97.71
2026,low_value,2026-06-29,10.0
2026,low_value,2025-05-18,78.47
2027,at_risk,2026-05-05,94.61
2027,at_risk,2025-12-01,98.47
2027,at_risk,2025-07-04,134.12
2027,at_risk,2025-06-30,33.21
2027,at_risk,2025-04-14,112.01
2027,at_risk,2025-03-29,95.41
2027,at_risk,2025-03-24,70.03
2028,new,2026-05-26,71.06
2028,new,2025-12-07,80.32
2028,new,2025-09-22,67.99
2028,new,2025-06-25,47.62
2029,new,2025-11-25,95.83
2029,new,2025-05-29,63.63
2030,champion,2026-08-08,211.97
2030,champion,2026-07-15,171.06
2030,champion,2026-06-17,109.47
2030,champion,2026-05-14,239.53
2030,champion,2026-03-16,44.97
2030,champion,2026-02-20,176.73
2030,champion,2025-12-01,189.36
2030,champion,2025-10-01,87.76
2030,champion,2025-09-28,197.65
2030,champion,2025-08-27,153.21
2030,champion,2025-06-13,170.06
2030,champion,2025-05-18,233.72
2030,champion,2025-04-21,185.71
2031,new,2026-05-13,65.84
2031,new,2026-03-31,36.57
2031,new,2025-11-03,80.77
2031,new,2025-10-27,60.19
2031,new,2025-04-29,84.04
2032,at_risk,2026-02-21,49.15
2032,at_risk,2026-02-17,102.84
2032,at_risk,2025-12-24,167.06
2032,at_risk,2025-11-22,70.4
2032,at_risk,2025-09-24,74.51
2032,at_risk,2025-09-12,57.87
2032,at_risk,2025-08-09,136.45
2032,at_risk,2025-07-16,127.45
2032,at_risk,2025-06-27,79.38
2032,at_risk,2025-06-04,74.03
2032,at_risk,2025-03-13,61.97
2033,at_risk,2026-04-29,85.65
2033,at_risk,2026-03-18,130.78
2033,at_risk,2026-02-03,110.7
2033,at_risk,2025-08-12,103.92
2033,at_risk,2025-08-04,156.03
2033,at_risk,2025-07-13,108.14
2033,at_risk,2025-05-10,28.35
2033,at_risk,2025-05-02,89.78
2034,loyal,2026-06-08,48.76
2034,loyal,2026-05-03,99.81
2034,loyal,2026-04-24,60.36
2034,loyal,2026-04-13,126.87
2034,loyal,2026-04-09,89.33
2034,loyal,2026-03-24,144.74
2034,loyal,2026-03-08,93.79
2034,loyal,2026-02-23,91.05
2034,loyal,2026-01-14,61.55
2034,loyal,2025-10-12,121.73
2034,loyal,2025-10-12,124.76
2034,loyal,2025-08-03,138.19
2034,loyal,2025-04-02,129.66
2034,loyal,2025-03-12,122.04
2035,low_value,2026-04-03,77.6
2035,low_value,2026-03-08,62.93
2035,low_value,2026-01-09,32.86
2035,low_value,2025-09-23,55.11
2036,low_value,2025-08-20,37.67
2036,low_value,2025-05-30,64.18
2037,champion,2026-08-07,193.16
2037,champion,2026-07-25,143.39
2037,champion,2026-06-10,82.46
2037,champion,2026-04-07,170.05
2037,champion,2026-02-24,104.11
2037,champion,2026-01-31,187.38
2037,champion,2025-12-26,232.17
2037,champion,2025-12-12,155.35
2037,champion,2025-11-25,157.65
2037,champion,2025-11-25,139.77
2037,champion,2025-11-16,181.77
2037,champion,2025-11-03,178.67
2037,champion,2025-09-19,139.23
2037,champion,2025-09-13,216.5
2037,champion,2025-08-09,288.09
2037,champion,2025-06-27,227.59
2037,champion,2025-05-22,175.58
2037,champion,2025-05-04,175.1
2037,champion,2025-04-26,159.46
2037,champion,2025-04-20,158.63
2038,new,2026-05-12,84.89
2038,new,2026-04-11,72.7
2038,new,2026-03-28,81.39
2038,new,2025-12-29,49.28
2038,new,2025-11-16,72.56
2038,new,2025-08-24,71.97
2038,new,2025-06-11,101.98
2038,new,2025-05-11,91.29
2038,new,2025-04-23,51.5
2039,low_value,2026-05-09,34.07
2039,low_value,2026-02-08,50.05
2039,low_value,2026-01-06,48.52
2039,low_value,2025-07-17,54.95
2040,loyal,2026-08-12,84.39
2040,loyal,2026-07-12,134.67
2040,loyal,2026-07-11,125.47
2040,loyal,2026-07-01,118.21
2040,loyal,2026-05-20,130.87
2040,loyal,2026-02-20,111.74
2040,loyal,2026-02-09,115.12
2040,loyal,2025-12-27,63.41
2040,loyal,2025-08-20,153.29
2040,loyal,2025-05-22,96.57
2040,loyal,2025-05-11,72.88
2040,loyal,2025-04-22,94.87
2040,loyal,2025-03-24,96.08
2040,loyal,2025-03-24,85.96
2041,low_value,2025-03-12,34.7
2042,new,2026-05-22,69.43
2042,new,2026-05-15,102.31
2042,new,2026-03-08,73.96
2042,new,2025-12-03,75.23
2042,new,2025-03-29,85.92
2043,low_value,2026-02-28,58.85
2043,low_value,2025-03-23,10.0
2044,low_value,2025-11-07,14.63
2044,low_value,2025-07-27,57.22
2045,champion,2026-07-27,214.1
2045,champion,2026-07-21,85.8
2045,champion,2026-07-07,239.0
2045,champion,2026-06-17,212.02
2045,champion,2026-05-12,78.23
2045,champion,2026-04-27,195.31
2045,champion,2026-04-25,100.54
2045,champion,2026-03-17,155.56
2045,champion,2026-02-20,207.15
2045,champion,2026-02-14,174.56
2045,champion,2026-02-13,230.26
2045,champion,2026-01-15,182.55
2045,champion,2025-11-26,178.5
2045,champion,2025-11-03,223.94
2045,champion,2025-10-31,166.5
2045,champion,2025-08-22,178.99
2045,champion,2025-06-20,184.27
2045,champion,2025-05-17,177.3
2045,champion,2025-04-19,226.41
2045,champion,2025-03-20,153.33
2045,champion,2025-03-11,146.79
2046,at_risk,2026-02-10,90.74
2046,at_risk,2025-11-28,59.36
2046,at_risk,2025-10-17,59.33
2046,at_risk,2025-10-16,154.15
2046,at_risk,2025-10-13,74.48
2046,at_risk,2025-07-12,60.12
2047,new,2026-03-07,57.79
2047,new,2025-11-03,103.81
2047,new,2025-10-31,55.02
2047,new,2025-08-01,34.31
2047,new,2025-07-07,28.32
2047,new,2025-03-17,77.6
2048,loyal,2026-07-02,119.27
2048,loyal,2026-05-01,129.59
2048,loyal,2026-02-22,124.75
2048,loyal,2025-05-12,110.8
2049,at_risk,2026-03-26,114.58
2049,at_risk,2026-03-26,185.94
2049,at_risk,2025-11-08,99.69
2049,at_risk,2025-07-17,53.07
2049,at_risk,2025-05-29,89.38
2049,at_risk,2025-04-11,95.37
2050,low_value,2026-05-22,10.0
2050,low_value,2026-01-27,70.44
2050,low_value,2025-10-13,58.51
2050,low_value,2025-06-13,10.0
2050,low_value,2025-05-04,65.04
2051,champion,2026-06-15,167.59
2051,champion,2026-06-13,201.0
2051,champion,2026-06-09,174.96
2051,champion,2026-05-30,160.45
2051,champion,2026-05-26,123.89
2051,champion,2026-02-02,217.48
2051,champion,2026-01-30,165.26
2051,champion,2026-01-25,204.72
2051,champion,2026-01-18,199.44
2051,champion,2026-01-07,223.65
2051,champion,2025-12-27,170.58
2051,champion,2025-12-15,166.09
2051,champion,2025-12-09,135.67
2051,champion,2025-11-27,158.29
2051,champion,2025-10-19,193.65
2051,champion,2025-08-22,147.32
2051,champion,2025-08-18,192.63
2051,champion,2025-07-28,238.69
2051,champion,2025-06-25,162.19
2051,champion,2025-06-18,127.43
2051,champion,2025-03-25,163.46
2051,champion,2025-03-19,123.09
2052,new,2026-04-10,75.63
2052,new,2026-04-05,59.8
2052,new,2026-01-15,86.48
2052,new,2025-12-14,71.53
2052,new,2025-11-08,70.56
2052,new,2025-10-12,67.35
2052,new,2025-07-29,109.06
2053,low_value,2025-09-19,21.21
2053,low_value,2025-08-08,40.75
2053,low_value,2025-08-04,90.89
2053,low_value,2025-07-07,37.16
2054,at_risk,2026-02-03,136.74
2054,at_risk,2025-12-31,145.98
2054,at_risk,2025-08-16,76.6
2054,at_risk,2025-07-16,79.96
2054,at_risk,2025-07-09,91.18
2054,at_risk,2025-06-11,116.75
2054,at_risk,2025-05-10,60.07
2054,at_risk,2025-04-04,91.18
2055,new,2026-07-29,97.44
2055,new,2026-06-29,27.68
2055,new,2026-05-23,78.07
2055,new,2026-03-02,84.9
2055,new,2025-09-25,66.55
2055,new,2025-08-07,56.53
2056,low_value,2025-12-20,36.29
2056,low_value,2025-12-15,22.11
2056,low_value,2025-08-24,10.0
2056,low_value,2025-06-13,21.76
2056,low_value,2025-06-05,47.4
2056,low_value,2025-06-04,70.48
2057,new,2026-06-07,63.69
2057,new,2025-12-11,38.3
2057,new,2025-08-26,48.87
2057,new,2025-05-06,61.78
2058,loyal,2026-06-17,89.42
2058,loyal,2026-05-23,72.33
2058,loyal,2026-03-17,128.05
2058,loyal,2025-11-05,101.26
2058,loyal,2025-10-20,10.0
2058,loyal,2025-04-13,124.43
2059,champion,2026-06-20,168.18
2059,champion,2026-05-14,186.47
2059,champion,2026-03-08,138.3
2059,champion,2025-12-05,247.76
2059,champion,2025-11-24,213.53
2059,champion,2025-11-22,200.67
2059,champion,2025-11-21,174.33
2059,champion,2025-10-05,149.55
2059,champion,2025-10-04,221.2
2059,champion,2025-10-02,204.43
2059,champion,2025-07-12,164.02
2059,champion,2025-05-03,136.62
2059,champion,2025-04-28,116.96
2060,low_value,2025-12-11,45.78
2060,low_value,2025-08-20,43.38
2061,loyal,2026-07-06,119.76
2061,loyal,2026-06-12,92.95
2061,loyal,2026-01-18,109.49
2061,loyal,2026-01-14,101.78
2061,loyal,2025-12-07,87.44
2061,loyal,2025-11-27,117.29
2061,loyal,2025-11-19,90.84
2061,loyal,2025-10-24,127.28
2061,loyal,2025-10-21,100.86
2061,loyal,2025-10-17,58.4
2061,loyal,2025-10-07,128.63
2061,loyal,2025-09-14,129.13
2061,loyal,2025-09-13,177.61
2061,loyal,2025-09-10,110.53
2061,loyal,2025-07-22,115.5
2061,loyal,2025-06-27,124.36
2061,loyal,2025-06-18,140.59
2061,loyal,2025-06-15,138.72
2061,loyal,2025-03-11,119.56
2062,new,2026-05-25,71.17
2062,new,2025-11-19,59.89
2062,new,2025-09-23,85.47
2062,new,2025-08-16,77.01
2062,new,2025-06-13,54.04
2063,loyal,2026-08-12,81.08
2063,loyal,2026-05-01,109.11
2063,loyal,2026-04-16,105.99
2063,loyal,2026-03-11,108.12
2063,loyal,2026-02-03,98.06
2063,loyal,2025-11-25,78.52
2063,loyal,2025-08-10,111.05
2063,loyal,2025-07-01,99.47
2063,loyal,2025-06-29,102.14
2063,loyal,2025-06-21,112.82
2063,loyal,2025-05-14,107.92
2063,loyal,2025-04-04,112.17
2063,loyal,2025-03-23,98.08
2064,at_risk,2026-06-18,91.97
2064,at_risk,2026-03-11,67.01
2064,at_risk,2026-02-14,15.18
2064,at_risk,2026-02-09,146.82
2064,at_risk,2025-08-02,51.05
2064,at_risk,2025-06-18,82.55
2064,at_risk,2025-06-16,90.49
2064,at_risk,2025-05-28,78.53
2065,low_value,2026-02-21,23.92
2065,low_value,2026-02-06,21.69
2065,low_value,2025-11-19,50.81
2066,new,2026-08-17,66.6
2066,new,2026-03-08,89.23
2066,new,2025-10-17,62.01
2066,new,2025-07-09,122.88
2067,low_value,2025-12-12,56.44
2067,low_value,2025-09-14,42.4
2067,low_value,2025-09-02,55.61
2067,low_value,2025-08-27,70.99
2067,low_value,2025-08-24,43.84
2067,low_value,2025-08-12,45.47
2067,low_value,2025-03-16,87.65
2068,loyal,2026-07-10,124.75
2068,loyal,2026-07-09,57.14
2068,loyal,2026-07-09,76.64
2068,loyal,2026-05-28,95.39
2068,loyal,2026-01-06,149.79
2068,loyal,2025-12-16,181.03
2068,loyal,2025-12-16,110.15
2068,loyal,2025-11-29,111.37
2068,loyal,2025-11-23,36.7
2068,loyal,2025-09-24,137.13
2068,loyal,2025-09-20,123.49
2068,loyal,2025-09-18,118.49
2068,loyal,2025-07-16,72.61
2068,loyal,2025-04-05,169.4
2069,new,2026-06-01,81.2
2069,new,2026-02-28,63.57
2069,new,2025-11-14,69.28
2069,new,2025-07-08,40.38
2069,new,2025-06-03,38.22
2069,new,2025-04-30,71.03
2070,low_value,2026-04-03,66.66
2070,low_value,2026-02-18,37.52
2070,low_value,2025-12-13,51.03
2070,low_value,2025-07-18,47.66
2070,low_value,2025-07-06,67.88
2070,low_value,2025-05-18,52.86
2071,at_risk,2026-04-04,72.26
2071,at_risk,2026-01-01,69.14
2071,at_risk,2025-12-03,78.54
2071,at_risk,2025-09-05,60.39
2071,at_risk,2025-06-24,103.03
2072,loyal,2026-07-25,135.05
2072,loyal,2026-07-14,93.48
2072,loyal,2026-07-05,100.82
2072,loyal,2026-05-30,89.89
2072,loyal,2026-02-10,158.41
2072,loyal,2025-11-30,74.9
2072,loyal,2025-11-10,122.91
2072,loyal,2025-10-18,91.29
2072,loyal,2025-10-11,142.73
2072,loyal,2025-08-30,179.64
2072,loyal,2025-07-17,91.09
2072,loyal,2025-07-05,114.2
2072,loyal,2025-06-29,98.44
2072,loyal,2025-05-02,141.14
2072,loyal,2025-03-24,102.54
2073,low_value,2025-04-15,10.0
2074,at_risk,2026-06-27,96.67
2074,at_risk,2026-06-25,143.0
2074,at_risk,2026-05-30,127.15
2074,at_risk,2026-05-29,153.67
2074,at_risk,2025-09-21,108.02
2074,at_risk,2025-06-20,23.85
2074,at_risk,2025-05-17,140.66
2075,new,2026-07-08,141.8
2075,new,2026-06-23,56.18
2075,new,2026-06-23,86.88
2075,new,2026-06-07,58.7
2075,new,2025-10-21,81.87
2075,new,2025-04-25,48.34
2076,low_value,2025-10-13,33.19
2076,low_value,2025-07-11,25.23
2076,low_value,2025-06-23,45.19
2077,loyal,2026-06-12,89.99
2077,loyal,2026-05-10,84.41
2077,loyal,2026-02-27,104.2
2077,loyal,2026-02-24,120.71
2077,loyal,2026-01-17,92.62
2077,loyal,2026-01-12,81.88
2077,loyal,2025-12-02,83.16
2077,loyal,2025-09-10,90.25
2077,loyal,2025-09-08,96.42
2077,loyal,2025-07-13,77.05
2077,loyal,2025-07-11,96.63
2077,loyal,2025-06-07,147.08
2077,loyal,2025-05-20,101.16
2077,loyal,2025-05-13,72.83
2077,loyal,2025-03-25,42.25
2077,loyal,2025-03-11,165.09
2078,at_risk,2026-07-27,161.8
2078,at_risk,2025-12-04,79.7
2078,at_risk,2025-05-08,81.62
2079,champion,2026-08-23,283.9
2079,champion,2026-07-19,200.72
2079,champion,2026-04-28,152.17
2079,champion,2026-04-15,200.79
2079,champion,2026-04-05,170.51
2079,champion,2026-03-27,213.28
2079,champion,2026-03-12,168.15
2079,champion,2026-03-02,196.27
2079,champion,2026-02-27,187.94
2079,champion,2026-02-04,183.14
2079,champion,2026-02-04,221.67
2079,champion,2026-01-15,107.87
2079,champion,2026-01-09,183.9
2079,champion,2025-12-23,151.95
2079,champion,2025-12-18,126.05
2079,champion,2025-12-01,146.49
2079,champion,2025-11-27,155.21
2079,champion,2025-11-04,170.59
2079,champion,2025-10-27,193.49
2079,champion,2025-10-19,201.69
2079,champion,2025-09-11,163.64
2079,champion,2025-09-03,243.38
2079,champion,2025-08-01,165.15
2079,champion,2025-06-12,102.14
2079,champion,2025-04-07,166.22
2079,champion,2025-03-30,181.89
2080,at_risk,2026-07-13,130.46
2080,at_risk,2026-07-07,74.37
2080,at_risk,2026-03-27,148.67
2080,at_risk,2026-03-21,46.83
2080,at_risk,2026-01-22,177.76
2080,at_risk,2025-11-16,60.87
2080,at_risk,2025-11-13,126.07
2080,at_risk,2025-09-30,145.55
2080,at_risk,2025-09-17,111.08
2080,at_risk,2025-07-24,23.24
2080,at_risk,2025-06-03,61.82
2080,at_risk,2025-05-10,107.49
2081,loyal,2026-08-24,102.26
2081,loyal,2026-07-06,137.82
2081,loyal,2026-07-02,89.98
2081,loyal,2026-06-04,111.65
2081,loyal,2026-05-31,98.87
2081,loyal,2026-05-13,179.77
2081,loyal,2026-02-09,90.12
2081,loyal,2026-01-19,132.35
2081,loyal,2025-12-07,163.9
2081,loyal,2025-11-25,82.45
2081,loyal,2025-10-22,112.86
2081,loyal,2025-10-13,80.41
2081,loyal,2025-10-02,49.61
2081,loyal,2025-08-27,86.45
2081,loyal,2025-08-09,92.89
2081,loyal,2025-07-08,94.67
2081,loyal,2025-07-07,101.01
2081,loyal,2025-04-10,110.18
2082,low_value,2026-03-30,52.97
2082,low_value,2025-09-23,38.31
2082,low_value,2025-06-17,19.72
2082,low_value,2025-04-03,61.67
2083,loyal,2026-07-19,95.79
2083,loyal,2026-05-28,94.8
2083,loyal,2026-05-22,116.47
2083,loyal,2026-04-28,72.45
2083,loyal,2026-02-13,112.75
2083,loyal,2026-01-29,68.34
2083,loyal,2026-01-01,78.42
2083,loyal,2025-10-24,115.35
2083,loyal,2025-10-10,127.5
2083,loyal,2025-10-06,120.25
2083,loyal,2025-08-06,76.56
2083,loyal,2025-06-22,53.87
2083,loyal,2025-06-17,109.75
2083,loyal,2025-06-06,53.02
2083,loyal,2025-04-14,138.33
2083,loyal,2025-03-17,77.56
2084,low_value,2025-12-02,48.68
2084,low_value,2025-09-02,62.21
2085,loyal,2026-08-06,82.3
2085,loyal,2026-08-05,113.47
2085,loyal,2026-07-15,128.61
2085,loyal,2026-07-13,118.74
2085,loyal,2026-06-28,132.81
2085,loyal,2026-05-18,85.77
2085,loyal,2026-03-01,62.84
2085,loyal,2026-02-14,139.67
2085,loyal,2025-11-30,150.35
2085,loyal,2025-10-25,106.52
2085,loyal,2025-06-22,134.33
2085,loyal,2025-04-27,61.12
2086,at_risk,2026-04-06,77.45
2086,at_risk,2026-01-23,87.86
2086,at_risk,2025-10-07,123.69
2086,at_risk,2025-09-21,91.69
2086,at_risk,2025-07-07,27.58
2086,at_risk,2025-06-25,53.22
2086,at_risk,2025-05-30,127.61
2087,at_risk,2026-08-02,126.97
2087,at_risk,2026-06-29,92.21
2087,at_risk,2026-01-02,43.15
2087,at_risk,2025-03-30,106.32
2087,at_risk,2025-03-13,46.64
2088,low_value,2026-03-11,29.97
2088,low_value,2026-02-22,91.29
2088,low_value,2025-11-17,68.66
2088,low_value,2025-08-25,59.57
2088,low_value,2025-08-08,67.53
2088,low_value,2025-07-01,51.0
2088,low_value,2025-03-27,38.01
2089,new,2026-04-29,87.45
2089,new,2025-05-24,42.2
2089,new,2025-05-15,57.75
2089,new,2025-04-13,92.13
2090,at_risk,2026-05-17,123.07
2090,at_risk,2026-02-07,101.52
2090,at_risk,2026-01-29,107.84
2090,at_risk,2025-10-15,90.04
2090,at_risk,2025-09-06,147.96
2090,at_risk,2025-08-24,77.34
2090,at_risk,2025-08-16,57.3
2090,at_risk,2025-05-24,153.23
2091,low_value,2025-04-28,42.71
2092,new,2026-02-09,93.51
2092,new,2026-01-10,94.99
2092,new,2025-07-31,10.0
2092,new,2025-06-03,10.0
2092,new,2025-04-11,73.42
2093,loyal,2026-08-06,104.73
2093,loyal,2026-05-26,134.09
2093,loyal,2026-04-01,100.23
2093,loyal,2026-03-18,99.4
2093,loyal,2025-10-16,147.67
2093,loyal,2025-09-03,140.75
2093,loyal,2025-08-22,162.04
2093,loyal,2025-06-30,177.71
2093,loyal,2025-04-20,111.78
2093,loyal,2025-04-13,75.28
2093,loyal,2025-04-04,94.37
2094,low_value,2025-04-02,50.11
2095,at_risk,2026-06-25,64.49
2095,at_risk,2026-03-31,99.89
2095,at_risk,2026-02-17,10.61
2095,at_risk,2025-10-12,87.61
2095,at_risk,2025-07-08,90.38
2095,at_risk,2025-06-15,54.38
2096,champion,2026-07-14,227.71
2096,champion,2026-07-02,188.36
2096,champion,2026-05-17,143.54
2096,champion,2026-05-14,234.34
2096,champion,2026-05-07,166.39
2096,champion,2026-02-09,197.94
2096,champion,2026-01-11,175.1
2096,champion,2026-01-09,259.69
2096,champion,2026-01-02,155.6
2096,champion,2025-12-03,216.65
2096,champion,2025-12-02,176.54
2096,champion,2025-11-05,202.76
2096,champion,2025-10-18,244.8
2096,champion,2025-07-07,99.82
2096,champion,2025-04-20,177.38
2096,champion,2025-04-11,144.24
2097,new,2026-07-11,58.01
2097,new,2026-02-22,57.99
2097,new,2026-02-21,92.13
2097,new,2026-01-22,40.9
2097,new,2026-01-09,70.56
2097,new,2026-01-07,54.86
2097,new,2025-10-26,65.71
2097,new,2025-08-29,90.23
2097,new,2025-08-21,53.27
2098,loyal,2026-06-01,63.21
2098,loyal,2026-05-26,103.6
2098,loyal,2026-05-05,77.61
2098,loyal,2026-04-02,66.75
2098,loyal,2026-03-31,146.17
2098,loyal,2025-12-18,73.17
2098,loyal,2025-12-11,87.95
2098,loyal,2025-12-03,84.45
2098,loyal,2025-11-29,144.19
2098,loyal,2025-10-21,140.52
2098,loyal,2025-10-16,148.11
2098,loyal,2025-09-26,86.41
2098,loyal,2025-06-18,150.49
2098,loyal,2025-06-04,86.15
2098,loyal,2025-06-02,87.36
2098,loyal,2025-04-15,89.04
2099,loyal,2026-08-01,88.54
2099,loyal,2026-07-24,133.49
2099,loyal,2026-07-06,163.84
2099,loyal,2026-06-25,109.16
2099,loyal,2026-06-13,62.05
2099,loyal,2026-06-11,88.91
2099,loyal,2026-04-19,126.78
2099,loyal,2026-04-18,96.72
2099,loyal,2026-04-15,84.24
2099,loyal,2026-03-02,82.93
2099,loyal,2026-03-02,112.75
2099,loyal,2025-12-28,63.99
2099,loyal,2025-11-15,108.96
2099,loyal,2025-11-05,112.65
2099,loyal,2025-10-29,96.51
2099,loyal,2025-10-02,78.71
2099,loyal,2025-09-10,140.55
2099,loyal,2025-08-06,70.02
2099,loyal,2025-06-21,115.18
2100,low_value,2026-04-27,46.58
2100,low_value,2025-12-06,65.99
2100,low_value,2025-11-11,10.0
2100,low_value,2025-08-22,50.54
2100,low_value,2025-08-15,53.56
2100,low_value,2025-05-22,65.37
2101,loyal,2026-06-30,73.58
2101,loyal,2026-05-24,63.63
2101,loyal,2026-03-12,87.8
2101,loyal,2026-03-07,126.6
2101,loyal,2026-01-12,97.16
2101,loyal,2026-01-11,148.13
2101,loyal,2025-12-19,98.19
2101,loyal,2025-12-10,142.46
2101,loyal,2025-11-21,85.08
2101,loyal,2025-11-01,145.49
2101,loyal,2025-10-28,151.07
2101,loyal,2025-10-11,93.06
2101,loyal,2025-09-21,124.69
2101,loyal,2025-09-13,118.03
2101,loyal,2025-08-19,125.5
2101,loyal,2025-07-29,148.53
2101,loyal,2025-07-12,139.2
2101,loyal,2025-07-07,125.42
2101,loyal,2025-06-24,129.89
2101,loyal,2025-05-07,71.92
2102,low_value,2026-05-31,53.64
2102,low_value,2026-02-23,60.8
2102,low_value,2026-01-03,31.9
2102,low_value,2025-06-27,60.6
2102,low_value,2025-04-27,75.13
2102,low_value,2025-04-08,10.0
2102,low_value,2025-03-31,46.03
2103,low_value,2026-06-26,52.55
2103,low_value,2025-11-13,63.1
2104,new,2026-07-28,37.14
2104,new,2026-07-20,60.12
2104,new,2026-07-02,94.02
2104,new,2025-11-19,94.52
2104,new,2025-11-17,89.22
2104,new,2025-10-29,94.01
2104,new,2025-10-06,94.34
2104,new,2025-08-20,53.91
2104,new,2025-07-26,78.49
2104,new,2025-07-05,97.17
2104,new,2025-05-11,35.51
2105,low_value,2026-05-16,48.32
2105,low_value,2026-04-23,41.22
2105,low_value,2025-12-07,29.36
2105,low_value,2025-08-25,33.23
2106,low_value,2026-04-14,41.91
2106,low_value,2026-01-14,42.99
2106,low_value,2025-09-10,60.73
2106,low_value,2025-05-09,11.56
2107,low_value,2025-12-01,90.73
2107,low_value,2025-11-08,52.8
2107,low_value,2025-11-04,10.0
2107,low_value,2025-08-17,31.67
2107,low_value,2025-08-10,20.93
2107,low_value,2025-06-12,63.44
2107,low_value,2025-05-10,43.12
2108,at_risk,2026-05-20,121.75
2108,at_risk,2026-03-27,96.44
2108,at_risk,2026-03-15,82.58
2108,at_risk,2025-12-24,129.66
2108,at_risk,2025-11-29,68.99
2108,at_risk,2025-08-20,92.47
2108,at_risk,2025-04-22,54.51
2108,at_risk,2025-04-22,120.61
2109,loyal,2026-08-07,111.47
2109,loyal,2026-06-27,138.91
2109,loyal,2026-04-23,99.08
2109,loyal,2026-04-16,91.09
2109,loyal,2026-03-11,99.33
2109,loyal,2026-02-20,124.67
2109,loyal,2025-11-30,136.37
2109,loyal,2025-08-17,158.99
2109,loyal,2025-08-03,122.1
2109,loyal,2025-07-30,105.66
2109,loyal,2025-07-09,136.59
2109,loyal,2025-05-09,80.86
2109,loyal,2025-05-04,152.58
2109,loyal,2025-05-04,116.34
2109,loyal,2025-05-04,103.14
2109,loyal,2025-03-21,80.96
2110,new,2026-02-09,55.79
2110,new,2025-10-30,80.46
2111,new,2026-02-10,80.8
2111,new,2026-02-01,26.87
2111,new,2025-12-02,98.76
2111,new,2025-11-07,40.34
2111,new,2025-07-14,79.72
2111,new,2025-06-24,40.48
2111,new,2025-06-24,58.52
2112,loyal,2026-08-17,56.93
2112,loyal,2026-06-27,51.25
2112,loyal,2026-06-25,101.09
2112,loyal,2026-06-01,163.6
2112,loyal,2026-05-13,184.23
2112,loyal,2026-03-07,89.37
2112,loyal,2026-02-24,92.41
2112,loyal,2025-12-28,126.32
2112,loyal,2025-11-18,104.09
2112,loyal,2025-11-18,104.84
2112,loyal,2025-10-09,129.05
2112,loyal,2025-09-05,191.47
2112,loyal,2025-05-31,149.14
2112,loyal,2025-03-20,166.07
2113,new,2026-03-15,110.27
2113,new,2025-12-30,48.87
2113,new,2025-10-15,81.88
2113,new,2025-09-06,81.58
2113,new,2025-08-16,67.62
2113,new,2025-08-11,93.54
2113,new,2025-07-03,82.27
2114,champion,2026-06-21,186.21
2114,champion,2026-06-12,139.12
2114,champion,2026-05-21,260.28
2114,champion,2026-04-28,83.1
2114,champion,2026-03-10,180.41
2114,champion,2026-02-26,149.26
2114,champion,2026-01-25,243.27
2114,champion,2026-01-21,188.64
2114,champion,2025-12-18,282.22
2114,champion,2025-12-12,181.44
2114,champion,2025-11-22,149.57
2114,champion,2025-11-16,111.59
2114,champion,2025-09-23,224.27
2114,champion,2025-08-17,146.61
2114,champion,2025-08-15,163.21
2114,champion,2025-07-16,229.12
2114,champion,2025-05-15,222.13
2114,champion,2025-05-03,155.61
2114,champion,2025-03-16,161.84
2115,low_value,2026-06-01,35.63
2115,low_value,2026-05-10,48.21
2115,low_value,2026-04-27,44.99
2115,low_value,2026-04-21,44.96
2115,low_value,2026-03-23,34.62
2116,loyal,2026-07-31,59.98
2116,loyal,2026-06-29,114.02
2116,loyal,2026-06-14,91.75
2116,loyal,2025-11-28,93.56
2116,loyal,2025-11-26,127.07
2116,loyal,2025-11-25,80.33
2116,loyal,2025-09-10,37.6
2116,loyal,2025-08-22,159.71
2116,loyal,2025-07-22,146.3
2116,loyal,2025-07-14,145.92
2116,loyal,2025-06-29,76.38
2116,loyal,2025-05-13,107.68
2116,loyal,2025-05-01,71.95
2116,loyal,2025-03-31,108.2
2116,loyal,2025-03-18,99.56
2117,champion,2026-07-19,233.17
2117,champion,2026-07-07,230.41
2117,champion,2026-06-29,180.25
2117,champion,2026-05-25,196.53
2117,champion,2026-05-10,165.18
2117,champion,2026-05-08,112.59
2117,champion,2026-04-23,203.21
2117,champion,2026-04-21,189.86
2117,champion,2026-04-13,190.69
2117,champion,2026-03-29,199.29
2117,champion,2026-03-10,155.83
2117,champion,2026-03-04,239.73
2117,champion,2026-01-28,180.33
2117,champion,2026-01-11,201.67
2117,champion,2025-12-02,169.11
2117,champion,2025-11-20,222.01
2117,champion,2025-10-20,184.16
2117,champion,2025-10-02,176.6
2117,champion,2025-05-26,228.29
2117,champion,2025-05-21,111.09
2117,champion,2025-05-17,168.8
2118,loyal,2026-08-22,128.9
2118,loyal,2026-08-14,101.62
2118,loyal,2026-06-17,119.1
2118,loyal,2026-05-30,103.26
2118,loyal,2026-02-20,116.97
2118,loyal,2025-12-03,152.03
2118,loyal,2025-12-03,133.6
2118,loyal,2025-11-30,71.13
2118,loyal,2025-11-09,60.26
2118,loyal,2025-10-23,123.28
2118,loyal,2025-09-19,145.04
2118,loyal,2025-08-28,60.18
2118,loyal,2025-07-08,103.71
2118,loyal,2025-06-25,181.2
2118,loyal,2025-06-07,101.94
2118,loyal,2025-06-02,185.78
2118,loyal,2025-05-29,85.29
2118,loyal,2025-05-24,90.59
2118,loyal,2025-05-16,88.91
2118,loyal,2025-05-16,71.62
2118,loyal,2025-03-14,59.26
2119,loyal,2026-07-20,118.09
2119,loyal,2026-05-16,108.13
2119,loyal,2025-12-24,98.78
2119,loyal,2025-09-22,110.98
2119,loyal,2025-08-19,106.13
2119,loyal,2025-08-10,70.59
2119,loyal,2025-07-14,160.39
2119,loyal,2025-07-07,138.52
2119,loyal,2025-07-03,98.37
2119,loyal,2025-05-15,57.18
2119,loyal,2025-05-03,36.31
2119,loyal,2025-05-02,170.14
2120,loyal,2026-08-09,82.02
2120,loyal,2026-08-03,107.55
2120,loyal,2026-05-06,57.37
2120,loyal,2025-10-03,85.31
2120,loyal,2025-08-15,105.38
2120,loyal,2025-07-26,121.92
2120,loyal,2025-05-12,155.1
2120,loyal,2025-05-03,95.71
2120,loyal,2025-05-02,111.08
2120,loyal,2025-04-17,53.98
2120,loyal,2025-03-20,120.04
2121,champion,2026-08-16,147.62
2121,champion,2026-07-15,270.83
2121,champion,2026-07-04,176.53
2121,champion,2026-07-04,186.41
2121,champion,2026-06-23,179.65
2121,champion,2026-04-14,163.58
2121,champion,2026-03-26,181.44
2121,champion,2026-03-24,163.72
2121,champion,2026-03-16,88.68
2121,champion,2026-03-06,211.45
2121,champion,2026-03-01,244.51
2121,champion,2026-02-08,133.43
2121,champion,2026-02-07,163.49
2121,champion,2026-01-13,240.0
2121,champion,2025-12-22,149.14
2121,champion,2025-12-05,195.51
2121,champion,2025-11-30,353.08
2121,champion,2025-11-18,205.29
2121,champion,2025-10-29,182.75
2121,champion,2025-10-17,215.27
2121,champion,2025-10-02,211.07
2121,champion,2025-09-23,153.51
2121,champion,2025-07-18,110.54
2121,champion,2025-07-03,203.76
2121,champion,2025-06-14,209.75
2121,champion,2025-06-05,168.1
2121,champion,2025-06-03,245.81
2121,champion,2025-05-18,237.79
2122,loyal,2026-05-26,102.3
2122,loyal,2026-04-20,109.48
2122,loyal,2026-04-18,101.23
2122,loyal,2026-01-28,68.64
2122,loyal,2025-10-18,149.93
2122,loyal,2025-06-06,69.47
2122,loyal,2025-04-30,51.52
2122,loyal,2025-04-20,68.77
2123,loyal,2026-07-21,166.82
2123,loyal,2026-07-18,88.71
2123,loyal,2026-02-14,105.03
2123,loyal,2026-02-02,119.93
2123,loyal,2026-01-09,111.45
2123,loyal,2025-11-10,101.83
2123,loyal,2025-09-29,112.68
2123,loyal,2025-09-27,157.07
2123,loyal,2025-08-18,134.23
2123,loyal,2025-06-26,107.76
2123,loyal,2025-06-10,84.08
2124,at_risk,2026-03-23,96.19
2124,at_risk,2026-02-19,126.08
2124,at_risk,2025-12-17,107.62
2124,at_risk,2025-11-28,140.47
2124,at_risk,2025-07-21,77.55
2124,at_risk,2025-07-14,106.37
2124,at_risk,2025-06-03,107.74
2124,at_risk,2025-05-09,135.31
2124,at_risk,2025-05-08,69.43
2124,at_risk,2025-04-15,122.61
2125,at_risk,2026-08-10,52.36
2125,at_risk,2026-03-12,87.55
2125,at_risk,2025-12-14,95.74
2125,at_risk,2025-09-01,63.2
2125,at_risk,2025-08-22,148.1
2125,at_risk,2025-07-03,84.15
2125,at_risk,2025-07-03,72.44
2125,at_risk,2025-05-21,101.35
2125,at_risk,2025-05-11,63.28
2126,at_risk,2026-05-17,58.12
2126,at_risk,2026-03-29,141.67
2126,at_risk,2026-03-13,112.92
2126,at_risk,2025-12-25,128.77
2126,at_risk,2025-12-18,112.84
2126,at_risk,2025-09-05,132.91
2127,at_risk,2026-05-01,73.91
2127,at_risk,2026-03-16,32.56
2127,at_risk,2025-10-26,107.64
2127,at_risk,2025-10-13,80.02
2127,at_risk,2025-09-14,121.45
2127,at_risk,2025-03-14,96.11
2128,loyal,2026-06-13,88.8
2128,loyal,2026-06-10,50.42
2128,loyal,2026-03-30,113.47
2128,loyal,2026-02-12,99.48
2128,loyal,2025-12-12,81.85
2128,loyal,2025-11-05,100.77
2128,loyal,2025-09-22,99.56
2128,loyal,2025-09-04,111.32
2128,loyal,2025-08-25,102.56
2128,loyal,2025-07-22,114.96
2128,loyal,2025-07-02,108.54
2128,loyal,2025-06-02,134.59
2128,loyal,2025-05-10,157.54
2128,loyal,2025-03-29,109.55
2128,loyal,2025-03-23,91.35
2129,champion,2026-08-07,121.83
2129,champion,2026-08-06,192.36
2129,champion,2026-07-22,220.67
2129,champion,2026-05-05,177.34
2129,champion,2026-02-14,197.98
2129,champion,2026-01-05,224.18
2129,champion,2025-12-20,228.81
2129,champion,2025-10-27,155.11
2129,champion,2025-08-27,145.46
2129,champion,2025-08-11,222.14
2129,champion,2025-08-03,198.17
2129,champion,2025-07-29,203.55
2129,champion,2025-07-24,153.55
2129,champion,2025-06-26,205.52
2129,champion,2025-05-13,136.22
2129,champion,2025-05-01,189.89
2129,champion,2025-03-29,184.47
2129,champion,2025-03-12,184.75
2130,loyal,2026-06-20,110.62
2130,loyal,2026-04-03,86.25
2130,loyal,2025-09-26,70.35
2130,loyal,2025-08-15,166.66
2130,loyal,2025-06-19,107.92
2130,loyal,2025-03-14,99.35
2131,low_value,2026-04-03,49.35
2131,low_value,2026-01-30,43.91
2131,low_value,2026-01-15,50.34
2131,low_value,2025-06-19,10.0
2131,low_value,2025-03-12,82.39
2132,low_value,2026-02-14,39.16
2132,low_value,2025-12-11,35.24
2132,low_value,2025-05-03,68.13
2133,low_value,2026-04-04,10.0
2133,low_value,2025-12-31,54.05
2133,low_value,2025-12-26,65.11
2133,low_value,2025-09-13,44.7
2133,low_value,2025-06-12,34.99
2133,low_value,2025-04-05,17.75
2133,low_value,2025-03-16,16.32
2134,new,2026-06-24,65.62
2134,new,2026-05-09,87.64
2134,new,2026-01-24,18.62
2134,new,2025-12-22,64.92
2134,new,2025-07-17,71.36
2135,new,2026-06-19,57.52
2135,new,2026-05-16,61.93
2135,new,2026-05-15,63.78
2135,new,2026-05-11,88.38
2135,new,2025-10-20,96.97
2135,new,2025-09-19,66.01
2135,new,2025-08-18,64.58
2135,new,2025-06-24,18.82
2135,new,2025-03-16,52.25
2136,at_risk,2026-04-12,127.92
2136,at_risk,2026-03-16,85.04
2136,at_risk,2025-11-30,134.41
2136,at_risk,2025-10-30,47.04
2136,at_risk,2025-10-29,86.41
2136,at_risk,2025-09-14,120.89
2136,at_risk,2025-06-30,73.06
2136,at_risk,2025-05-14,126.87
2136,at_risk,2025-03-18,105.63
2137,low_value,2026-01-08,42.35
2137,low_value,2025-12-31,41.74
2137,low_value,2025-09-30,10.0
2137,low_value,2025-03-24,60.78
2138,low_value,2026-06-03,39.43
2138,low_value,2025-05-23,83.42
2139,low_value,2025-04-30,76.33
2140,low_value,2026-01-06,61.93
2140,low_value,2025-11-04,48.54
2140,low_value,2025-04-21,64.33
2141,at_risk,2026-03-07,40.29
2141,at_risk,2026-02-01,53.72
2141,at_risk,2026-01-29,88.15
2141,at_risk,2025-10-21,122.85
2141,at_risk,2025-09-08,88.25
2141,at_risk,2025-08-17,136.51
2141,at_risk,2025-06-03,159.11
2141,at_risk,2025-04-18,63.91
2141,at_risk,2025-04-17,169.37
2141,at_risk,2025-04-17,37.78
2142,low_value,2026-07-27,44.84
2143,low_value,2026-07-29,17.41
2143,low_value,2025-10-04,30.39
2144,at_risk,2026-03-11,106.83
2144,at_risk,2025-10-13,132.18
2144,at_risk,2025-10-04,99.97
2144,at_risk,2025-08-10,97.28
2144,at_risk,2025-04-16,102.47
2144,at_risk,2025-03-18,29.56
2144,at_risk,2025-03-17,100.13
2145,low_value,2026-01-23,53.84
2145,low_value,2025-03-14,45.86
2146,loyal,2026-08-15,117.02
2146,loyal,2026-04-08,183.31
2146,loyal,2026-03-07,44.83
2146,loyal,2025-10-24,116.98
2146,loyal,2025-09-17,93.69
2146,loyal,2025-08-19,97.22
2146,loyal,2025-08-15,106.86
2146,loyal,2025-08-11,99.68
2146,loyal,2025-06-25,128.05
2146,loyal,2025-06-16,102.75
2147,low_value,2025-11-19,65.66
2147,low_value,2025-08-29,72.15
2147,low_value,2025-07-31,52.49
2148,low_value,2025-09-30,47.95
2148,low_value,2025-09-20,37.25
2148,low_value,2025-09-03,32.87
2148,low_value,2025-08-29,37.89
2148,low_value,2025-08-10,48.84
2149,loyal,2026-05-24,153.32
2149,loyal,2026-05-19,167.82
2149,loyal,2026-02-08,117.13
2149,loyal,2025-11-28,97.62
2149,loyal,2025-11-04,70.12
2149,loyal,2025-07-08,68.06
2149,loyal,2025-05-13,153.48
2149,loyal,2025-03-27,65.94
2150,low_value,2026-02-10,35.77
2150,low_value,2026-02-09,42.61
2150,low_value,2025-10-25,28.89
2150,low_value,2025-07-14,53.36
2150,low_value,2025-05-31,53.97
2151,champion,2026-08-06,170.69
2151,champion,2026-07-25,162.89
2151,champion,2026-06-25,160.58
2151,champion,2026-06-10,189.15
2151,champion,2026-06-02,117.96
2151,champion,2026-05-05,238.52
2151,champion,2026-04-13,150.49
2151,champion,2026-04-10,202.31
2151,champion,2026-04-10,183.21
2151,champion,2026-03-08,133.85
2151,champion,2026-01-25,231.71
2151,champion,2025-12-12,223.26
2151,champion,2025-11-24,117.17
2151,champion,2025-09-19,177.06
2151,champion,2025-09-02,188.29
2151,champion,2025-08-10,97.15
2151,champion,2025-08-09,95.18
2151,champion,2025-07-26,146.65
2151,champion,2025-07-15,127.47
2151,champion,2025-07-11,138.26
2151,champion,2025-06-22,127.48
2151,champion,2025-05-21,175.1
2151,champion,2025-04-12,144.31
2151,champion,2025-03-29,224.56
2151,champion,2025-03-24,187.21
2152,low_value,2025-11-03,54.06
2152,low_value,2025-04-24,32.05
2153,low_value,2025-10-28,45.8
2153,low_value,2025-07-18,19.82
2154,new,2026-07-13,75.64
2154,new,2026-05-14,37.72
2154,new,2025-09-14,75.44
2154,new,2025-09-09,68.43
2154,new,2025-08-18,108.51
2154,new,2025-05-25,48.33
2154,new,2025-04-30,36.83
2155,low_value,2026-05-08,40.83
2155,low_value,2026-03-29,22.16
2156,loyal,2026-08-04,130.18
2156,loyal,2026-07-14,154.52
2156,loyal,2026-06-08,125.09
2156,loyal,2026-05-11,84.05
2156,loyal,2026-03-17,65.82
2156,loyal,2026-03-02,82.96
2156,loyal,2025-11-02,113.09
2156,loyal,2025-10-16,152.79
2156,loyal,2025-09-25,87.22
2156,loyal,2025-09-21,90.53
2156,loyal,2025-07-13,140.64
2156,loyal,2025-07-05,96.98
2156,loyal,2025-06-02,161.42
2156,loyal,2025-05-07,105.56
2157,loyal,2026-06-18,90.3
2157,loyal,2026-05-27,93.62
2157,loyal,2026-02-16,123.73
2157,loyal,2026-02-03,160.94
2157,loyal,2026-02-01,103.04
2157,loyal,2025-12-20,169.19
2157,loyal,2025-11-03,77.09
2157,loyal,2025-10-31,146.95
2157,loyal,2025-09-02,122.92
2157,loyal,2025-09-01,116.26
2157,loyal,2025-08-14,151.49
2157,loyal,2025-07-29,90.9
2157,loyal,2025-07-17,148.33
2157,loyal,2025-05-17,103.75
2157,loyal,2025-05-09,90.74
2158,at_risk,2026-06-07,18.29
2158,at_risk,2026-05-12,104.09
2158,at_risk,2025-11-14,97.34
2158,at_risk,2025-07-31,74.24
2158,at_risk,2025-04-17,63.77
2159,champion,2026-07-25,250.85
2159,champion,2026-05-21,205.76
2159,champion,2026-04-27,168.06
2159,champion,2026-04-15,215.75
2159,champion,2026-04-07,214.31
2159,champion,2026-01-30,190.39
2159,champion,2026-01-17,166.86
2159,champion,2025-12-17,164.22
2159,champion,2025-12-15,136.99
2159,champion,2025-09-18,187.22
2159,champion,2025-08-12,155.61
2159,champion,2025-07-31,162.53
2159,champion,2025-06-29,204.96
2159,champion,2025-06-08,247.49
2159,champion,2025-04-12,194.97
2160,at_risk,2026-05-22,84.83
2160,at_risk,2026-05-04,172.21
2160,at_risk,2026-03-26,15.44
2160,at_risk,2026-03-20,100.82
2160,at_risk,2025-12-02,59.63
2160,at_risk,2025-10-25,143.19
2160,at_risk,2025-10-21,123.57
2160,at_risk,2025-06-16,101.51
2160,at_risk,2025-06-11,127.11
2161,loyal,2026-07-07,97.03
2161,loyal,2026-05-20,145.25
2161,loyal,2026-03-06,105.98
2161,loyal,2026-02-18,91.93
2161,loyal,2026-02-01,98.55
2161,loyal,2026-01-18,112.57
2161,loyal,2026-01-11,88.36
2161,loyal,2025-12-25,128.19
2161,loyal,2025-12-23,94.42
2161,loyal,2025-11-30,77.8
2161,loyal,2025-07-14,109.4
2161,loyal,2025-07-02,89.18
2161,loyal,2025-06-09,100.18
2162,at_risk,2026-04-10,86.65
2162,at_risk,2026-01-29,136.61
2162,at_risk,2025-12-30,48.29
2162,at_risk,2025-09-21,53.67
2162,at_risk,2025-04-24,153.96
2163,at_risk,2026-05-03,50.48
2163,at_risk,2026-03-04,67.84
2163,at_risk,2025-10-31,73.66
2163,at_risk,2025-04-09,121.76
2163,at_risk,2025-03-23,108.29
2163,at_risk,2025-03-15,115.05
2164,low_value,2025-10-15,26.19
2164,low_value,2025-05-20,24.64
2165,loyal,2026-07-18,100.69
2165,loyal,2026-07-16,118.44
2165,loyal,2026-03-24,66.68
2165,loyal,2026-03-05,122.92
2165,loyal,2026-03-02,92.13
2165,loyal,2026-02-04,105.32
2165,loyal,2025-10-20,144.18
2165,loyal,2025-10-14,129.27
2165,loyal,2025-10-10,104.71
2165,loyal,2025-09-18,106.97
2165,loyal,2025-09-07,33.18
2165,loyal,2025-08-19,85.34
2165,loyal,2025-07-14,115.01
2165,loyal,2025-06-26,87.08
2165,loyal,2025-04-13,70.21
2166,low_value,2026-07-09,59.5
2166,low_value,2025-06-17,25.46
2167,at_risk,2026-03-27,121.06
2167,at_risk,2026-03-01,63.43
2167,at_risk,2025-12-27,173.41
2167,at_risk,2025-10-08,131.32
2167,at_risk,2025-08-25,82.5
2167,at_risk,2025-07-04,86.78
2167,at_risk,2025-05-18,161.91
2167,at_risk,2025-03-11,82.58
2168,at_risk,2026-05-12,105.83
2168,at_risk,2026-05-03,84.38
2168,at_risk,2026-04-22,55.54
2168,at_risk,2026-03-25,115.62
2168,at_risk,2026-03-07,130.0
2168,at_risk,2026-02-16,91.4
2168,at_risk,2026-02-12,102.33
2168,at_risk,2026-01-28,61.14
2168,at_risk,2025-11-08,76.71
2168,at_risk,2025-10-14,78.14
2168,at_risk,2025-07-06,114.55
2168,at_risk,2025-06-11,103.96
2168,at_risk,2025-05-29,83.46
2169,new,2026-07-22,78.2
2169,new,2026-07-12,53.06
2169,new,2026-07-05,59.33
2169,new,2026-04-08,60.0
2169,new,2025-09-27,65.87
2169,new,2025-09-09,82.55
2169,new,2025-06-18,69.11
2170,at_risk,2026-08-02,157.08
2170,at_risk,2026-02-03,83.2
2170,at_risk,2026-01-30,85.88
2170,at_risk,2026-01-16,113.57
2170,at_risk,2025-10-05,73.16
2170,at_risk,2025-09-01,189.89
2171,loyal,2026-07-18,34.93
2171,loyal,2026-06-29,151.51
2171,loyal,2026-04-06,97.28
2171,loyal,2025-09-01,59.25
2171,loyal,2025-08-15,109.51
2171,loyal,2025-07-31,110.5
2171,loyal,2025-06-23,108.07
2172,new,2026-07-11,76.56
2172,new,2026-06-13,115.16
2172,new,2026-02-03,30.99
2172,new,2025-10-11,67.16
2172,new,2025-08-30,46.0
2172,new,2025-06-13,18.76
2173,loyal,2026-05-11,113.46
2173,loyal,2026-02-08,128.4
2173,loyal,2026-01-14,119.69
2173,loyal,2025-12-05,126.28
2173,loyal,2025-09-16,96.51
2173,loyal,2025-05-14,141.41
2173,loyal,2025-04-02,73.64
2173,loyal,2025-03-27,107.42
2174,at_risk,2026-07-14,23.77
2174,at_risk,2026-06-02,119.8
2174,at_risk,2025-05-06,139.31
2174,at_risk,2025-04-22,108.85
2175,new,2026-06-16,83.87
2175,new,2026-05-01,65.17
2175,new,2026-04-08,49.44
2175,new,2026-03-26,90.38
2175,new,2025-10-30,14.21
2175,new,2025-04-28,56.38
2176,at_risk,2026-03-01,115.03
2176,at_risk,2026-02-27,67.19
2176,at_risk,2026-01-22,72.59
2176,at_risk,2025-11-15,144.28
2176,at_risk,2025-10-15,121.84
2176,at_risk,2025-09-04,84.27
2176,at_risk,2025-08-29,65.93
2176,at_risk,2025-07-10,128.21
2176,at_risk,2025-04-19,125.68
2177,low_value,2026-01-12,45.95
2177,low_value,2025-06-19,77.72
2177,low_value,2025-03-17,38.92
2178,loyal,2026-07-11,126.78
2178,loyal,2026-04-26,107.83
2178,loyal,2026-02-24,82.58
2178,loyal,2026-02-18,100.36
2178,loyal,2026-01-27,162.15
2178,loyal,2025-12-06,148.45
2178,loyal,2025-10-19,106.78
2178,loyal,2025-08-07,134.49
2178,loyal,2025-07-26,113.63
2178,loyal,2025-05-30,56.77
2178,loyal,2025-05-01,51.41
2178,loyal,2025-03-25,82.72
2179,low_value,2026-04-17,69.45
2179,low_value,2026-03-17,59.46
2179,low_value,2026-03-02,41.46
2179,low_value,2026-01-18,56.34
2179,low_value,2025-12-11,14.33
2179,low_value,2025-03-18,10.0
2180,low_value,2026-05-19,38.21
2180,low_value,2025-04-28,57.26
2180,low_value,2025-04-19,47.16
2181,low_value,2026-03-30,44.45
2181,low_value,2026-01-15,27.63
2181,low_value,2025-09-12,45.24
2182,low_value,2026-05-20,38.86
2182,low_value,2026-01-21,34.39
2182,low_value,2025-09-09,39.45
2182,low_value,2025-05-13,57.92
2183,loyal,2026-07-12,70.26
2183,loyal,2026-05-08,71.76
2183,loyal,2026-04-11,139.97
2183,loyal,2026-03-29,101.37
2183,loyal,2026-03-10,44.0
2183,loyal,2026-01-21,88.1
2183,loyal,2025-12-02,96.83
2183,loyal,2025-10-23,100.62
2183,loyal,2025-09-13,132.95
2183,loyal,2025-08-27,82.12
2183,loyal,2025-06-06,138.07
2183,loyal,2025-05-10,118.55
2184,new,2026-03-12,83.87
2184,new,2025-10-30,60.04
2184,new,2025-09-18,133.65
2185,loyal,2026-05-24,118.25
2185,loyal,2026-05-22,114.44
2185,loyal,2026-05-04,99.52
2185,loyal,2026-04-30,97.03
2185,loyal,2026-04-13,120.23
2185,loyal,2026-02-09,82.89
2185,loyal,2025-11-28,84.02
2185,loyal,2025-11-19,138.65
2185,loyal,2025-11-19,122.85
2185,loyal,2025-10-18,70.8
2185,loyal,2025-09-14,79.9
2185,loyal,2025-07-30,45.9
2185,loyal,2025-06-28,137.29
2185,loyal,2025-06-28,130.66
2185,loyal,2025-05-15,77.34
2186,low_value,2025-12-12,49.55
2186,low_value,2025-06-18,33.86
2186,low_value,2025-04-21,36.97
2186,low_value,2025-04-10,50.5
2187,new,2026-06-06,61.71
2187,new,2025-12-09,47.41
2187,new,2025-10-03,119.73
2187,new,2025-08-02,129.0
2187,new,2025-03-20,116.65
2188,loyal,2026-07-28,155.75
2188,loyal,2026-07-26,109.88
2188,loyal,2026-06-24,93.63
2188,loyal,2026-06-10,101.44
2188,loyal,2026-04-09,114.42
2188,loyal,2026-02-22,86.45
2188,loyal,2026-01-06,94.47
2188,loyal,2025-10-25,66.7
2188,loyal,2025-09-04,85.33
2188,loyal,2025-07-18,117.04
2188,loyal,2025-07-15,141.26
2188,loyal,2025-06-14,137.42
2188,loyal,2025-03-21,122.9
2189,low_value,2026-03-10,20.6
2189,low_value,2025-12-19,73.97
2189,low_value,2025-07-10,30.3
2190,loyal,2026-05-09,94.65
2190,loyal,2026-04-29,108.92
2190,loyal,2026-04-25,48.92
2190,loyal,2026-01-28,138.65
2190,loyal,2025-11-25,68.81
2190,loyal,2025-09-19,81.83
2190,loyal,2025-07-25,140.0
2190,loyal,2025-07-15,127.08
2190,loyal,2025-07-14,112.62
2190,loyal,2025-06-22,58.75
2191,new,2026-02-06,56.64
2191,new,2025-12-16,100.36
2191,new,2025-09-30,55.26
2192,low_value,2026-07-14,87.89
2192,low_value,2026-05-20,45.05
2192,low_value,2026-04-20,34.43
2192,low_value,2025-11-20,93.17
2192,low_value,2025-09-12,10.0
2192,low_value,2025-08-11,33.95
2192,low_value,2025-06-26,11.7
2192,low_value,2025-06-09,10.0
2193,champion,2026-07-27,119.54
2193,champion,2026-05-26,158.72
2193,champion,2026-05-08,163.09
2193,champion,2026-05-06,237.21
2193,champion,2026-04-03,133.79
2193,champion,2026-04-01,84.58
2193,champion,2026-03-05,179.76
2193,champion,2025-11-08,129.73
2193,champion,2025-10-13,174.42
2193,champion,2025-09-27,206.43
2193,champion,2025-09-03,176.01
2193,champion,2025-09-01,162.75
2193,champion,2025-07-15,173.74
2193,champion,2025-07-09,213.9
2193,champion,2025-06-23,133.81
2193,champion,2025-06-07,209.14
2193,champion,2025-06-03,139.82
2193,champion,2025-04-19,204.08
2193,champion,2025-03-24,118.28
2193,champion,2025-03-20,201.7
2193,champion,2025-03-16,175.93
2194,new,2026-05-01,64.51
2194,new,2026-04-09,81.19
2194,new,2026-02-25,14.66
2194,new,2026-02-10,49.99
2194,new,2025-09-29,55.56
2194,new,2025-08-27,34.06
2194,new,2025-05-17,44.46
2194,new,2025-04-14,73.43
2195,low_value,2026-04-12,79.87
2195,low_value,2025-11-19,35.54
2195,low_value,2025-03-16,22.55
2196,champion,2026-07-25,141.88
2196,champion,2026-07-14,227.48
2196,champion,2026-06-29,145.13
2196,champion,2026-05-28,254.46
2196,champion,2026-04-27,149.42
2196,champion,2026-04-10,164.77
2196,champion,2026-02-16,172.38
2196,champion,2026-01-18,118.36
2196,champion,2025-12-17,118.47
2196,champion,2025-11-01,216.48
2196,champion,2025-09-12,111.2
2196,champion,2025-09-05,280.79
2196,champion,2025-08-25,176.23
2196,champion,2025-08-05,138.83
2196,champion,2025-08-01,196.81
2196,champion,2025-06-06,81.52
2196,champion,2025-05-01,166.66
2196,champion,2025-04-13,171.79
2196,champion,2025-04-08,129.35
2197,new,2025-09-19,38.69
2197,new,2025-08-19,19.03
2197,new,2025-06-05,86.23
2197,new,2025-05-31,66.74
2197,new,2025-04-06,54.51
2198,loyal,2026-07-06,151.19
2198,loyal,2026-07-06,122.8
2198,loyal,2026-06-28,138.74
2198,loyal,2026-06-12,82.51
2198,loyal,2026-06-09,128.51
2198,loyal,2026-04-03,89.86
2198,loyal,2026-02-09,114.2
2198,loyal,2026-02-08,128.47
2198,loyal,2026-01-14,94.06
2198,loyal,2025-11-24,79.49
2198,loyal,2025-10-29,120.88
2198,loyal,2025-10-01,105.96
2198,loyal,2025-07-18,114.08
2198,loyal,2025-04-22,129.71
2199,low_value,2026-05-06,83.59
2199,low_value,2026-01-05,48.87
2199,low_value,2025-12-14,47.56
2199,low_value,2025-10-18,35.35
2199,low_value,2025-05-05,83.26
2200,loyal,2026-07-14,128.15
2200,loyal,2026-05-01,140.7
2200,loyal,2026-02-03,96.97
2200,loyal,2026-01-03,125.47
2200,loyal,2025-12-27,63.36
2200,loyal,2025-12-21,115.46
2200,loyal,2025-11-27,113.54
2200,loyal,2025-08-17,164.64
2200,loyal,2025-07-21,156.73
2200,loyal,2025-06-11,102.25
2200,loyal,2025-05-09,85.49
2200,loyal,2025-04-23,86.31
2200,loyal,2025-04-18,101.16
2200,loyal,2025-04-18,149.05
2201,low_value,2026-03-08,66.09
2201,low_value,2025-09-08,37.52
2201,low_value,2025-08-16,49.52
2201,low_value,2025-08-09,24.35
2201,low_value,2025-05-26,52.59
2202,low_value,2025-11-20,39.57
2202,low_value,2025-09-06,45.52
2202,low_value,2025-08-03,50.58
2203,loyal,2026-06-30,90.13
2203,loyal,2026-05-14,104.23
2203,loyal,2026-03-30,44.09
2203,loyal,2026-03-26,127.22
2203,loyal,2026-02-24,104.52
2203,loyal,2026-02-22,39.47
2203,loyal,2026-02-17,76.6
2203,loyal,2026-01-18,100.98
2203,loyal,2025-11-04,56.82
2203,loyal,2025-10-14,139.11
2203,loyal,2025-07-14,115.6
2203,loyal,2025-05-02,130.35
2203,loyal,2025-04-19,79.13
2203,loyal,2025-04-08,122.34
2203,loyal,2025-03-23,90.18
2204,at_risk,2025-12-19,69.98
2204,at_risk,2025-11-29,60.21
2204,at_risk,2025-11-24,98.88
2204,at_risk,2025-09-27,136.94
2204,at_risk,2025-09-22,123.5
2204,at_risk,2025-06-13,108.58
2204,at_risk,2025-05-02,138.72
2204,at_risk,2025-04-28,95.67
2204,at_risk,2025-04-19,60.39
2205,new,2026-08-23,93.31
2205,new,2026-06-08,46.01
2205,new,2026-03-04,44.56
2205,new,2026-01-03,42.6
2205,new,2025-10-04,108.17
2205,new,2025-09-18,47.24
2205,new,2025-08-05,60.36
2206,low_value,2025-08-29,18.96
2206,low_value,2025-07-02,50.1
2207,at_risk,2026-07-29,81.25
2207,at_risk,2026-07-01,20.8
2207,at_risk,2026-06-15,107.05
2207,at_risk,2026-06-12,57.25
2207,at_risk,2026-05-04,99.41
2207,at_risk,2026-05-02,15.01
2207,at_risk,2026-01-26,85.37
2207,at_risk,2025-08-21,119.59
2207,at_risk,2025-05-12,115.32
2207,at_risk,2025-04-20,86.22
2208,loyal,2026-06-30,62.61
2208,loyal,2025-12-22,129.4
2208,loyal,2025-12-19,100.4
2208,loyal,2025-06-10,72.11
2208,loyal,2025-05-31,134.67
2208,loyal,2025-05-10,106.97
2208,loyal,2025-04-28,86.1
2209,loyal,2026-05-17,106.68
2209,loyal,2026-05-01,116.04
2209,loyal,2026-04-15,119.82
2209,loyal,2026-02-11,67.55
2209,loyal,2026-02-11,43.37
2209,loyal,2026-02-08,166.98
2209,loyal,2026-01-02,61.47
2209,loyal,2025-10-29,157.51
2209,loyal,2025-08-14,124.16
2209,loyal,2025-08-13,113.63
2209,loyal,2025-07-02,94.33
2209,loyal,2025-03-22,177.64
2210,low_value,2026-02-09,85.61
2210,low_value,2025-11-10,10.0
2210,low_value,2025-10-10,64.8
2210,low_value,2025-04-14,24.27
2210,low_value,2025-04-02,25.26
2211,new,2026-07-04,82.18
2211,new,2026-02-01,60.37
2211,new,2025-08-10,75.25
2211,new,2025-07-12,72.94
2211,new,2025-05-27,84.62
2211,new,2025-04-11,74.17
2211,new,2025-04-10,61.11
2212,low_value,2026-02-18,64.29
2212,low_value,2026-01-17,32.19
2212,low_value,2025-10-22,60.83
2213,new,2026-03-27,58.24
2213,new,2026-01-24,98.11
2214,low_value,2025-10-26,45.86
2214,low_value,2025-09-22,29.24
2214,low_value,2025-06-08,21.8
2215,loyal,2026-07-13,85.36
2215,loyal,2026-04-29,151.44
2215,loyal,2026-04-06,118.83
2215,loyal,2026-03-26,127.92
2215,loyal,2026-02-03,91.12
2215,loyal,2025-11-05,124.54
2215,loyal,2025-09-22,64.4
2215,loyal,2025-09-14,138.06
2215,loyal,2025-07-26,75.34
2215,loyal,2025-06-17,50.77
2215,loyal,2025-06-01,177.87
2215,loyal,2025-05-24,114.05
2215,loyal,2025-04-12,113.22
2216,loyal,2026-06-17,125.77
2216,loyal,2026-06-02,45.01
2216,loyal,2026-04-09,75.45
2216,loyal,2026-03-17,160.61
2216,loyal,2025-09-08,112.47
2216,loyal,2025-06-20,112.61
2216,loyal,2025-05-17,85.05
2217,low_value,2025-07-04,57.53
2217,low_value,2025-04-11,43.59
2218,low_value,2026-08-08,51.9
2218,low_value,2025-08-10,58.95
2218,low_value,2025-08-01,29.65
2218,low_value,2025-05-08,68.65
2219,at_risk,2026-07-26,117.28
2219,at_risk,2026-06-06,52.72
2219,at_risk,2026-06-05,113.89
2219,at_risk,2026-04-26,133.5
2219,at_risk,2026-03-25,105.49
2219,at_risk,2025-10-06,13.6
2219,at_risk,2025-06-26,32.62
2219,at_risk,2025-05-03,114.7
2219,at_risk,2025-04-04,10.0
2220,at_risk,2025-08-19,119.13
2220,at_risk,2025-07-05,77.4
2220,at_risk,2025-06-27,120.9
2220,at_risk,2025-05-13,140.42
2220,at_risk,2025-05-11,135.82
2221,new,2026-06-27,108.8
2221,new,2025-12-20,24.3
2221,new,2025-08-13,83.96
2222,at_risk,2026-03-09,106.94
2222,at_risk,2026-02-26,73.06
2222,at_risk,2026-02-04,116.33
2222,at_risk,2025-06-07,80.81
2222,at_risk,2025-05-19,137.58
2222,at_risk,2025-04-17,154.86
2223,loyal,2026-08-11,137.01
2223,loyal,2026-07-14,103.55
2223,loyal,2026-07-01,95.56
2223,loyal,2026-06-04,122.37
2223,loyal,2026-03-18,77.77
2223,loyal,2026-03-01,163.95
2223,loyal,2026-01-04,115.57
2223,loyal,2025-12-25,93.01
2223,loyal,2025-12-16,98.02
2223,loyal,2025-10-25,110.53
2223,loyal,2025-09-06,139.87
2223,loyal,2025-09-06,83.16
2223,loyal,2025-08-29,98.94
2223,loyal,2025-08-25,108.51
2223,loyal,2025-08-21,156.27
2223,loyal,2025-06-23,139.97
2223,loyal,2025-06-13,157.71
2223,loyal,2025-06-01,110.93
2224,low_value,2026-02-13,40.1
2224,low_value,2026-01-29,56.19
2224,low_value,2025-07-26,58.53
2225,loyal,2026-07-13,85.19
2225,loyal,2026-06-23,71.94
2225,loyal,2026-06-18,92.41
2225,loyal,2026-04-13,132.33
2225,loyal,2026-01-30,135.25
2225,loyal,2026-01-27,128.18
2225,loyal,2025-07-03,137.35
2226,low_value,2026-02-11,23.89
2226,low_value,2025-11-21,96.59
2226,low_value,2025-10-24,28.49
2226,low_value,2025-10-10,47.41
2227,champion,2026-08-11,255.71
2227,champion,2026-08-05,189.32
2227,champion,2026-06-27,193.88
2227,champion,2026-06-21,195.44
2227,champion,2026-05-01,274.56
2227,champion,2026-04-20,162.34
2227,champion,2026-03-28,242.62
2227,champion,2026-03-24,164.06
2227,champion,2026-03-18,151.86
2227,champion,2025-11-24,176.82
2227,champion,2025-09-05,176.62
2227,champion,2025-09-03,202.48
2227,champion,2025-08-28,87.04
2227,champion,2025-06-03,185.91
2227,champion,2025-05-30,156.05
2227,champion,2025-04-30,151.04
2227,champion,2025-03-19,128.17
2228,champion,2026-08-27,156.41
2228,champion,2026-08-09,231.88
2228,champion,2026-07-14,196.28
2228,champion,2026-06-19,147.11
2228,champion,2026-06-13,154.86
2228,champion,2026-05-24,173.12
2228,champion,2026-04-25,184.1
2228,champion,2026-03-27,194.52
2228,champion,2026-03-11,179.93
2228,champion,2026-02-24,166.06
2228,champion,2026-02-21,234.08
2228,champion,2026-02-02,175.45
2228,champion,2025-12-21,173.16
2228,champion,2025-12-18,171.31
2228,champion,2025-10-17,175.47
2228,champion,2025-10-12,125.5
2228,champion,2025-10-08,139.88
2228,champion,2025-10-03,277.84
2228,champion,2025-09-11,113.98
2228,champion,2025-09-05,190.87
2228,champion,2025-08-29,193.7
2228,champion,2025-08-26,220.51
2228,champion,2025-07-28,194.67
2228,champion,2025-07-01,255.63
2228,champion,2025-06-06,189.59
2228,champion,2025-05-26,233.91
2228,champion,2025-05-10,221.6
2228,champion,2025-04-14,241.68
2228,champion,2025-03-28,180.99
2228,champion,2025-03-26,195.92
2229,low_value,2026-03-05,68.11
2229,low_value,2026-03-01,71.86
2229,low_value,2025-07-08,32.58
2229,low_value,2025-03-21,48.48
2230,at_risk,2026-03-12,70.13
2230,at_risk,2026-03-10,115.74
2230,at_risk,2026-02-22,121.14
2230,at_risk,2025-06-22,102.4
2230,at_risk,2025-06-15,90.91
2230,at_risk,2025-05-26,99.54
2231,low_value,2026-02-17,26.36
2231,low_value,2025-12-07,22.37
2231,low_value,2025-09-14,60.42
2231,low_value,2025-08-31,32.06
2231,low_value,2025-05-29,60.75
2232,loyal,2026-08-06,131.72
2232,loyal,2026-07-29,94.07
2232,loyal,2026-05-10,94.66
2232,loyal,2026-05-05,133.82
2232,loyal,2026-03-23,161.31
2232,loyal,2025-08-20,138.19
2232,loyal,2025-07-04,116.88
2232,loyal,2025-06-03,102.7
2232,loyal,2025-05-20,109.17
2232,loyal,2025-05-07,70.24
2232,loyal,2025-03-19,105.37
2233,low_value,2026-02-17,24.28
2233,low_value,2025-11-11,28.97
2233,low_value,2025-08-03,50.83
2233,low_value,2025-03-21,36.16
2234,low_value,2026-03-06,14.06
2235,low_value,2026-01-18,37.74
2235,low_value,2025-11-14,63.57
2235,low_value,2025-10-07,73.02
2235,low_value,2025-10-05,53.62
2235,low_value,2025-09-17,55.51
2235,low_value,2025-07-28,33.12
2235,low_value,2025-06-01,10.0
2235,low_value,2025-03-29,56.71
2236,loyal,2026-07-04,150.47
2236,loyal,2026-06-27,73.36
2236,loyal,2026-06-19,131.58
2236,loyal,2026-06-08,91.04
2236,loyal,2026-06-08,76.78
2236,loyal,2026-04-25,101.43
2236,loyal,2026-01-28,162.62
2236,loyal,2026-01-27,93.69
2236,loyal,2025-12-17,57.25
2236,loyal,2025-06-09,66.66
2236,loyal,2025-04-26,124.35
2237,at_risk,2026-05-25,130.24
2237,at_risk,2026-02-23,127.17
2237,at_risk,2026-01-20,96.48
2237,at_risk,2025-11-29,74.09
2237,at_risk,2025-09-24,64.56
2237,at_risk,2025-07-29,39.47
2237,at_risk,2025-07-21,136.63
2237,at_risk,2025-04-14,83.43
2237,at_risk,2025-04-12,35.33
2237,at_risk,2025-03-15,138.2
2238,at_risk,2026-07-06,91.83
2238,at_risk,2026-06-24,168.87
2238,at_risk,2026-06-05,68.49
2238,at_risk,2026-06-03,148.58
2238,at_risk,2026-05-02,33.57
2238,at_risk,2026-01-29,64.87
2238,at_risk,2025-12-26,76.01
2238,at_risk,2025-11-17,128.22
2238,at_risk,2025-11-13,96.94
2238,at_risk,2025-06-12,140.85
2238,at_risk,2025-05-25,83.36
2238,at_risk,2025-05-14,93.11
2238,at_risk,2025-04-27,83.5
2238,at_risk,2025-04-25,165.92
2238,at_risk,2025-04-01,55.79
2239,new,2026-04-26,108.25
2239,new,2026-04-21,65.99
2239,new,2026-03-17,56.73
2239,new,2026-01-26,32.63
2239,new,2026-01-06,55.8
2239,new,2025-12-04,40.91
2239,new,2025-07-22,80.73
2239,new,2025-07-22,71.23
2239,new,2025-07-21,60.91
2239,new,2025-06-19,50.94
2239,new,2025-06-12,108.16
2240,loyal,2026-06-02,124.46
2240,loyal,2026-01-27,137.91
2240,loyal,2025-09-03,135.67
2240,loyal,2025-05-13,182.9
2241,champion,2026-08-11,153.15
2241,champion,2026-06-01,193.71
2241,champion,2026-04-21,186.11
2241,champion,2026-01-26,222.0
2241,champion,2025-11-26,181.08
2241,champion,2025-11-14,204.16
2241,champion,2025-11-09,131.7
2241,champion,2025-10-17,235.78
2241,champion,2025-10-05,148.91
2241,champion,2025-09-20,216.12
2241,champion,2025-09-05,190.52
2241,champion,2025-08-24,185.45
2241,champion,2025-08-02,210.41
2241,champion,2025-07-31,94.4
2241,champion,2025-04-14,157.06
2241,champion,2025-04-13,209.85
2241,champion,2025-04-05,256.88
2241,champion,2025-03-27,179.03
2241,champion,2025-03-18,82.49
2242,at_risk,2026-04-21,84.15
2242,at_risk,2026-04-06,126.74
2242,at_risk,2026-04-06,32.5
2242,at_risk,2026-03-27,133.64
2242,at_risk,2025-10-06,101.17
2242,at_risk,2025-07-21,81.35
2242,at_risk,2025-06-02,95.73
2243,loyal,2026-07-14,115.4
2243,loyal,2026-05-08,173.37
2243,loyal,2026-04-14,122.39
2243,loyal,2026-03-13,130.05
2243,loyal,2026-02-17,177.99
2243,loyal,2026-02-14,118.33
2243,loyal,2026-02-13,144.44
2243,loyal,2026-01-08,124.33
2243,loyal,2025-10-05,123.89
2243,loyal,2025-08-02,81.1
2243,loyal,2025-07-14,76.13
2243,loyal,2025-07-03,94.63
2243,loyal,2025-05-25,136.46
2243,loyal,2025-04-23,135.03
2243,loyal,2025-04-11,150.0
2243,loyal,2025-04-03,109.67
2244,at_risk,2026-03-12,167.22
2244,at_risk,2026-01-04,101.65
2244,at_risk,2025-12-05,131.15
2244,at_risk,2025-11-08,91.5
2244,at_risk,2025-05-23,55.09
2244,at_risk,2025-05-18,80.12
2245,loyal,2026-07-16,126.21
2245,loyal,2026-06-29,139.16
2245,loyal,2026-06-21,113.26
2245,loyal,2026-04-19,83.66
2245,loyal,2026-02-24,97.72
2245,loyal,2026-01-29,122.36
2245,loyal,2026-01-20,121.81
2245,loyal,2025-11-02,56.23
2245,loyal,2025-09-14,96.9
2245,loyal,2025-08-20,87.89
2246,loyal,2026-07-01,147.06
2246,loyal,2026-05-23,55.69
2246,loyal,2026-04-15,127.76
2246,loyal,2026-04-04,98.91
2246,loyal,2026-01-07,72.3
2246,loyal,2025-12-30,100.41
2246,loyal,2025-12-22,131.93
2246,loyal,2025-12-10,153.66
2246,loyal,2025-11-22,69.65
2246,loyal,2025-07-28,128.55
2246,loyal,2025-07-23,168.97
2246,loyal,2025-07-10,164.92
2246,loyal,2025-06-01,10.0
2246,loyal,2025-05-23,175.37
2246,loyal,2025-04-09,138.83
2246,loyal,2025-03-22,40.78
2247,new,2026-07-13,83.65
2247,new,2026-05-02,55.52
2248,at_risk,2026-01-20,60.03
2248,at_risk,2025-12-03,125.37
2248,at_risk,2025-11-01,66.59
2248,at_risk,2025-06-29,72.18
2248,at_risk,2025-04-22,88.44
2249,at_risk,2026-01-20,164.76
2249,at_risk,2026-01-13,107.38
2249,at_risk,2025-10-27,135.55
2249,at_risk,2025-03-20,83.65
2250,new,2026-08-06,100.65
2250,new,2025-11-18,40.79
2250,new,2025-11-15,48.42
2250,new,2025-06-22,59.52
2250,new,2025-06-15,63.17
2250,new,2025-06-09,98.91
2250,new,2025-04-24,34.63
2250,new,2025-04-22,69.26
2250,new,2025-04-09,56.23
2251,low_value,2026-05-27,47.46
2251,low_value,2025-08-24,42.94
2251,low_value,2025-08-20,52.08
2251,low_value,2025-07-05,65.41
2251,low_value,2025-07-02,54.37
2251,low_value,2025-05-22,48.7
2251,low_value,2025-05-17,31.92
2251,low_value,2025-04-30,51.49
2252,at_risk,2026-07-06,62.71
2252,at_risk,2026-06-14,90.56
2252,at_risk,2026-03-30,81.48
2252,at_risk,2025-10-23,179.46
2252,at_risk,2025-10-23,61.37
2252,at_risk,2025-09-25,89.38
2252,at_risk,2025-07-16,82.24
2253,new,2026-06-28,71.4
2253,new,2026-04-24,68.0
2253,new,2025-12-22,97.54
2253,new,2025-12-13,117.11
2253,new,2025-10-16,85.96
2253,new,2025-07-17,57.75
2253,new,2025-06-25,76.48
2253,new,2025-05-17,84.51
2253,new,2025-04-21,56.12
2254,low_value,2026-02-07,55.67
2254,low_value,2026-01-06,47.76
2254,low_value,2025-09-18,23.88
2254,low_value,2025-06-27,70.01
2254,low_value,2025-04-27,36.65
2254,low_value,2025-04-07,46.9
2255,new,2026-07-28,63.22
2255,new,2026-05-13,61.58
2255,new,2026-01-25,115.73
2255,new,2026-01-24,94.8
2255,new,2025-11-01,66.65
2255,new,2025-10-08,59.42
2255,new,2025-06-30,85.38
2256,low_value,2026-07-08,52.99
2256,low_value,2026-06-21,14.14
2256,low_value,2026-02-27,18.66
2256,low_value,2026-01-12,61.31
2256,low_value,2025-11-06,54.96
2256,low_value,2025-10-29,69.99
2257,low_value,2026-02-10,38.33
2257,low_value,2025-04-08,43.71
2258,champion,2026-08-05,155.73
2258,champion,2026-07-19,182.3
2258,champion,2026-07-01,170.12
2258,champion,2026-05-23,170.79
2258,champion,2026-03-21,138.86
2258,champion,2026-03-14,259.66
2258,champion,2026-03-13,195.43
2258,champion,2026-03-03,153.17
2258,champion,2026-02-14,148.61
2258,champion,2026-02-03,182.46
2258,champion,2025-12-13,93.29
2258,champion,2025-10-16,222.11
2258,champion,2025-07-18,159.45
2258,champion,2025-07-14,195.55
2258,champion,2025-05-08,197.42
2258,champion,2025-05-03,218.61
2258,champion,2025-04-19,199.71
2259,at_risk,2026-05-11,53.22
2259,at_risk,2026-04-26,167.6
2259,at_risk,2026-04-18,90.25
2259,at_risk,2026-02-21,16.79
2259,at_risk,2025-12-28,142.32
2259,at_risk,2025-12-11,97.88
2259,at_risk,2025-08-20,79.13
2259,at_risk,2025-06-21,117.46
2259,at_risk,2025-05-05,118.25
2260,low_value,2025-08-26,60.31
2260,low_value,2025-04-08,34.65
2261,low_value,2026-04-16,15.94
2261,low_value,2026-01-19,66.87
2262,new,2026-06-22,86.03
2262,new,2026-06-20,62.6
2262,new,2026-03-13,45.32
2262,new,2026-02-04,97.69
2262,new,2025-12-31,108.32
2262,new,2025-12-01,41.28
2262,new,2025-09-19,43.65
2262,new,2025-09-14,76.97
2262,new,2025-07-02,79.31
2263,loyal,2026-08-07,77.34
2263,loyal,2026-07-21,117.74
2263,loyal,2026-05-30,53.01
2263,loyal,2026-05-16,115.78
2263,loyal,2026-05-08,111.57
2263,loyal,2026-03-29,114.91
2263,loyal,2026-02-25,83.93
2263,loyal,2026-02-13,116.83
2263,loyal,2026-01-01,108.83
2263,loyal,2025-11-28,148.97
2263,loyal,2025-10-20,129.14
2263,loyal,2025-09-12,66.53
2263,loyal,2025-07-26,85.02
2263,loyal,2025-05-23,91.51
2263,loyal,2025-04-30,115.41
2263,loyal,2025-04-02,104.93
2264,new,2026-07-14,80.27
2264,new,2026-06-20,62.5
2264,new,2026-03-08,102.02
2264,new,2026-03-01,81.68
2264,new,2026-01-25,50.55
2264,new,2025-11-25,41.38
2264,new,2025-11-19,55.66
2264,new,2025-08-28,128.45
2264,new,2025-06-29,64.06
2265,loyal,2026-07-09,91.11
2265,loyal,2026-07-04,137.05
2265,loyal,2026-05-23,157.78
2265,loyal,2026-04-10,123.12
2265,loyal,2025-11-23,130.28
2265,loyal,2025-11-06,83.09
2265,loyal,2025-09-14,70.31
2266,low_value,2026-03-10,20.61
2267,new,2026-03-24,30.52
2267,new,2026-03-21,37.62
2267,new,2026-03-10,59.88
2267,new,2026-02-15,91.69
2267,new,2026-01-05,65.73
2267,new,2025-09-17,65.11
2267,new,2025-08-11,71.0
2268,low_value,2026-04-21,22.34
2268,low_value,2026-04-13,90.29
2268,low_value,2026-02-04,43.42
2268,low_value,2025-10-23,63.09
2269,low_value,2026-02-26,24.26
2269,low_value,2025-09-22,36.28
2269,low_value,2025-03-27,36.24
2270,new,2026-05-26,120.92
2270,new,2026-02-10,88.29
2270,new,2026-01-04,67.07
2270,new,2025-10-04,56.17
2270,new,2025-06-13,55.53
2271,new,2026-02-15,101.29
2271,new,2026-01-18,100.05
2271,new,2025-11-23,74.37
2271,new,2025-04-27,31.9
2272,low_value,2026-01-25,75.45
2272,low_value,2025-10-13,13.1
2272,low_value,2025-09-28,14.63
2272,low_value,2025-09-09,60.22
2272,low_value,2025-05-18,36.19
2273,low_value,2026-01-13,47.84
2273,low_value,2025-11-05,44.1
2273,low_value,2025-05-07,36.29
2274,low_value,2025-12-01,29.35
2274,low_value,2025-09-16,58.5
2274,low_value,2025-08-12,38.67
2275,champion,2026-07-30,153.23
2275,champion,2026-06-16,238.3
2275,champion,2026-04-11,236.42
2275,champion,2026-04-03,217.59
2275,champion,2026-03-06,160.25
2275,champion,2026-02-23,148.38
2275,champion,2026-02-11,244.98
2275,champion,2025-12-21,136.67
2275,champion,2025-12-18,181.58
2275,champion,2025-12-04,247.58
2275,champion,2025-11-30,184.96
2275,champion,2025-11-12,168.26
2275,champion,2025-10-30,226.39
2275,champion,2025-08-15,182.88
2275,champion,2025-08-02,187.85
2275,champion,2025-07-15,240.59
2275,champion,2025-07-05,78.2
2275,champion,2025-06-19,194.35
2275,champion,2025-06-10,149.35
2275,champion,2025-05-03,171.71
2275,champion,2025-04-30,184.52
2276,new,2026-08-02,101.75
2276,new,2026-05-28,67.72
2276,new,2026-04-25,59.92
2276,new,2025-07-15,79.9
2276,new,2025-03-30,67.13
2277,loyal,2026-07-22,123.31
2277,loyal,2026-06-06,121.3
2277,loyal,2026-04-28,151.69
2277,loyal,2026-02-27,109.26
2277,loyal,2026-02-20,98.65
2277,loyal,2025-12-10,133.9
2277,loyal,2025-12-05,88.59
2277,loyal,2025-11-16,102.86
2277,loyal,2025-11-14,117.58
2277,loyal,2025-07-29,119.98
2277,loyal,2025-06-09,100.01
2278,low_value,2026-01-30,96.26
2278,low_value,2025-07-06,27.77
2278,low_value,2025-06-07,21.5
2278,low_value,2025-06-03,43.78
2279,new,2026-06-04,96.23
2279,new,2026-01-31,73.87
2279,new,2026-01-12,73.08
2279,new,2025-09-13,83.19
2279,new,2025-07-27,65.9
2279,new,2025-04-27,68.51
2280,at_risk,2026-04-30,118.47
2280,at_risk,2026-04-28,160.6
2280,at_risk,2026-01-01,106.33
2280,at_risk,2025-12-02,86.03
2280,at_risk,2025-09-29,36.58
2280,at_risk,2025-09-20,166.79
2280,at_risk,2025-07-27,76.91
2280,at_risk,2025-04-03,45.72
2281,loyal,2026-07-31,118.12
2281,loyal,2026-06-20,137.44
2281,loyal,2026-06-06,69.14
2281,loyal,2025-08-28,122.63
2281,loyal,2025-07-23,116.65
2281,loyal,2025-06-10,108.5
2282,at_risk,2026-06-04,55.14
2282,at_risk,2026-05-14,95.59
2282,at_risk,2026-03-23,130.64
2282,at_risk,2026-03-18,78.29
2282,at_risk,2026-02-06,117.59
2282,at_risk,2026-01-12,93.25
2282,at_risk,2026-01-09,132.77
2282,at_risk,2026-01-02,78.79
2282,at_risk,2025-12-30,149.43
2282,at_risk,2025-10-23,118.86
2282,at_risk,2025-10-17,103.54
2282,at_risk,2025-09-26,104.82
2282,at_risk,2025-06-06,78.73
2283,low_value,2026-03-29,28.84
2283,low_value,2025-08-19,15.61
2283,low_value,2025-07-26,50.42
2283,low_value,2025-07-19,72.94
2283,low_value,2025-07-06,43.51
2284,loyal,2026-08-01,113.83
2284,loyal,2026-07-26,128.75
2284,loyal,2026-06-23,111.91
2284,loyal,2026-05-24,101.58
2284,loyal,2026-05-11,113.78
2284,loyal,2026-05-07,81.2
2284,loyal,2026-03-25,134.1
2284,loyal,2026-03-25,97.61
2284,loyal,2026-03-21,75.35
2284,loyal,2026-01-12,123.85
2284,loyal,2025-11-19,125.34
2284,loyal,2025-10-17,84.2
2284,loyal,2025-08-28,128.71
2284,loyal,2025-08-20,129.02
2284,loyal,2025-08-14,169.25
2284,loyal,2025-07-14,102.95
2284,loyal,2025-03-25,108.37
2285,loyal,2026-07-12,105.68
2285,loyal,2026-07-06,109.75
2285,loyal,2026-06-07,111.42
2285,loyal,2026-05-16,111.12
2285,loyal,2026-03-04,120.89
2285,loyal,2026-02-25,106.74
2285,loyal,2026-02-09,188.47
2285,loyal,2026-01-04,99.73
2285,loyal,2025-12-19,73.32
2285,loyal,2025-11-20,67.7
2285,loyal,2025-11-07,129.75
2285,loyal,2025-10-22,62.25
2285,loyal,2025-09-24,73.71
2285,loyal,2025-07-16,69.39
2285,loyal,2025-06-25,123.71
2285,loyal,2025-05-28,149.92
2285,loyal,2025-05-02,81.68
2285,loyal,2025-03-27,122.66
2286,low_value,2025-12-12,53.8
2286,low_value,2025-11-15,55.34
2286,low_value,2025-11-08,49.15
2286,low_value,2025-05-22,22.12
2287,low_value,2026-01-24,58.6
2287,low_value,2025-11-20,23.81
2288,loyal,2026-08-19,113.56
2288,loyal,2026-07-08,126.43
2288,loyal,2026-07-05,65.48
2288,loyal,2026-06-27,93.72
2288,loyal,2026-06-08,60.15
2288,loyal,2026-05-30,100.49
2288,loyal,2026-05-14,85.98
2288,loyal,2025-09-03,90.93
2288,loyal,2025-06-21,129.54
2288,loyal,2025-03-19,118.45
2289,loyal,2026-08-08,101.09
2289,loyal,2026-07-17,136.19
2289,loyal,2026-06-16,71.65
2289,loyal,2026-06-01,101.26
2289,loyal,2026-05-14,87.45
2289,loyal,2026-03-20,109.95
2289,loyal,2026-02-07,132.04
2289,loyal,2026-01-06,126.67
2289,loyal,2025-12-12,122.59
2289,loyal,2025-11-04,114.12
2289,loyal,2025-09-15,105.22
2289,loyal,2025-07-29,146.04
2289,loyal,2025-05-04,63.6
2289,loyal,2025-03-24,90.0
2289,loyal,2025-03-13,122.34
2290,low_value,2026-01-26,34.17
2290,low_value,2025-09-22,59.16
2291,low_value,2026-04-11,69.71
2291,low_value,2025-04-24,20.39
2292,new,2026-06-12,90.87
2292,new,2026-02-02,114.91
2292,new,2026-01-24,42.44
2293,at_risk,2026-03-05,112.02
2293,at_risk,2026-02-17,67.87
2293,at_risk,2026-02-11,96.69
2293,at_risk,2026-01-08,73.78
2293,at_risk,2025-11-07,56.48
2293,at_risk,2025-10-28,55.05
2293,at_risk,2025-10-25,88.93
2293,at_risk,2025-08-03,98.61
2293,at_risk,2025-06-15,88.22
2293,at_risk,2025-05-08,65.85
2293,at_risk,2025-04-11,90.18
2293,at_risk,2025-03-27,83.71
2293,at_risk,2025-03-19,58.53
2294,loyal,2026-07-23,158.18
2294,loyal,2026-06-18,82.39
2294,loyal,2026-06-02,34.4
2294,loyal,2026-05-03,109.47
2294,loyal,2026-04-29,82.87
2294,loyal,2026-04-10,88.78
2294,loyal,2026-04-05,102.85
2294,loyal,2026-01-09,122.3
2294,loyal,2026-01-01,86.57
2294,loyal,2025-12-20,114.08
2294,loyal,2025-12-14,106.22
2294,loyal,2025-11-07,40.84
2294,loyal,2025-09-29,126.35
2294,loyal,2025-09-25,96.47
2294,loyal,2025-05-31,72.08
2294,loyal,2025-05-18,88.22
2294,loyal,2025-05-10,116.09
2295,champion,2026-08-09,231.98
2295,champion,2026-07-15,167.05
2295,champion,2026-06-11,190.99
2295,champion,2026-05-27,230.96
2295,champion,2026-05-22,192.17
2295,champion,2026-04-25,143.17
2295,champion,2026-02-28,182.8
2295,champion,2026-01-11,150.07
2295,champion,2025-12-21,186.04
2295,champion,2025-11-25,148.5
2295,champion,2025-11-24,194.91
2295,champion,2025-11-22,108.45
2295,champion,2025-11-03,135.12
2295,champion,2025-07-23,148.27
2295,champion,2025-07-09,173.59
2295,champion,2025-06-27,119.52
2295,champion,2025-06-26,144.66
2295,champion,2025-05-27,211.12
2295,champion,2025-05-07,215.89
2295,champion,2025-05-04,78.66
2295,champion,2025-04-13,156.53
2295,champion,2025-03-22,230.99
2296,low_value,2025-10-29,54.43
2296,low_value,2025-08-17,47.14
2297,champion,2026-08-15,159.34
2297,champion,2026-07-10,109.97
2297,champion,2026-06-03,124.65
2297,champion,2026-05-17,162.92
2297,champion,2026-05-02,184.35
2297,champion,2026-04-01,133.44
2297,champion,2026-01-24,149.66
2297,champion,2026-01-21,211.7
2297,champion,2026-01-20,224.39
2297,champion,2026-01-03,191.08
2297,champion,2025-12-25,168.6
2297,champion,2025-12-06,155.14
2297,champion,2025-11-30,201.57
2297,champion,2025-10-24,167.35
2297,champion,2025-10-08,216.81
2297,champion,2025-05-08,218.91
2297,champion,2025-04-28,196.4
2297,champion,2025-04-18,160.1
2297,champion,2025-04-11,163.18
2297,champion,2025-04-02,114.25
2297,champion,2025-04-01,177.89
2297,champion,2025-03-24,176.65
2298,champion,2026-08-18,130.14
2298,champion,2026-07-29,201.54
2298,champion,2026-07-26,151.44
2298,champion,2026-07-11,155.62
2298,champion,2026-07-09,154.48
2298,champion,2026-05-11,220.82
2298,champion,2026-04-05,109.35
2298,champion,2025-12-30,209.51
2298,champion,2025-12-30,193.69
2298,champion,2025-11-07,177.09
2298,champion,2025-11-06,162.08
2298,champion,2025-10-05,199.46
2298,champion,2025-09-24,162.4
2298,champion,2025-09-22,162.04
2298,champion,2025-09-01,182.55
2298,champion,2025-08-17,248.79
2298,champion,2025-08-11,119.49
2298,champion,2025-08-02,200.03
2298,champion,2025-07-27,174.28
2298,champion,2025-07-25,171.18
2298,champion,2025-06-07,118.92
2298,champion,2025-05-07,109.77
2298,champion,2025-04-29,193.6
2298,champion,2025-04-16,129.23
2298,champion,2025-04-16,220.65
2298,champion,2025-04-11,139.37
2298,champion,2025-04-02,202.04
2299,low_value,2026-02-08,56.82
2299,low_value,2025-10-11,45.25
2299,low_value,2025-05-15,18.32
2300,low_value,2025-05-16,37.18
2301,low_value,2025-11-10,42.71
2301,low_value,2025-08-01,36.52
2301,low_value,2025-04-12,45.87
2302,new,2026-07-29,91.17
2302,new,2026-07-28,73.99
2302,new,2026-03-30,22.06
2302,new,2025-05-25,86.85
2303,new,2026-07-24,91.85
2303,new,2026-07-07,51.92
2303,new,2026-04-26,96.51
2303,new,2026-03-09,75.34
2303,new,2025-12-25,35.36
2303,new,2025-05-22,70.65
2303,new,2025-04-15,71.17
2303,new,2025-03-13,34.55
2304,at_risk,2026-06-30,146.12
2304,at_risk,2026-03-07,104.29
2304,at_risk,2026-01-20,107.62
2304,at_risk,2025-11-11,147.3
2304,at_risk,2025-10-15,114.99
2304,at_risk,2025-09-20,68.05
2304,at_risk,2025-07-30,121.03
2304,at_risk,2025-05-15,33.83
2304,at_risk,2025-04-18,81.47
2304,at_risk,2025-04-05,84.84
2305,at_risk,2026-06-20,77.39
2305,at_risk,2026-01-28,128.3
2305,at_risk,2025-08-24,135.92
2305,at_risk,2025-06-20,61.42
2306,new,2025-03-14,38.07
2307,at_risk,2026-03-03,147.29
2307,at_risk,2026-02-25,53.95
2307,at_risk,2025-11-01,93.28
2307,at_risk,2025-09-04,119.83
2307,at_risk,2025-07-12,56.96
2307,at_risk,2025-06-15,49.16
2307,at_risk,2025-06-11,94.08
2307,at_risk,2025-05-29,80.55
2307,at_risk,2025-04-05,88.97
2308,new,2026-05-11,73.92
2308,new,2025-12-09,96.44
2308,new,2025-08-01,68.81
2308,new,2025-03-30,92.05
2308,new,2025-03-12,23.09
2309,low_value,2026-03-07,40.04
2309,low_value,2026-01-20,22.22
2309,low_value,2025-05-31,52.17
2310,low_value,2025-08-26,11.91
2310,low_value,2025-04-09,46.5
2311,champion,2026-08-29,137.8
2311,champion,2026-07-01,196.09
2311,champion,2026-05-10,191.37
2311,champion,2026-05-05,173.78
2311,champion,2026-04-04,138.72
2311,champion,2026-03-12,165.25
2311,champion,2026-01-31,216.91
2311,champion,2026-01-31,239.51
2311,champion,2026-01-16,258.17
2311,champion,2025-12-14,201.07
2311,champion,2025-12-09,190.06
2311,champion,2025-10-29,197.96
2311,champion,2025-10-22,257.14
2311,champion,2025-09-04,200.82
2311,champion,2025-08-28,183.49
2311,champion,2025-08-15,168.99
2311,champion,2025-07-04,173.61
2311,champion,2025-06-18,195.46
2311,champion,2025-05-29,149.94
2311,champion,2025-04-27,154.94
2311,champion,2025-04-18,177.45
2311,champion,2025-04-07,161.92
2312,at_risk,2026-05-01,74.33
2312,at_risk,2026-03-28,95.34
2312,at_risk,2026-03-04,93.46
2312,at_risk,2026-02-10,116.95
2312,at_risk,2026-02-01,13.06
2312,at_risk,2025-10-12,69.31
2312,at_risk,2025-05-11,59.57
2312,at_risk,2025-04-19,10.0
2313,loyal,2026-08-02,182.6
2313,loyal,2026-07-30,142.25
2313,loyal,2026-07-12,130.38
2313,loyal,2026-06-14,104.14
2313,loyal,2026-06-08,95.27
2313,loyal,2025-12-08,93.19
2313,loyal,2025-12-01,117.22
2313,loyal,2025-11-02,75.92
2313,loyal,2025-10-26,116.61
2313,loyal,2025-09-13,90.09
2313,loyal,2025-06-28,58.57
2314,at_risk,2026-07-21,96.24
2314,at_risk,2025-11-27,72.39
2314,at_risk,2025-09-17,115.0
2314,at_risk,2025-09-02,148.6
2314,at_risk,2025-08-07,108.46
2314,at_risk,2025-08-04,98.64
2315,loyal,2026-06-30,84.23
2315,loyal,2026-02-26,68.83
2315,loyal,2026-01-25,66.81
2315,loyal,2026-01-10,155.76
2315,loyal,2025-12-27,80.42
2315,loyal,2025-12-03,76.2
2315,loyal,2025-12-02,108.32
2315,loyal,2025-11-14,87.62
2315,loyal,2025-09-25,177.86
2315,loyal,2025-06-27,101.8
2315,loyal,2025-06-08,123.36
2315,loyal,2025-04-04,86.59
2315,loyal,2025-04-01,60.14
2316,loyal,2026-07-24,63.74
2316,loyal,2026-04-07,113.19
2316,loyal,2026-02-11,132.87
2316,loyal,2026-01-27,145.93
2316,loyal,2025-07-25,37.39
2316,loyal,2025-06-05,88.07
2317,low_value,2026-05-24,35.5
2317,low_value,2025-07-03,28.42
2318,new,2026-01-09,65.79
2318,new,2025-10-25,50.95
2318,new,2025-10-18,90.22
2318,new,2025-09-25,82.9
2318,new,2025-09-15,118.61
2318,new,2025-08-01,72.75
2319,low_value,2026-01-07,56.94
2319,low_value,2025-11-24,43.4
2319,low_value,2025-07-14,50.41
2319,low_value,2025-06-25,64.21
2319,low_value,2025-06-16,23.12
2319,low_value,2025-05-31,45.03
2320,champion,2026-08-10,215.41
2320,champion,2026-08-04,170.06
2320,champion,2026-07-20,201.8
2320,champion,2026-05-19,141.71
2320,champion,2026-04-25,257.5
2320,champion,2026-04-23,112.01
2320,champion,2026-04-16,151.69
2320,champion,2026-04-16,123.18
2320,champion,2026-03-20,212.01
2320,champion,2026-02-28,201.58
2320,champion,2026-02-13,131.27
2320,champion,2026-01-29,219.88
2320,champion,2026-01-23,152.06
2320,champion,2026-01-15,195.49
2320,champion,2026-01-08,204.89
2320,champion,2025-12-14,170.21
2320,champion,2025-07-22,216.39
2320,champion,2025-07-01,174.24
2320,champion,2025-06-20,193.55
2320,champion,2025-04-13,169.04
2320,champion,2025-03-17,105.27
2321,champion,2026-08-14,252.2
2321,champion,2026-07-17,260.49
2321,champion,2026-07-01,194.68
2321,champion,2026-06-30,161.38
2321,champion,2026-06-27,145.57
2321,champion,2026-06-23,198.87
2321,champion,2026-04-13,182.6
2321,champion,2026-02-21,187.31
2321,champion,2026-02-05,126.09
2321,champion,2026-01-13,181.32
2321,champion,2025-12-27,225.75
2321,champion,2025-12-22,212.61
2321,champion,2025-12-03,163.44
2321,champion,2025-11-07,175.64
2321,champion,2025-10-29,121.27
2321,champion,2025-09-28,153.39
2321,champion,2025-09-04,166.4
2321,champion,2025-08-30,205.34
2321,champion,2025-07-02,151.75
2321,champion,2025-06-26,138.56
2321,champion,2025-05-05,210.31
2321,champion,2025-04-15,163.1
2321,champion,2025-04-14,146.44
2322,at_risk,2025-12-06,129.63
2322,at_risk,2025-09-15,22.45
2322,at_risk,2025-08-08,81.3
2322,at_risk,2025-06-24,104.54
2322,at_risk,2025-06-11,132.53
2322,at_risk,2025-06-05,158.0
2322,at_risk,2025-03-21,85.98
2322,at_risk,2025-03-15,164.04
2323,loyal,2026-06-25,31.83
2323,loyal,2026-04-19,114.47
2323,loyal,2026-03-17,103.55
2323,loyal,2026-01-11,150.33
2323,loyal,2025-10-23,93.85
2323,loyal,2025-06-21,88.85
2323,loyal,2025-03-27,74.86
2324,loyal,2026-07-31,96.52
2324,loyal,2026-07-13,106.26
2324,loyal,2026-05-02,110.33
2324,loyal,2026-03-28,103.58
2324,loyal,2026-03-13,127.72
2324,loyal,2026-02-27,88.64
2324,loyal,2026-01-07,82.19
2324,loyal,2025-11-06,73.86
2324,loyal,2025-10-03,116.15
2324,loyal,2025-08-30,113.17
2324,loyal,2025-08-04,142.74
2324,loyal,2025-07-26,156.41
2324,loyal,2025-07-17,73.78
2324,loyal,2025-04-16,110.71
2324,loyal,2025-04-14,103.84
2324,loyal,2025-03-19,63.9
2325,low_value,2026-04-18,10.0
2325,low_value,2026-03-05,56.45
2325,low_value,2026-02-13,49.42
2325,low_value,2026-02-08,62.69
2326,loyal,2026-08-10,108.49
2326,loyal,2026-06-07,117.55
2326,loyal,2026-06-03,138.14
2326,loyal,2026-04-22,106.34
2326,loyal,2026-02-26,139.07
2326,loyal,2026-02-14,108.36
2326,loyal,2026-02-04,113.59
2326,loyal,2026-01-06,112.44
2326,loyal,2025-12-09,129.66
2326,loyal,2025-11-09,126.25
2326,loyal,2025-08-03,76.61
2326,loyal,2025-07-07,116.51
2326,loyal,2025-06-27,126.22
2326,loyal,2025-06-15,153.85
2327,loyal,2026-06-19,153.46
2327,loyal,2026-04-02,63.67
2327,loyal,2026-03-23,126.13
2327,loyal,2025-11-05,37.15
2327,loyal,2025-09-05,102.35
2327,loyal,2025-08-20,124.39
2327,loyal,2025-07-13,131.38
2327,loyal,2025-06-28,106.84
2327,loyal,2025-05-31,102.75
2327,loyal,2025-04-24,127.02
2328,new,2026-07-07,52.4
2328,new,2026-02-04,91.63
2328,new,2026-01-26,57.98
2329,new,2026-02-11,93.12
2329,new,2025-11-04,98.01
2329,new,2025-08-01,74.31
2329,new,2025-07-05,41.57
2329,new,2025-06-12,38.87
2330,new,2026-07-20,71.47
2330,new,2026-05-19,122.34
2330,new,2026-04-15,97.88
2330,new,2025-08-13,71.13
2330,new,2025-07-04,66.41
2330,new,2025-03-29,59.2
2331,at_risk,2026-01-17,130.81
2331,at_risk,2025-12-11,116.19
2331,at_risk,2025-09-20,141.54
2331,at_risk,2025-08-14,150.39
2331,at_risk,2025-06-29,80.15
2331,at_risk,2025-05-27,70.11
2331,at_risk,2025-05-22,32.16
2331,at_risk,2025-03-23,56.57
2332,low_value,2026-05-30,82.28
2332,low_value,2026-03-17,10.0
2332,low_value,2026-01-03,66.72
2332,low_value,2025-03-23,52.62
2333,loyal,2026-07-27,110.88
2333,loyal,2026-07-03,119.11
2333,loyal,2026-04-07,133.68
2333,loyal,2026-04-06,157.49
2333,loyal,2025-11-29,96.93
2333,loyal,2025-04-25,144.34
2334,at_risk,2026-07-08,113.49
2334,at_risk,2026-02-25,61.3
2334,at_risk,2026-01-25,86.88
2334,at_risk,2025-12-16,83.03
2334,at_risk,2025-12-08,92.29
2334,at_risk,2025-08-09,118.2
2334,at_risk,2025-06-10,115.07
2335,low_value,2025-03-31,31.87
2336,low_value,2025-10-11,95.26
2336,low_value,2025-09-20,58.72
2337,at_risk,2026-04-05,37.46
2337,at_risk,2026-02-06,69.34
2337,at_risk,2026-01-18,169.88
2337,at_risk,2025-12-26,42.73
2337,at_risk,2025-12-19,53.82
2337,at_risk,2025-12-12,66.8
2337,at_risk,2025-12-08,68.45
2337,at_risk,2025-12-06,104.43
2337,at_risk,2025-10-15,73.59
2337,at_risk,2025-09-29,88.05
2337,at_risk,2025-08-21,65.27
2337,at_risk,2025-07-31,78.37
2338,new,2026-05-17,76.0
2338,new,2026-03-20,20.62
2338,new,2025-12-30,83.79
2339,champion,2026-08-06,211.91
2339,champion,2026-05-21,191.82
2339,champion,2026-04-21,74.33
2339,champion,2026-04-21,204.19
2339,champion,2026-04-18,171.13
2339,champion,2026-03-19,161.62
2339,champion,2026-03-12,163.11
2339,champion,2026-02-02,211.56
2339,champion,2025-12-29,143.15
2339,champion,2025-12-28,224.53
2339,champion,2025-11-28,119.21
2339,champion,2025-10-14,191.83
2339,champion,2025-09-22,210.9
2339,champion,2025-09-19,209.92
2339,champion,2025-09-15,187.36
2339,champion,2025-07-26,171.73
2339,champion,2025-07-16,158.0
2339,champion,2025-06-23,131.1
2339,champion,2025-06-06,152.57
2339,champion,2025-05-28,141.54
2339,champion,2025-04-19,134.99
2339,champion,2025-04-14,252.15
2339,champion,2025-04-07,111.22
2339,champion,2025-03-26,225.02
2340,loyal,2026-08-12,111.8
2340,loyal,2026-07-27,89.43
2340,loyal,2026-05-10,85.86
2340,loyal,2026-04-25,94.01
2340,loyal,2026-04-16,135.55
2340,loyal,2026-04-03,127.13
2340,loyal,2026-03-29,148.72
2340,loyal,2026-02-28,88.49
2340,loyal,2026-02-20,127.69
2340,loyal,2026-02-19,119.17
2340,loyal,2026-01-08,123.03
2340,loyal,2025-11-12,84.09
2340,loyal,2025-09-22,78.84
2340,loyal,2025-06-02,126.17
2340,loyal,2025-04-27,136.19
2341,champion,2026-08-04,230.59
2341,champion,2026-07-22,217.6
2341,champion,2026-07-16,214.67
2341,champion,2026-07-08,153.62
2341,champion,2026-07-01,175.34
2341,champion,2026-05-22,208.91
2341,champion,2026-04-08,172.0
2341,champion,2026-03-13,152.03
2341,champion,2026-02-17,150.43
2341,champion,2026-01-29,152.38
2341,champion,2025-10-20,133.56
2341,champion,2025-09-07,294.81
2341,champion,2025-08-15,101.91
2341,champion,2025-08-14,140.77
2341,champion,2025-07-19,203.84
2341,champion,2025-07-01,152.74
2341,champion,2025-06-12,165.93
2341,champion,2025-05-28,195.81
2341,champion,2025-05-06,221.29
2341,champion,2025-04-14,169.06
2341,champion,2025-03-23,216.88
2342,low_value,2025-10-27,30.63
2342,low_value,2025-10-14,20.67
2342,low_value,2025-08-24,34.72
2342,low_value,2025-08-08,55.42
2343,loyal,2026-07-26,93.39
2343,loyal,2026-07-18,97.58
2343,loyal,2026-03-22,121.45
2343,loyal,2026-02-20,128.92
2343,loyal,2026-02-04,85.54
2343,loyal,2026-01-18,81.32
2343,loyal,2025-11-13,112.36
2343,loyal,2025-08-15,63.87
2343,loyal,2025-08-11,140.24
2343,loyal,2025-08-01,103.29
2343,loyal,2025-06-30,74.91
2343,loyal,2025-04-19,74.32
2344,low_value,2026-02-02,74.51
2344,low_value,2025-09-22,87.61
2344,low_value,2025-07-19,40.76
2345,champion,2026-07-09,219.96
2345,champion,2026-06-09,114.6
2345,champion,2026-05-06,168.18
2345,champion,2026-04-21,162.38
2345,champion,2026-04-18,158.85
2345,champion,2026-04-16,135.32
2345,champion,2026-04-08,150.9
2345,champion,2026-04-05,136.06
2345,champion,2026-02-12,213.0
2345,champion,2026-02-08,195.1
2345,champion,2025-12-22,192.32
2345,champion,2025-11-02,102.92
2345,champion,2025-10-20,257.95
2345,champion,2025-09-19,163.66
2345,champion,2025-09-14,249.79
2345,champion,2025-08-21,209.97
2345,champion,2025-08-11,170.73
2345,champion,2025-07-29,261.73
2345,champion,2025-07-15,202.7
2345,champion,2025-06-21,170.87
2345,champion,2025-06-16,164.36
2345,champion,2025-06-08,221.28
2345,champion,2025-06-01,158.54
2345,champion,2025-05-10,164.86
2345,champion,2025-05-08,156.12
2345,champion,2025-04-30,149.77
2345,champion,2025-04-23,152.22
2345,champion,2025-04-17,250.9
2345,champion,2025-04-04,220.3
2345,champion,2025-03-31,189.41
2345,champion,2025-03-30,158.1
2346,low_value,2026-01-05,27.29
2346,low_value,2025-10-23,47.05
2346,low_value,2025-05-06,23.48
2347,low_value,2026-01-09,40.62
2347,low_value,2025-06-16,10.0
2348,loyal,2026-08-08,65.91
2348,loyal,2026-07-11,107.24
2348,loyal,2026-02-10,97.35
2348,loyal,2026-02-08,138.8
2348,loyal,2025-09-30,91.26
2348,loyal,2025-07-27,97.29
2348,loyal,2025-07-04,89.74
2348,loyal,2025-07-02,110.81
2348,loyal,2025-07-01,169.66
2348,loyal,2025-04-26,10.0
2348,loyal,2025-03-29,108.57
2349,champion,2026-06-30,177.88
2349,champion,2026-06-16,192.22
2349,champion,2026-05-19,200.9
2349,champion,2026-05-09,161.53
2349,champion,2026-02-24,227.52
2349,champion,2026-02-14,138.76
2349,champion,2026-02-05,174.75
2349,champion,2025-12-21,210.7
2349,champion,2025-12-13,137.74
2349,champion,2025-12-07,214.85
2349,champion,2025-11-26,187.61
2349,champion,2025-10-26,233.01
2349,champion,2025-08-11,204.51
2349,champion,2025-07-28,173.49
2349,champion,2025-06-05,189.26
2349,champion,2025-05-29,190.7
2349,champion,2025-05-28,260.93
2349,champion,2025-05-26,183.39
2349,champion,2025-05-01,174.48
2349,champion,2025-04-02,172.18
2349,champion,2025-03-28,187.55
2350,champion,2026-08-17,182.11
2350,champion,2026-07-16,119.72
2350,champion,2026-07-03,136.35
2350,champion,2026-05-25,122.34
2350,champion,2026-03-30,144.02
2350,champion,2026-03-03,151.09
2350,champion,2026-02-09,138.62
2350,champion,2026-01-24,210.58
2350,champion,2026-01-11,253.6
2350,champion,2025-07-15,213.02
2350,champion,2025-06-27,157.38
2350,champion,2025-06-11,188.41
2350,champion,2025-04-04,177.34
2350,champion,2025-04-02,155.65
2351,low_value,2026-06-23,53.25
2351,low_value,2026-03-29,62.07
2351,low_value,2026-03-26,65.22
2351,low_value,2025-08-26,55.22
2351,low_value,2025-05-27,65.35
2352,loyal,2026-07-16,88.22
2352,loyal,2026-03-18,123.91
2352,loyal,2026-01-04,124.23
2352,loyal,2025-10-30,128.6
2352,loyal,2025-09-23,126.72
2352,loyal,2025-07-10,97.5
2352,loyal,2025-06-15,97.45
2352,loyal,2025-05-31,143.58
2352,loyal,2025-04-22,94.36
2353,new,2026-04-26,84.65
2353,new,2026-04-19,75.91
2353,new,2025-08-24,40.84
2354,at_risk,2026-04-08,80.68
2354,at_risk,2025-12-11,114.35
2354,at_risk,2025-10-27,80.21
2354,at_risk,2025-08-31,115.19
2354,at_risk,2025-04-08,46.92
2355,low_value,2026-04-14,60.13
2355,low_value,2025-08-14,29.02
2355,low_value,2025-08-10,49.82
2355,low_value,2025-06-24,18.8
2355,low_value,2025-03-20,47.98
2356,new,2026-07-31,27.6
2356,new,2026-07-21,71.14
2356,new,2026-06-23,86.79
2356,new,2026-06-10,132.97
2356,new,2026-05-07,68.97
2356,new,2026-02-22,38.0
2356,new,2025-12-18,69.29
2356,new,2025-09-09,87.57
2356,new,2025-08-21,95.75
2356,new,2025-06-15,93.33
2357,new,2026-07-06,40.38
2358,low_value,2026-01-06,68.12
2358,low_value,2026-01-01,13.69
2358,low_value,2025-08-10,38.65
2359,loyal,2026-07-25,128.82
2359,loyal,2026-07-21,125.67
2359,loyal,2026-04-14,122.89
2359,loyal,2026-04-13,101.48
2359,loyal,2026-02-02,91.79
2359,loyal,2026-01-30,79.47
2359,loyal,2025-11-09,156.29
2359,loyal,2025-11-07,109.38
2359,loyal,2025-10-09,60.18
2359,loyal,2025-09-07,109.12
2359,loyal,2025-06-09,47.47
2359,loyal,2025-04-26,117.44
2359,loyal,2025-03-27,114.29
2359,loyal,2025-03-13,93.74
2360,low_value,2026-01-13,26.81
2360,low_value,2025-11-11,36.25
2360,low_value,2025-08-23,69.32
2360,low_value,2025-07-17,70.9
2360,low_value,2025-05-21,48.32
2360,low_value,2025-05-17,58.0
2361,champion,2026-07-22,132.44
2361,champion,2026-07-01,90.66
2361,champion,2026-06-01,158.74
2361,champion,2026-05-29,172.24
2361,champion,2026-05-20,201.25
2361,champion,2026-04-05,173.48
2361,champion,2026-04-04,161.23
2361,champion,2026-02-16,62.1
2361,champion,2026-02-13,201.09
2361,champion,2026-02-05,188.44
2361,champion,2026-01-30,212.55
2361,champion,2025-11-27,181.09
2361,champion,2025-08-30,225.87
2361,champion,2025-06-26,157.98
2361,champion,2025-06-23,178.38
2361,champion,2025-06-23,189.62
2361,champion,2025-05-21,206.4
2361,champion,2025-04-15,196.66
2361,champion,2025-03-14,199.1
2362,new,2026-08-06,49.15
2362,new,2026-06-19,99.96
2362,new,2026-04-24,62.77
2362,new,2025-07-10,64.47
2362,new,2025-06-08,20.49
2362,new,2025-05-08,66.82
2363,low_value,2026-04-06,35.39
2364,low_value,2026-04-02,68.89
2364,low_value,2025-10-21,41.88
2364,low_value,2025-08-29,41.31
2364,low_value,2025-06-16,82.26
2365,low_value,2025-07-26,32.04
2365,low_value,2025-04-17,72.17
2366,loyal,2026-04-19,164.14
2366,loyal,2026-02-07,78.07
2366,loyal,2026-01-19,34.3
2366,loyal,2025-12-19,55.65
2366,loyal,2025-07-20,94.07
2366,loyal,2025-07-01,113.52
2366,loyal,2025-06-06,151.75
2366,loyal,2025-05-19,135.3
2366,loyal,2025-03-12,33.15
2366,loyal,2025-03-11,194.02
2367,at_risk,2026-02-20,49.92
2367,at_risk,2025-11-13,89.18
2367,at_risk,2025-10-05,46.41
2368,at_risk,2026-05-26,119.42
2368,at_risk,2026-04-24,73.38
2368,at_risk,2026-04-19,77.82
2368,at_risk,2026-02-01,91.79
2368,at_risk,2025-12-06,133.9
2368,at_risk,2025-10-25,99.09
2368,at_risk,2025-10-20,94.8
2368,at_risk,2025-10-11,89.43
2368,at_risk,2025-09-27,82.63
2368,at_risk,2025-06-12,54.26
2368,at_risk,2025-03-31,122.83
2369,new,2026-06-28,67.62
2369,new,2025-08-07,101.85
2369,new,2025-06-25,51.75
2369,new,2025-05-20,67.41
2369,new,2025-03-28,59.22
2370,new,2026-06-15,104.57
2370,new,2026-06-03,72.79
2370,new,2026-04-06,71.15
2370,new,2026-03-09,61.14
2370,new,2025-12-11,63.47
2370,new,2025-12-10,92.24
2370,new,2025-08-10,51.73
2371,at_risk,2026-06-07,107.65
2371,at_risk,2025-12-24,45.16
2371,at_risk,2025-08-02,71.69
2371,at_risk,2025-07-08,29.87
2371,at_risk,2025-05-31,144.07
2371,at_risk,2025-05-17,98.72
2371,at_risk,2025-05-15,105.86
2371,at_risk,2025-03-23,56.85
2371,at_risk,2025-03-15,135.65
2372,at_risk,2026-04-15,79.12
2372,at_risk,2025-11-27,10.0
2372,at_risk,2025-11-01,78.8
2372,at_risk,2025-09-11,75.61
2372,at_risk,2025-07-26,103.44
2372,at_risk,2025-05-06,124.33
2373,loyal,2026-07-17,113.73
2373,loyal,2026-06-25,102.04
2373,loyal,2026-03-30,157.93
2373,loyal,2026-03-03,101.14
2373,loyal,2026-01-10,73.1
2373,loyal,2026-01-08,70.21
2373,loyal,2025-12-01,107.6
2373,loyal,2025-11-16,60.73
2373,loyal,2025-09-19,74.83
2373,loyal,2025-08-28,98.56
2373,loyal,2025-08-05,143.96
2373,loyal,2025-05-04,148.75
2373,loyal,2025-03-25,129.79
2374,at_risk,2026-02-21,78.83
2374,at_risk,2025-10-04,89.48
2375,loyal,2026-08-03,94.2
2375,loyal,2026-06-06,107.78
2375,loyal,2026-03-29,90.0
2375,loyal,2026-03-24,147.3
2375,loyal,2026-01-25,115.61
2375,loyal,2026-01-23,61.46
2375,loyal,2025-12-21,70.11
2375,loyal,2025-12-18,146.14
2375,loyal,2025-10-30,104.6
2375,loyal,2025-10-27,98.31
2375,loyal,2025-09-05,143.86
2375,loyal,2025-09-01,105.45
2376,low_value,2026-04-18,37.36
2376,low_value,2025-06-25,40.47
2377,new,2026-07-25,109.57
2377,new,2026-06-15,80.15
2377,new,2026-04-29,113.02
2377,new,2026-01-12,88.55
2377,new,2025-11-28,104.21
2377,new,2025-10-24,99.08
2377,new,2025-10-15,53.01
2377,new,2025-09-15,57.28
2377,new,2025-08-08,59.29
2377,new,2025-04-13,45.84
2378,loyal,2026-07-04,89.44
2378,loyal,2026-05-22,149.96
2378,loyal,2026-05-16,138.23
2378,loyal,2026-01-27,96.03
2378,loyal,2025-12-07,152.54
2378,loyal,2025-07-13,144.46
2378,loyal,2025-07-11,124.69
2378,loyal,2025-06-15,80.19
2378,loyal,2025-05-24,134.0
2379,low_value,2025-05-05,46.48
2380,low_value,2025-11-06,59.52
2380,low_value,2025-09-14,55.12
2380,low_value,2025-04-26,38.95
2381,loyal,2026-06-22,122.69
2381,loyal,2026-05-29,138.51
2381,loyal,2026-05-12,104.68
2381,loyal,2026-05-07,117.4
2381,loyal,2026-04-14,133.59
2381,loyal,2025-12-27,106.17
2381,loyal,2025-12-09,127.62
2381,loyal,2025-06-14,76.14
2381,loyal,2025-04-18,60.31
2382,loyal,2026-07-24,31.75
2382,loyal,2026-07-21,135.18
2382,loyal,2026-06-22,106.44
2382,loyal,2026-05-15,81.64
2382,loyal,2025-12-29,164.98
2382,loyal,2025-12-18,86.33
2382,loyal,2025-08-13,94.53
2382,loyal,2025-05-20,81.15
2382,loyal,2025-04-17,143.11
2382,loyal,2025-04-12,153.01
2382,loyal,2025-04-11,150.02
2382,loyal,2025-04-01,149.73
2383,champion,2026-07-23,150.91
2383,champion,2026-07-06,121.19
2383,champion,2026-06-28,176.48
2383,champion,2026-06-08,158.51
2383,champion,2026-05-30,175.26
2383,champion,2026-05-11,97.18
2383,champion,2026-03-21,119.26
2383,champion,2026-02-27,200.4
2383,champion,2025-12-24,114.58
2383,champion,2025-11-11,172.4
2383,champion,2025-10-29,146.77
2383,champion,2025-09-12,144.23
2383,champion,2025-08-20,183.41
2383,champion,2025-08-06,181.14
2383,champion,2025-07-04,201.85
2383,champion,2025-06-22,135.92
2383,champion,2025-05-30,144.62
2383,champion,2025-04-29,224.93
2383,champion,2025-04-23,171.01
2384,champion,2026-08-14,158.31
2384,champion,2026-08-11,167.05
2384,champion,2026-07-20,228.77
2384,champion,2026-07-20,222.21
2384,champion,2026-07-14,194.63
2384,champion,2026-07-13,185.94
2384,champion,2026-07-01,272.54
2384,champion,2026-06-17,198.54
2384,champion,2026-06-04,187.22
2384,champion,2026-06-03,171.92
2384,champion,2026-05-29,194.27
2384,champion,2026-04-25,58.19
2384,champion,2026-04-04,221.11
2384,champion,2026-04-02,129.13
2384,champion,2026-03-22,151.28
2384,champion,2026-01-16,123.99
2384,champion,2026-01-03,150.54
2384,champion,2025-12-31,166.39
2384,champion,2025-11-23,215.57
2384,champion,2025-11-06,231.56
2384,champion,2025-10-08,257.64
2384,champion,2025-10-07,184.09
2384,champion,2025-10-05,171.24
2384,champion,2025-09-14,211.18
2384,champion,2025-09-13,145.83
2384,champion,2025-08-08,141.37
2384,champion,2025-07-23,165.31
2384,champion,2025-07-10,178.65
2384,champion,2025-06-28,97.33
2384,champion,2025-06-26,222.68
2384,champion,2025-05-23,189.6
2384,champion,2025-04-30,211.93
2385,low_value,2026-02-20,88.75
2385,low_value,2026-01-14,39.69
2385,low_value,2025-08-16,26.86
2385,low_value,2025-05-09,10.0
2386,low_value,2025-05-07,57.5
2387,champion,2026-07-28,102.89
2387,champion,2026-06-13,94.26
2387,champion,2026-06-10,105.72
2387,champion,2026-05-14,125.67
2387,champion,2026-05-11,149.79
2387,champion,2026-05-06,161.89
2387,champion,2026-03-28,177.38
2387,champion,2026-03-23,178.65
2387,champion,2026-02-07,178.06
2387,champion,2026-02-04,225.75
2387,champion,2026-01-30,112.93
2387,champion,2026-01-27,193.36
2387,champion,2026-01-12,193.16
2387,champion,2025-11-27,129.49
2387,champion,2025-11-02,201.35
2387,champion,2025-10-30,194.9
2387,champion,2025-09-24,178.27
2387,champion,2025-08-02,83.29
2387,champion,2025-07-20,218.55
2387,champion,2025-07-17,189.07
2387,champion,2025-05-27,196.14
2387,champion,2025-05-02,44.37
2387,champion,2025-04-08,158.74
2387,champion,2025-04-08,122.65
2387,champion,2025-03-22,231.74
2388,low_value,2025-12-26,49.43
2389,champion,2026-05-14,211.01
2389,champion,2026-04-22,156.96
2389,champion,2026-04-03,139.95
2389,champion,2026-03-18,193.55
2389,champion,2026-03-15,227.5
2389,champion,2026-01-05,191.64
2389,champion,2025-11-21,141.96
2389,champion,2025-10-26,122.53
2389,champion,2025-09-09,164.88
2389,champion,2025-08-27,192.63
2389,champion,2025-08-02,161.18
2389,champion,2025-06-21,220.31
2389,champion,2025-06-01,201.09
2389,champion,2025-05-25,189.49
2390,new,2026-05-05,43.26
2390,new,2026-03-15,45.89
2390,new,2025-09-19,66.44
2390,new,2025-09-08,99.86
2390,new,2025-09-01,48.96
2390,new,2025-07-13,25.55
2391,low_value,2026-02-09,40.19
2391,low_value,2025-10-21,40.43
2391,low_value,2025-08-08,36.89
2391,low_value,2025-05-13,58.92
2391,low_value,2025-03-11,34.49
2392,at_risk,2026-04-30,61.44
2392,at_risk,2026-04-14,154.16
2392,at_risk,2026-03-23,114.21
2392,at_risk,2026-03-19,61.48
2392,at_risk,2026-03-18,140.12
2392,at_risk,2026-01-26,86.6
2392,at_risk,2025-10-12,174.73
2392,at_risk,2025-09-05,104.17
2393,champion,2026-08-19,233.06
2393,champion,2026-08-19,181.58
2393,champion,2026-06-20,141.36
2393,champion,2026-05-07,220.04
2393,champion,2026-01-27,96.17
2393,champion,2026-01-23,209.65
2393,champion,2026-01-13,147.05
2393,champion,2026-01-09,230.25
2393,champion,2025-12-18,124.57
2393,champion,2025-12-09,153.51
2393,champion,2025-11-29,197.53
2393,champion,2025-11-04,204.06
2393,champion,2025-10-26,154.96
2393,champion,2025-09-03,166.72
2393,champion,2025-09-01,218.11
2393,champion,2025-07-03,220.27
2393,champion,2025-07-01,165.93
2393,champion,2025-06-30,155.71
2393,champion,2025-06-16,125.24
2393,champion,2025-05-27,190.15
2393,champion,2025-05-16,212.51
2394,new,2026-05-07,44.75
2394,new,2026-05-04,97.22
2394,new,2026-04-22,77.37
2394,new,2026-04-22,47.55
2394,new,2026-03-27,82.26
2394,new,2026-01-29,78.52
2394,new,2026-01-01,67.8
2394,new,2025-11-06,79.61
2394,new,2025-10-09,85.65
2394,new,2025-09-17,92.85
2394,new,2025-08-10,72.68
2394,new,2025-07-06,63.23
2394,new,2025-05-24,75.98
2395,low_value,2025-11-24,48.04
2395,low_value,2025-10-22,67.81
2395,low_value,2025-06-23,34.14
2396,loyal,2026-08-08,69.62
2396,loyal,2026-07-22,106.57
2396,loyal,2026-07-07,124.25
2396,loyal,2026-07-05,125.42
2396,loyal,2026-04-13,109.82
2396,loyal,2026-03-25,131.91
2396,loyal,2025-12-12,123.11
2396,loyal,2025-12-06,106.14
2396,loyal,2025-12-02,126.13
2396,loyal,2025-11-27,90.58
2396,loyal,2025-11-18,129.1
2396,loyal,2025-11-11,84.59
2396,loyal,2025-09-28,124.62
2396,loyal,2025-04-23,123.89
2396,loyal,2025-04-05,101.03
2397,loyal,2026-08-07,147.69
2397,loyal,2026-04-12,27.83
2397,loyal,2026-01-22,153.35
2397,loyal,2026-01-08,76.63
2397,loyal,2025-12-31,112.7
2397,loyal,2025-07-12,85.58
2397,loyal,2025-06-24,154.9
2397,loyal,2025-06-23,103.13
2397,loyal,2025-05-01,93.74
2397,loyal,2025-03-31,143.61
2398,loyal,2026-07-14,65.93
2398,loyal,2026-06-15,141.61
2398,loyal,2026-05-09,163.83
2398,loyal,2026-04-01,58.43
2398,loyal,2026-03-30,110.5
2398,loyal,2026-02-28,124.98
2398,loyal,2026-01-22,136.19
2398,loyal,2026-01-13,45.06
2398,loyal,2026-01-09,120.13
2398,loyal,2026-01-05,103.44
2398,loyal,2025-11-03,101.5
2398,loyal,2025-10-15,172.07
2398,loyal,2025-10-15,103.53
2398,loyal,2025-09-29,123.5
2398,loyal,2025-09-26,106.39
2398,loyal,2025-08-30,117.24
2398,loyal,2025-08-24,126.58
2398,loyal,2025-08-04,136.8
2398,loyal,2025-07-01,86.69
2398,loyal,2025-03-27,114.58
2399,new,2026-03-12,135.3
2399,new,2025-08-19,94.08
2400,new,2026-04-10,43.27
2400,new,2025-10-16,113.98
2400,new,2025-08-29,72.0
2400,new,2025-06-22,106.49
2400,new,2025-05-27,70.48
2401,low_value,2026-04-05,60.56
2401,low_value,2026-01-14,53.92
2401,low_value,2025-06-29,54.71
2402,low_value,2025-12-05,34.87
2402,low_value,2025-11-10,37.0
2402,low_value,2025-10-12,57.28
2402,low_value,2025-05-23,48.31
2402,low_value,2025-04-25,68.72
2402,low_value,2025-03-25,41.85
2403,low_value,2026-04-01,48.66
2403,low_value,2025-10-03,24.91
2403,low_value,2025-07-16,75.7
2404,low_value,2025-11-07,36.92
2405,loyal,2026-07-30,151.75
2405,loyal,2026-07-01,120.27
2405,loyal,2026-03-23,87.61
2405,loyal,2026-03-22,119.18
2405,loyal,2026-03-15,68.46
2405,loyal,2026-02-25,80.79
2405,loyal,2026-02-09,102.24
2405,loyal,2025-11-12,111.85
2405,loyal,2025-10-31,73.94
2405,loyal,2025-10-31,117.49
2405,loyal,2025-10-19,125.65
2405,loyal,2025-10-02,103.56
2405,loyal,2025-05-28,45.25
2405,loyal,2025-05-04,113.13
2405,loyal,2025-03-23,164.45
2406,new,2026-04-18,58.47
2406,new,2026-04-16,79.29
2406,new,2025-12-27,21.36
2406,new,2025-08-26,60.18
2407,loyal,2026-01-26,84.84
2407,loyal,2025-12-09,97.22
2407,loyal,2025-09-21,134.2
2407,loyal,2025-09-15,135.0
2407,loyal,2025-08-04,142.91
2407,loyal,2025-06-04,140.44
2407,loyal,2025-05-14,64.03
2407,loyal,2025-03-19,95.62
2408,at_risk,2026-01-28,93.29
2408,at_risk,2025-11-16,114.86
2408,at_risk,2025-08-01,85.02
2408,at_risk,2025-07-12,153.65
2408,at_risk,2025-07-12,138.05
2409,low_value,2026-04-10,51.31
2409,low_value,2025-10-18,39.9
2409,low_value,2025-07-17,18.16
2409,low_value,2025-04-13,47.74
2410,low_value,2026-06-01,62.83
2410,low_value,2026-05-22,65.76
2410,low_value,2026-04-08,36.66
2410,low_value,2026-02-16,82.7
2410,low_value,2026-01-05,59.9
2410,low_value,2025-09-16,36.37
2410,low_value,2025-09-14,57.28
2410,low_value,2025-09-13,65.77
2410,low_value,2025-06-06,56.79
2410,low_value,2025-05-26,49.04
2410,low_value,2025-03-19,10.0
2411,low_value,2026-04-06,10.0
2411,low_value,2026-03-30,30.26
2411,low_value,2025-11-13,58.7
2412,at_risk,2026-08-18,95.02
2412,at_risk,2026-08-16,68.97
2412,at_risk,2026-05-23,65.94
2412,at_risk,2026-01-23,80.66
2412,at_risk,2026-01-10,55.16
2412,at_risk,2026-01-07,77.49
2412,at_risk,2025-04-05,88.16
2413,new,2026-03-19,69.92
2413,new,2026-01-15,117.52
2413,new,2025-07-31,69.13
2413,new,2025-05-05,105.34
2413,new,2025-05-02,100.53
2413,new,2025-04-14,98.77
2413,new,2025-03-18,78.03
2414,new,2026-05-28,93.85
2414,new,2026-02-11,39.47
2414,new,2025-07-23,59.2
2414,new,2025-03-31,78.35
2415,loyal,2026-06-14,76.89
2415,loyal,2026-05-30,116.9
2415,loyal,2026-04-15,180.41
2415,loyal,2026-04-07,150.14
2415,loyal,2026-04-05,109.82
2415,loyal,2026-02-28,156.87
2415,loyal,2026-01-29,145.06
2415,loyal,2025-11-29,53.02
2415,loyal,2025-07-31,141.85
2415,loyal,2025-04-19,113.56
2415,loyal,2025-04-06,84.0
2415,loyal,2025-03-14,112.74
2416,loyal,2026-06-24,145.41
2416,loyal,2026-06-19,134.11
2416,loyal,2026-05-09,80.99
2416,loyal,2026-03-08,71.92
2416,loyal,2026-02-24,106.92
2416,loyal,2026-02-21,70.3
2416,loyal,2025-12-24,102.74
2416,loyal,2025-11-29,112.12
2416,loyal,2025-10-21,119.13
2416,loyal,2025-08-23,120.2
2416,loyal,2025-05-06,86.58
2416,loyal,2025-03-28,112.12
2417,new,2026-08-14,85.33
2417,new,2026-02-25,34.65
2417,new,2026-01-23,85.05
2417,new,2025-06-05,72.49
2417,new,2025-05-25,104.53
2417,new,2025-04-30,59.67
2417,new,2025-03-24,74.44
2418,champion,2026-08-02,182.06
2418,champion,2026-07-26,182.56
2418,champion,2026-07-15,216.02
2418,champion,2026-07-11,166.27
2418,champion,2026-06-11,140.88
2418,champion,2026-06-11,141.01
2418,champion,2026-05-19,237.7
2418,champion,2026-05-12,191.57
2418,champion,2026-04-03,235.66
2418,champion,2026-04-02,241.45
2418,champion,2026-02-04,150.26
2418,champion,2026-01-23,147.2
2418,champion,2026-01-13,174.89
2418,champion,2026-01-10,204.58
2418,champion,2025-12-20,123.94
2418,champion,2025-12-12,198.2
2418,champion,2025-12-04,196.17
2418,champion,2025-11-23,134.98
2418,champion,2025-11-06,136.39
2418,champion,2025-09-16,197.78
2418,champion,2025-09-09,262.92
2418,champion,2025-06-25,168.21
2418,champion,2025-05-14,193.19
2418,champion,2025-05-03,155.8
2418,champion,2025-03-26,189.46
2418,champion,2025-03-12,154.98
2419,low_value,2026-04-13,57.86
2419,low_value,2025-06-06,67.59
2420,loyal,2026-06-12,148.01
2420,loyal,2026-05-31,86.35
2420,loyal,2026-05-05,82.38
2420,loyal,2026-04-29,112.32
2420,loyal,2026-03-26,122.45
2420,loyal,2026-01-04,112.15
2420,loyal,2026-01-01,120.41
2420,loyal,2025-12-12,157.55
2420,loyal,2025-10-20,103.45
2420,loyal,2025-09-27,134.21
2420,loyal,2025-08-11,125.54
2420,loyal,2025-06-26,112.86
2420,loyal,2025-06-16,132.83
2420,loyal,2025-06-09,86.96
2420,loyal,2025-06-07,80.93
2421,loyal,2026-08-06,103.68
2421,loyal,2026-07-17,102.39
2421,loyal,2026-07-14,135.98
2421,loyal,2026-03-11,118.79
2421,loyal,2025-12-31,108.0
2421,loyal,2025-12-22,97.88
2421,loyal,2025-05-31,98.16
2421,loyal,2025-05-26,180.73
2422,low_value,2026-03-28,24.06
2422,low_value,2025-09-11,35.18
2422,low_value,2025-08-24,46.92
2422,low_value,2025-03-28,23.55
2423,loyal,2026-07-08,109.7
2423,loyal,2026-02-01,57.36
2423,loyal,2025-10-10,132.41
2423,loyal,2025-08-27,142.22
2423,loyal,2025-07-13,165.27
2423,loyal,2025-06-16,52.98
2423,loyal,2025-06-10,15.25
2423,loyal,2025-05-21,129.17
2424,low_value,2026-02-04,56.33
2424,low_value,2025-07-08,48.5
2424,low_value,2025-07-02,48.65
2425,low_value,2026-01-06,39.13
2425,low_value,2025-08-03,63.29
2425,low_value,2025-07-16,75.54
2425,low_value,2025-07-09,71.47
2426,champion,2026-06-29,114.58
2426,champion,2026-06-01,194.47
2426,champion,2026-04-26,128.22
2426,champion,2026-03-24,168.15
2426,champion,2026-03-19,104.6
2426,champion,2026-02-27,117.03
2426,champion,2026-02-12,145.81
2426,champion,2026-02-07,158.17
2426,champion,2026-02-06,181.55
2426,champion,2026-01-31,138.55
2426,champion,2025-12-15,185.97
2426,champion,2025-11-22,225.43
2426,champion,2025-11-15,190.96
2426,champion,2025-10-27,177.31
2426,champion,2025-10-22,193.67
2426,champion,2025-10-06,122.6
2426,champion,2025-10-04,218.08
2426,champion,2025-09-12,132.09
2426,champion,2025-08-05,242.07
2426,champion,2025-07-30,210.83
2426,champion,2025-07-23,202.26
2426,champion,2025-05-24,204.0
2426,champion,2025-05-16,179.92
2426,champion,2025-05-10,148.54
2426,champion,2025-04-14,142.33
2426,champion,2025-04-01,250.06
2427,low_value,2026-03-30,29.35
2427,low_value,2026-02-27,54.6
2427,low_value,2025-12-21,32.31
2427,low_value,2025-06-08,19.55
2427,low_value,2025-04-29,67.51
2427,low_value,2025-04-24,24.4
2428,new,2026-05-29,89.76
2428,new,2026-02-24,53.83
2428,new,2025-07-07,96.88
2428,new,2025-06-17,79.4
2428,new,2025-05-25,88.85
2429,low_value,2026-02-05,40.16
2429,low_value,2025-12-23,44.86
2429,low_value,2025-09-05,32.43
2429,low_value,2025-03-16,58.33
2430,low_value,2026-04-07,16.09
2430,low_value,2025-09-18,46.87
2430,low_value,2025-05-16,51.26
2431,low_value,2026-04-20,78.68
2431,low_value,2026-01-14,37.5
2432,new,2026-06-18,74.89
2432,new,2026-04-21,65.42
2432,new,2026-02-13,48.44
2432,new,2025-12-02,63.87
2432,new,2025-11-28,114.13
2433,at_risk,2026-07-19,99.1
2433,at_risk,2026-06-08,62.69
2433,at_risk,2026-05-18,72.5
2433,at_risk,2026-02-20,80.14
2433,at_risk,2026-01-05,58.15
2433,at_risk,2025-10-10,52.11
2433,at_risk,2025-05-16,95.0
2433,at_risk,2025-05-05,28.29
2434,low_value,2026-04-07,59.02
2434,low_value,2026-03-14,16.72
2434,low_value,2026-02-25,46.93
2434,low_value,2026-02-21,34.8
2434,low_value,2025-11-26,27.77
2434,low_value,2025-09-10,32.47
2434,low_value,2025-09-06,43.88
2435,low_value,2026-02-12,46.11
2435,low_value,2025-11-07,38.51
2436,new,2026-06-16,86.43
2436,new,2026-05-12,58.1
2436,new,2026-04-22,78.02
2436,new,2026-03-26,122.08
2436,new,2026-01-20,49.06
2436,new,2025-12-23,44.99
2436,new,2025-08-07,71.96
2436,new,2025-07-30,108.13
2436,new,2025-04-07,74.48
2436,new,2025-03-12,71.12
2437,low_value,2026-01-24,25.37
2437,low_value,2025-12-11,23.41
2437,low_value,2025-05-30,35.76
2437,low_value,2025-05-10,51.89
2437,low_value,2025-04-04,65.74
2438,at_risk,2026-04-20,67.76
2438,at_risk,2026-03-24,115.74
2438,at_risk,2026-02-14,93.2
2438,at_risk,2026-02-14,87.83
2438,at_risk,2026-02-13,120.8
2438,at_risk,2025-10-03,161.64
2438,at_risk,2025-09-23,104.65
2438,at_risk,2025-07-17,31.79
2438,at_risk,2025-03-16,40.46
2439,low_value,2026-02-06,47.69
2440,low_value,2026-02-09,53.96
2440,low_value,2025-10-17,39.35
2440,low_value,2025-10-13,48.21
2440,low_value,2025-07-09,51.48
2441,loyal,2026-08-28,103.9
2441,loyal,2026-07-03,57.52
2441,loyal,2026-06-08,143.69
2441,loyal,2026-05-24,134.46
2441,loyal,2026-04-07,144.4
2441,loyal,2026-04-02,150.32
2441,loyal,2025-12-06,115.72
2441,loyal,2025-10-07,117.82
2441,loyal,2025-09-16,140.2
2441,loyal,2025-08-05,73.55
2441,loyal,2025-07-20,99.43
2441,loyal,2025-06-10,108.22
2441,loyal,2025-05-15,137.66
2441,loyal,2025-05-13,93.84
2441,loyal,2025-05-13,88.64
2442,loyal,2026-08-10,95.88
2442,loyal,2026-04-18,133.63
2442,loyal,2026-01-09,121.07
2442,loyal,2026-01-01,120.05
2442,loyal,2025-12-15,121.11
2442,loyal,2025-12-06,157.92
2442,loyal,2025-10-22,79.27
2442,loyal,2025-10-10,97.37
2442,loyal,2025-08-14,99.91
2442,loyal,2025-07-14,147.73
2442,loyal,2025-07-13,98.79
2442,loyal,2025-07-12,86.23
2442,loyal,2025-05-14,106.83
2442,loyal,2025-04-21,113.14
2442,loyal,2025-04-02,145.89
2443,new,2026-05-15,70.4
2443,new,2026-03-30,61.19
2443,new,2026-01-03,80.61
2443,new,2025-09-04,72.09
2443,new,2025-07-17,123.32
2443,new,2025-05-13,96.26
2443,new,2025-05-02,53.14
2443,new,2025-04-02,40.76
2444,new,2026-07-21,80.07
2444,new,2026-03-28,56.39
2444,new,2026-02-19,47.85
2444,new,2025-08-14,33.32
2444,new,2025-08-05,31.49
2444,new,2025-04-01,96.19
2445,new,2026-06-04,115.0
2445,new,2025-12-27,49.31
2445,new,2025-11-17,23.73
2445,new,2025-10-08,92.6
2445,new,2025-07-15,76.22
2445,new,2025-04-16,77.62
2445,new,2025-03-16,66.06
2446,champion,2026-07-27,291.41
2446,champion,2026-07-23,183.95
2446,champion,2026-06-09,154.81
2446,champion,2026-05-28,169.6
2446,champion,2026-05-12,164.86
2446,champion,2026-05-11,213.65
2446,champion,2026-05-02,163.76
2446,champion,2026-04-14,153.93
2446,champion,2026-04-06,120.91
2446,champion,2026-03-28,156.23
2446,champion,2026-03-20,175.27
2446,champion,2026-02-06,134.78
2446,champion,2025-12-03,110.21
2446,champion,2025-10-12,219.2
2446,champion,2025-10-06,139.98
2446,champion,2025-09-15,127.63
2446,champion,2025-09-07,242.78
2446,champion,2025-08-03,213.95
2446,champion,2025-07-26,221.02
2446,champion,2025-06-27,200.21
2446,champion,2025-06-14,232.45
2446,champion,2025-06-12,215.34
2446,champion,2025-06-05,166.22
2446,champion,2025-05-27,137.4
2446,champion,2025-05-20,128.67
2447,at_risk,2026-08-11,99.94
2447,at_risk,2026-01-27,119.54
2447,at_risk,2026-01-18,75.82
2447,at_risk,2026-01-12,139.13
2447,at_risk,2025-11-06,79.42
2447,at_risk,2025-10-07,111.95
2447,at_risk,2025-06-09,88.35
2448,new,2026-02-27,50.58
2448,new,2025-09-09,51.33
2448,new,2025-08-03,10.0
2448,new,2025-07-20,104.62
2449,new,2026-06-27,93.64
2449,new,2026-05-03,45.24
2449,new,2026-04-25,90.18
2449,new,2026-02-05,66.31
2449,new,2025-12-26,63.48
2449,new,2025-12-22,79.77
2449,new,2025-06-06,78.99
2450,low_value,2026-03-15,41.42
2450,low_value,2025-07-12,42.76
2451,low_value,2025-12-24,10.0
2451,low_value,2025-11-05,40.66
2451,low_value,2025-08-31,26.21
2452,new,2026-03-26,43.69
2452,new,2026-02-02,79.24
2452,new,2026-01-28,32.94
2452,new,2025-09-28,66.59
2452,new,2025-07-16,65.61
2452,new,2025-07-07,88.49
2452,new,2025-06-17,94.7
2452,new,2025-05-30,70.51
2452,new,2025-03-20,64.4
2453,low_value,2025-12-25,45.43
2453,low_value,2025-12-16,54.94
2453,low_value,2025-05-07,66.85
2454,new,2026-08-24,78.09
2454,new,2026-01-26,48.14
2454,new,2025-07-20,62.53
2455,new,2026-06-19,62.11
2455,new,2026-05-23,92.95
2455,new,2025-12-14,54.91
2455,new,2025-10-17,72.18
2455,new,2025-09-18,20.09
2455,new,2025-07-17,62.3
2456,new,2026-08-18,55.13
2456,new,2026-03-10,81.71
2456,new,2026-03-05,28.46
2456,new,2026-02-06,50.95
2456,new,2025-09-30,61.76
2456,new,2025-04-19,72.75
2457,loyal,2026-08-15,139.47
2457,loyal,2026-06-23,134.43
2457,loyal,2026-05-30,96.31
2457,loyal,2026-05-25,137.47
2457,loyal,2026-05-24,77.22
2457,loyal,2026-02-23,84.73
2457,loyal,2025-12-17,126.49
2457,loyal,2025-12-03,103.71
2457,loyal,2025-11-19,91.25
2457,loyal,2025-10-21,106.59
2457,loyal,2025-04-11,149.56
2457,loyal,2025-03-12,148.4
2458,loyal,2026-08-04,126.54
2458,loyal,2026-03-02,101.79
2458,loyal,2026-02-08,139.98
2458,loyal,2026-01-18,149.53
2458,loyal,2026-01-03,161.08
2458,loyal,2025-12-09,111.75
2458,loyal,2025-12-04,136.41
2458,loyal,2025-12-03,94.49
2458,loyal,2025-11-13,116.52
2458,loyal,2025-09-19,108.4
2458,loyal,2025-08-28,106.8
2458,loyal,2025-07-02,164.72
2458,loyal,2025-06-22,69.74
2459,new,2026-06-22,86.08
2460,low_value,2025-04-17,10.0
2461,low_value,2026-05-08,66.49
2461,low_value,2026-01-22,33.96
2461,low_value,2025-08-01,56.9
2461,low_value,2025-07-25,22.18
2462,loyal,2026-07-13,109.32
2462,loyal,2026-06-23,118.91
2462,loyal,2026-05-03,98.81
2462,loyal,2026-04-25,126.41
2462,loyal,2026-04-18,124.72
2462,loyal,2026-01-15,76.56
2462,loyal,2026-01-10,95.31
2462,loyal,2025-12-23,96.38
2462,loyal,2025-08-16,102.33
2462,loyal,2025-08-03,118.1
2462,loyal,2025-05-17,115.41
2462,loyal,2025-05-10,88.41
2463,new,2026-05-25,59.04
2463,new,2026-02-09,88.55
2463,new,2026-01-09,69.07
2463,new,2025-10-23,68.37
2463,new,2025-08-29,86.84
2463,new,2025-05-11,108.58
2463,new,2025-05-07,77.62
2464,loyal,2026-07-07,110.06
2464,loyal,2026-05-07,144.49
2464,loyal,2026-04-27,123.26
2464,loyal,2026-03-29,123.16
2464,loyal,2026-03-26,99.14
2464,loyal,2026-03-21,99.29
2464,loyal,2026-01-18,124.9
2464,loyal,2025-08-24,83.95
2464,loyal,2025-08-16,92.73
2464,loyal,2025-07-30,110.46
2465,low_value,2026-08-10,26.23
2465,low_value,2026-03-20,60.43
2465,low_value,2026-03-06,51.43
2465,low_value,2025-08-09,55.38
2465,low_value,2025-05-25,30.67
2466,low_value,2026-06-01,72.9
2466,low_value,2026-04-06,51.65
2466,low_value,2026-02-14,52.9
2466,low_value,2025-12-20,53.06
2466,low_value,2025-06-22,34.76
2467,new,2026-07-06,61.83
2467,new,2026-03-28,78.84
2467,new,2026-01-30,58.54
2467,new,2025-11-14,58.12
2467,new,2025-09-27,55.2
2467,new,2025-07-22,112.06
2468,new,2026-08-25,56.74
2468,new,2026-08-03,42.62
2468,new,2026-01-28,72.03
2468,new,2026-01-11,50.16
2468,new,2025-12-22,47.41
2468,new,2025-12-20,77.31
2468,new,2025-11-03,71.1
2468,new,2025-08-15,100.23
2468,new,2025-07-30,99.12
2468,new,2025-07-22,71.53
2468,new,2025-07-14,82.49
2469,at_risk,2026-04-16,117.55
2469,at_risk,2026-02-04,78.78
2469,at_risk,2025-12-21,132.96
2469,at_risk,2025-12-10,113.86
2469,at_risk,2025-10-08,138.42
2469,at_risk,2025-09-11,131.36
2470,at_risk,2026-07-10,90.9
2470,at_risk,2026-06-17,82.1
2470,at_risk,2025-12-31,141.06
2470,at_risk,2025-07-14,91.78
2470,at_risk,2025-05-09,86.13
2470,at_risk,2025-04-22,77.88
2470,at_risk,2025-03-19,105.0
2471,low_value,2025-12-31,37.63
2471,low_value,2025-10-06,27.97
2471,low_value,2025-09-28,48.94
2471,low_value,2025-09-02,18.93
2472,low_value,2026-07-10,70.37
2472,low_value,2026-04-27,18.78
2472,low_value,2026-02-26,32.89
2472,low_value,2025-03-30,35.34
2473,new,2026-06-25,77.41
2473,new,2026-06-19,95.69
2473,new,2026-04-29,79.27
2473,new,2026-04-14,59.9
2473,new,2026-01-27,56.85
2473,new,2025-12-24,80.94
2473,new,2025-07-28,31.75
2473,new,2025-05-31,10.0
2473,new,2025-05-29,79.76
2473,new,2025-04-18,75.86
2473,new,2025-04-10,109.23
2473,new,2025-03-14,87.41
2474,at_risk,2026-02-20,85.9
2474,at_risk,2026-01-22,63.16
2474,at_risk,2026-01-20,85.77
2474,at_risk,2026-01-04,131.08
2474,at_risk,2025-11-30,124.44
2474,at_risk,2025-11-10,114.55
2474,at_risk,2025-10-23,128.57
2474,at_risk,2025-07-17,82.21
2474,at_risk,2025-06-02,53.93
2475,champion,2026-08-17,163.07
2475,champion,2026-07-28,150.18
2475,champion,2026-07-23,144.47
2475,champion,2026-07-09,181.84
2475,champion,2026-06-18,219.35
2475,champion,2026-05-01,184.77
2475,champion,2026-04-14,145.61
2475,champion,2026-02-09,172.15
2475,champion,2026-02-08,138.46
2475,champion,2026-01-17,219.32
2475,champion,2025-12-25,238.85
2475,champion,2025-12-11,116.19
2475,champion,2025-12-08,189.16
2475,champion,2025-08-19,148.87
2475,champion,2025-08-13,182.52
2475,champion,2025-08-09,176.58
2475,champion,2025-07-11,126.36
2475,champion,2025-06-20,228.35
2475,champion,2025-06-05,173.93
2475,champion,2025-06-01,161.2
2475,champion,2025-05-15,184.65
2475,champion,2025-04-04,145.18
2476,loyal,2026-08-15,161.36
2476,loyal,2026-07-17,122.85
2476,loyal,2026-07-08,80.48
2476,loyal,2026-04-18,129.99
2476,loyal,2026-04-17,152.02
2476,loyal,2026-03-13,76.39
2476,loyal,2026-02-07,78.06
2476,loyal,2025-11-05,67.37
2476,loyal,2025-08-09,93.07
2476,loyal,2025-08-04,121.2
2476,loyal,2025-08-03,154.5
2476,loyal,2025-06-20,136.75
2476,loyal,2025-04-14,121.57
2476,loyal,2025-04-06,111.37
2477,loyal,2026-07-10,105.7
2477,loyal,2026-06-26,115.69
2477,loyal,2026-06-08,103.49
2477,loyal,2026-05-22,93.51
2477,loyal,2026-05-20,125.65
2477,loyal,2026-05-06,125.38
2477,loyal,2026-01-26,137.68
2477,loyal,2026-01-13,109.9
2477,loyal,2026-01-08,74.01
2477,loyal,2025-12-30,143.23
2477,loyal,2025-10-18,87.96
2477,loyal,2025-09-26,87.45
2477,loyal,2025-09-21,94.04
2477,loyal,2025-09-14,57.69
2477,loyal,2025-08-19,103.47
2477,loyal,2025-08-06,128.58
2477,loyal,2025-07-15,96.99
2477,loyal,2025-06-02,150.15
2477,loyal,2025-05-02,148.29
2477,loyal,2025-04-10,136.68
2478,at_risk,2026-01-23,36.6
2478,at_risk,2025-12-10,37.08
2478,at_risk,2025-10-20,115.02
2478,at_risk,2025-10-07,45.17
2478,at_risk,2025-10-04,38.66
2478,at_risk,2025-06-24,10.0
2478,at_risk,2025-05-19,105.25
2479,low_value,2026-03-20,29.0
2479,low_value,2026-02-13,23.1
2479,low_value,2025-12-20,75.28
2479,low_value,2025-08-07,37.08
2479,low_value,2025-04-03,10.0
2480,new,2026-05-01,74.69
2480,new,2025-11-04,51.04
2480,new,2025-06-23,39.78
2480,new,2025-04-01,39.88
2480,new,2025-03-31,90.53
2481,loyal,2026-08-01,136.07
2481,loyal,2026-07-13,106.87
2481,loyal,2026-07-11,132.13
2481,loyal,2026-04-11,116.8
2481,loyal,2026-02-28,150.59
2481,loyal,2026-02-09,125.92
2481,loyal,2025-12-18,155.92
2481,loyal,2025-12-12,84.27
2481,loyal,2025-11-18,103.9
2481,loyal,2025-10-28,109.95
2481,loyal,2025-07-05,84.38
2481,loyal,2025-06-02,79.79
2481,loyal,2025-05-14,121.46
2481,loyal,2025-03-29,129.96
2481,loyal,2025-03-20,113.38
2482,loyal,2026-02-20,121.17
2482,loyal,2026-01-29,153.08
2482,loyal,2026-01-17,79.95
2482,loyal,2025-11-27,72.91
2482,loyal,2025-10-01,65.77
2482,loyal,2025-09-02,128.73
2482,loyal,2025-08-03,88.24
2482,loyal,2025-04-20,124.34
2482,loyal,2025-03-28,103.52
2482,loyal,2025-03-13,164.03
2483,at_risk,2025-11-29,70.94
2483,at_risk,2025-10-14,155.63
2483,at_risk,2025-07-09,84.67
2483,at_risk,2025-06-19,202.82
2483,at_risk,2025-06-12,100.31
2483,at_risk,2025-06-09,65.22
2484,low_value,2025-11-04,51.75
2484,low_value,2025-07-28,69.53
2484,low_value,2025-07-15,61.08
2485,at_risk,2026-07-22,89.56
2485,at_risk,2026-06-08,51.23
2485,at_risk,2026-05-24,113.1
2485,at_risk,2026-02-27,106.72
2485,at_risk,2026-01-16,95.53
2485,at_risk,2025-09-28,141.29
2485,at_risk,2025-08-12,103.43
2485,at_risk,2025-07-22,101.77
2485,at_risk,2025-03-26,106.26
2486,low_value,2026-07-09,32.81
2486,low_value,2026-06-02,20.99
2486,low_value,2026-02-28,52.33
2486,low_value,2025-07-24,10.0
2486,low_value,2025-04-03,25.91
2487,low_value,2025-11-09,34.35
2487,low_value,2025-10-22,55.93
2488,loyal,2026-07-20,108.14
2488,loyal,2026-06-26,180.25
2488,loyal,2026-06-17,95.08
2488,loyal,2026-06-05,151.61
2488,loyal,2026-05-27,149.42
2488,loyal,2026-05-06,134.11
2488,loyal,2026-03-31,84.58
2488,loyal,2026-01-21,114.12
2488,loyal,2025-12-11,98.29
2488,loyal,2025-09-04,170.43
2488,loyal,2025-08-06,122.32
2489,new,2026-06-30,97.57
2489,new,2026-06-21,84.28
2489,new,2025-11-15,10.0
2489,new,2025-10-16,49.56
2489,new,2025-08-03,74.22
2489,new,2025-06-21,76.99
2489,new,2025-05-19,87.68
2489,new,2025-04-21,108.72
2489,new,2025-03-28,84.67
2490,low_value,2026-04-26,37.94
2490,low_value,2025-08-08,56.86
2490,low_value,2025-08-04,53.57
2490,low_value,2025-06-04,46.08
2491,at_risk,2025-12-25,122.32
2491,at_risk,2025-12-11,73.03
2491,at_risk,2025-10-02,118.58
2491,at_risk,2025-06-22,105.03
2491,at_risk,2025-06-11,87.12
2491,at_risk,2025-05-07,76.24
2492,champion,2026-07-24,106.51
2492,champion,2026-06-01,211.98
2492,champion,2026-04-09,195.89
2492,champion,2026-04-06,186.0
2492,champion,2026-03-17,133.02
2492,champion,2025-12-13,146.71
2492,champion,2025-11-30,151.38
2492,champion,2025-11-29,156.65
2492,champion,2025-11-28,160.4
2492,champion,2025-10-26,132.73
2492,champion,2025-08-13,266.07
2492,champion,2025-08-09,240.08
2492,champion,2025-07-24,191.09
2492,champion,2025-07-03,178.65
2492,champion,2025-06-20,253.06
2492,champion,2025-06-19,244.95
2492,champion,2025-05-14,150.4
2492,champion,2025-05-08,189.91
2492,champion,2025-04-24,172.7
2493,low_value,2025-11-26,49.21
2494,low_value,2026-05-23,23.5
2494,low_value,2025-11-26,49.74
2495,new,2026-01-30,84.16
2495,new,2025-08-26,94.13
2495,new,2025-07-08,60.3
2496,new,2026-08-09,85.49
2496,new,2026-06-03,65.61
2496,new,2026-03-12,56.46
2496,new,2026-01-02,117.66
2496,new,2025-12-31,62.3
2496,new,2025-09-25,29.58
2497,loyal,2026-08-16,148.12
2497,loyal,2026-08-11,100.07
2497,loyal,2026-08-04,78.1
2497,loyal,2026-02-18,132.97
2497,loyal,2026-01-29,118.98
2497,loyal,2025-11-12,133.86
2497,loyal,2025-08-11,91.5
2497,loyal,2025-06-01,124.41
2497,loyal,2025-05-17,62.17
2497,loyal,2025-04-03,95.61
2497,loyal,2025-04-01,88.86
2498,low_value,2026-02-16,30.1
2498,low_value,2025-10-08,61.78
2498,low_value,2025-06-27,76.31
2499,new,2026-08-21,47.8
2499,new,2026-04-20,62.06
2499,new,2026-03-08,31.86
2499,new,2025-12-17,47.96
2499,new,2025-09-19,96.54
2499,new,2025-08-17,48.89
2499,new,2025-05-14,89.52
